Date,Open,High,Low,Close,Volume,Avg,MA7,MA20,MA50
22/10/2015,28.14,28.46,27.83,28.2,151738940,0.989,,,
11/01/2016,30.62,30.99,29.93,30.89,97482700,0.983,,,
05/05/2016,33.67,33.82,32.8,32.95,97543580,0.997,,,
16/06/2016,35.6,35.9,35.27,35.88,61896740,0.999,,,
11/08/2016,38.5,38.69,38.46,38.56,40344780,0.926,,,
13/04/2017,44.57,44.75,44.22,44.23,63380500,0.998,,,
12/05/2017,48.01,48.24,47.92,48.07,50183880,0.994,0.984,,
28/08/2017,47.33,47.65,47.11,47.3,51529120,1,0.985,,
05/10/2017,48.5,49.08,48.48,49.04,64401600,0.997,0.987,,
27/11/2017,60.13,60.67,59.56,59.79,134367700,0.996,0.987,,
28/11/2017,60.24,60.27,59.43,59.68,90961280,0.999,0.987,,
01/02/2018,70.13,72.95,66.04,69.5,228450400,0.996,0.997,,
14/03/2018,80.05,80.46,79.3,79.55,66024800,0.983,0.995,,
16/03/2018,79.17,79.47,78.38,78.58,105836960,0.991,0.995,,
04/04/2018,67.91,70.77,67.64,70.53,138849700,0.999,0.994,,
16/04/2018,72.25,72.35,71.37,72.08,55476720,0.997,0.994,,
12/07/2018,88.23,89.9,88.11,89.83,90225480,0.973,0.991,,
30/07/2018,91.37,91.48,88.3,88.96,130854240,0.998,0.991,,
31/07/2018,89.32,90.09,86.97,88.87,114328980,0.997,0.991,,
15/08/2018,95.48,95.81,93.49,94.13,153162160,0.994,0.993,0.9903,
27/08/2018,95.75,100.99,95.61,96.38,70929920,0.999,0.994,0.9908,
30/10/2018,74.31,77.05,73.82,76.52,247902600,0.996,0.993,0.99145,
13/11/2018,82.46,83.85,80.69,81.56,118029980,0.98,0.991,0.9906,
07/12/2018,85.25,85.95,81.27,81.46,150178780,0.997,0.994,0.9905,
05/02/2019,82.17,83.26,82.13,82.94,88872640,0.982,0.992,0.9933,
27/02/2019,81.41,82.09,80.76,82.05,62822920,0.997,0.992,0.99325,
11/03/2019,81.31,83.61,81.3,83.53,75945960,0.994,0.992,0.99325,
12/03/2019,83.45,84.21,83.05,83.66,71259860,1,0.992,0.99325,
15/04/2019,92.1,92.66,91.61,92.24,74213060,0.995,0.992,0.99315,
16/07/2019,100.53,101.32,100.06,100.5,52363960,0.99,0.994,0.99285,
06/08/2019,89.61,89.69,87.67,89.39,101405160,0.95,0.987,0.9904,
28/08/2019,87.75,89.32,84.03,88.21,48437860,0.998,0.989,0.9905,
20/12/2019,89.98,90.15,89.12,89.33,103049200,0.998,0.989,0.99125,
27/03/2020,96.54,96.99,95,95.01,107757940,0.99,0.989,0.9912,
30/03/2020,96.14,98.68,95.62,98.2,122521740,0.992,0.988,0.99085,
09/04/2020,102.22,102.65,100.88,102.14,93112340,0.972,0.984,0.9896,
16/04/2020,117.3,123.05,116.75,120.41,240764000,0.998,0.985,0.99085,
20/04/2020,119.5,122.25,119.3,119.68,115413880,0.998,0.992,0.99085,
22/04/2020,118.45,119.7,117.55,118.17,84365900,0.983,0.99,0.99015,
23/04/2020,120,121.21,119.1,119.97,101331040,0.504,0.92,0.96565,
24/04/2020,120.85,121.02,119.1,120.51,76635940,0.998,0.921,0.9656,
27/04/2020,122.16,124.71,121.8,118.8,112912900,0.866,0.615,0.9591,
28/04/2020,118.61,118.68,115.3,115.7,105388920,0.943,0.607,0.95725,
04/05/2020,112.82,116.35,112.82,115.8,97318520,0.131,0.486,0.91395,
06/05/2020,116.47,117.87,116,117.56,62356280,0.994,0.556,0.91455,
07/05/2020,118.74,118.8,117.16,118.38,67928220,1,0.556,0.9147,
12/05/2020,120.59,120.95,117.75,117.85,61498320,0.997,0.562,0.91485,
15/05/2020,118.43,120.55,117.82,120.49,84699020,0.984,0.845,0.91405,
20/05/2020,123.89,125,123.36,124.9,79962860,0.706,0.8,0.8996,
03/06/2020,123.4,124.4,121.05,123.92,53420480,0.995,0.923,0.89985,0.95466
04/06/2020,123.87,125.38,122.5,123.03,58974200,0.999,0.924,0.9023,0.95486
05/06/2020,122.23,124.43,121.86,124.15,66128900,0.189,0.808,0.86185,0.93898
10/06/2020,132.25,136.12,131.31,132.37,98920620,0.926,0.798,0.85825,0.93756
11/06/2020,130.18,133.57,126.81,127.9,116002140,0.771,0.796,0.8473,0.933
15/06/2020,126.33,129.2,125.4,128.63,77466700,0.981,0.835,0.84675,0.9341
16/06/2020,131,132.63,127.79,130.76,71912980,0.948,0.829,0.84555,0.9331
17/06/2020,132.38,132.75,131.59,132.05,59186320,0.996,0.828,0.84545,0.93314
19/06/2020,133.9,134.87,132.95,133.75,115539260,0.995,0.943,0.8453,0.93304
23/06/2020,136.3,139.16,135.9,138.22,84634140,0.898,0.931,0.84105,0.93106
24/06/2020,139,144.95,135.35,136.72,90532100,0.995,0.941,0.8656,0.93104
25/06/2020,136.98,137.81,135.61,137.73,59373140,0.836,0.95,0.8575,0.92778
29/06/2020,134.5,134.84,131.5,134.02,84468440,0.956,0.946,0.862,0.92698
02/07/2020,145.6,147.78,143.56,144.52,131867740,0.992,0.953,0.86445,0.92716
06/07/2020,146.75,152.99,146.5,152.85,137612840,0.996,0.948,0.9077,0.92726
07/07/2020,152.93,153.48,149.5,150.01,105150280,0.925,0.952,0.90425,0.92578
08/07/2020,151.13,154.2,150.62,154.06,100752700,0.867,0.933,0.8976,0.92318
10/07/2020,159.59,160.75,156.79,160,109719640,0.989,0.955,0.8972,0.9235
14/07/2020,154.45,156.37,147.5,154.2,144638660,0.994,0.961,0.8977,0.92342
15/07/2020,154.01,154.92,148.66,150.44,115777480,0.974,0.958,0.9111,0.92296
16/07/2020,148.55,151.6,145.91,150,127884920,0.996,0.963,0.91115,0.923
23/07/2020,154.91,154.91,148.5,149.33,113138120,-0.805,0.706,0.82095,0.88692
28/07/2020,152.71,153.85,149.79,150.02,62533020,0.844,0.694,0.8537,0.88388
29/07/2020,151.55,151.96,149.84,151.68,59481200,0.992,0.712,0.857,0.88412
30/07/2020,150.7,154.6,150.25,152.59,122565300,0.999,0.713,0.8684,0.88416
04/08/2020,155.06,158.36,155.06,156.94,93885880,0.98,0.711,0.86835,0.88412
06/08/2020,159.72,162.37,158.27,161.25,78812040,0.984,0.713,0.87015,0.88386
11/08/2020,155.66,157.96,153.65,154.03,74361140,0.998,0.713,0.87025,0.88394
13/08/2020,159.15,160.88,157.75,158.05,62980860,0.889,0.955,0.86495,0.88172
18/08/2020,160.6,161.05,159.94,165.62,106919480,0.849,0.956,0.8625,0.8788
19/08/2020,165.15,165.8,162.8,163.02,83702740,0.96,0.951,0.86075,0.8782
21/08/2020,164.75,165.72,163.77,164.24,71517240,0.982,0.949,0.86805,0.87884
24/08/2020,165.51,169.02,162.88,165.37,93325160,0.982,0.949,0.86935,0.87852
25/08/2020,164.75,167.87,163.35,167.32,79856840,0.992,0.95,0.86935,0.8784
27/08/2020,170.04,171.6,169.78,170,66316740,1,0.951,0.86955,0.8786
28/08/2020,171.15,171.67,169.33,170.09,57939560,0.8,0.938,0.8633,0.87476
31/08/2020,170.45,174.75,170.25,172.55,83717700,0.991,0.958,0.8695,0.87514
01/09/2020,174.48,175.69,173.35,174.96,69528140,1,0.964,0.87005,0.87518
02/09/2020,177.35,177.61,174.33,176.57,78629520,0.844,0.944,0.86255,0.8721
03/09/2020,174.25,177.04,172.35,168.4,163222260,0.699,0.904,0.8488,0.86642
04/09/2020,165.9,169.08,155.56,164.73,175635080,0,0.762,0.799,0.85634
08/09/2020,157.2,162.54,156.5,157.49,121884100,0.871,0.744,0.8828,0.8538
09/09/2020,160.15,165.16,159.25,163.43,103773500,0.948,0.765,0.888,0.85544
11/09/2020,160.43,160.87,154.2,155.81,101879640,0.995,0.765,0.88815,0.85648
16/09/2020,159,159.36,153.71,153.91,90623780,0.975,0.762,0.88695,0.87336
17/09/2020,150.46,151.47,148.63,150.44,128981000,0.979,0.781,0.8869,0.87306
18/09/2020,151.59,151.89,145.28,147.75,177851600,0.943,0.816,0.88485,0.87192
22/09/2020,151.69,156.7,150.01,156.45,138976320,0.422,0.876,0.85605,0.86042
23/09/2020,156.02,156.35,149.62,149.99,113053300,0.992,0.893,0.8612,0.86058
24/09/2020,148.89,153.47,148.25,150.99,110587840,0.892,0.885,0.86335,0.8643
28/09/2020,157.44,158.75,155.86,158.7,84483300,0.863,0.867,0.8585,0.86166
29/09/2020,158.77,159.41,156.63,157.24,70067960,0.956,0.864,0.8572,0.8608
30/09/2020,157.06,160.64,156.7,157.44,97922020,0.656,0.818,0.8409,0.87014
01/10/2020,160.4,161.2,150.61,161.06,99438440,0.36,0.734,0.8093,0.85882
08/10/2020,161.25,161.66,158.75,159.53,63482280,1,0.817,0.8093,0.8634
09/10/2020,160.5,164.45,159.89,164.33,98157420,1,0.818,0.8193,0.86378
12/10/2020,167.5,174.81,166.98,172.15,167283960,0.983,0.831,0.8189,0.86448
14/10/2020,172.35,173.24,167,168.19,116578320,0.999,0.851,0.81885,0.86454
16/10/2020,168.16,169.98,158,163.64,129487060,0.995,0.856,0.8264,0.86454
20/10/2020,161.11,163.3,159.6,160.85,90193560,0.959,0.899,0.8394,0.86576
23/10/2020,159.55,160.27,157,160.22,69333740,0.951,0.984,0.88695,0.86488
27/10/2020,161.25,164.58,160.57,164.32,85820940,0.971,0.98,0.89195,0.86758
28/10/2020,162.47,163.2,158.12,158.14,111766600,0.997,0.979,0.8944,0.8684
30/10/2020,157.89,158.35,150.95,151.81,167921620,0.981,0.979,0.8937,0.86818
02/11/2020,153.09,153.99,147.51,150.22,145147000,0.888,0.963,0.88935,0.86602
05/11/2020,165.5,167.53,164.06,166.1,97458660,1,0.964,0.8904,0.86752
06/11/2020,165.23,166.1,161.6,165.57,92946600,0.967,0.965,0.8916,0.86952
09/11/2020,161.55,164.45,155.61,157.19,143808120,0.995,0.974,0.92025,0.86964
10/11/2020,154.75,155.7,150.97,151.75,131819120,0.872,0.957,0.91425,0.8672
11/11/2020,153.09,156.96,152.5,156.87,87338460,0.978,0.956,0.91855,0.86728
12/11/2020,158,158.79,154.3,155.51,87424160,1,0.972,0.9254,0.86736
13/11/2020,156.1,157.09,154.27,156.44,75251740,0.987,0.97,0.92695,0.9032
16/11/2020,154.66,157.14,153.63,156.55,76173520,0.99,0.974,0.94365,0.90612
17/11/2020,159.18,159.46,156.76,156.78,68894700,0.998,0.974,0.97555,0.90624
19/11/2020,155.27,156.25,154.05,155.85,60205400,0.99,0.974,0.97505,0.90606
23/11/2020,155.84,156.99,153.27,154.92,94177740,0.995,0.993,0.9748,0.90636
24/11/2020,155.03,156.71,154.31,155.9,72042040,0.977,0.99,0.9745,0.90622
25/11/2020,157.09,159.9,157.01,159.25,75808060,0.9,0.978,0.96955,0.90426
01/12/2020,159.43,162.45,157.86,161,90887640,0.994,0.978,0.9695,0.90636
03/12/2020,160.27,161.43,159.07,159.34,57840780,0.389,0.891,0.941,0.89716
04/12/2020,159.91,159.91,157.94,158.13,58272220,0.69,0.848,0.92795,0.89176
07/12/2020,157.82,159.04,157.08,157.9,55026320,0.714,0.715,0.9151,0.8864
08/12/2020,157.95,159.21,156,158.86,65726060,0.997,0.729,0.9151,0.8867
09/12/2020,158.39,158.72,154.4,155.21,82016720,0.586,0.671,0.89535,0.87858
10/12/2020,154.45,157.11,153.8,155.07,60603720,0.866,0.739,0.89425,0.8759
11/12/2020,154.83,155.93,153.64,155.82,61293900,0.813,0.757,0.8849,0.87616
14/12/2020,157.15,159.52,156.3,157.85,83115880,0.978,0.828,0.88545,0.8759
15/12/2020,159.05,159.43,156.52,158.26,66473720,0.997,0.85,0.88555,0.87584
16/12/2020,158.8,162.35,158.18,162.05,88552320,0.281,0.788,0.856,0.86458
17/12/2020,162.5,162.83,159.85,161.8,69486940,0.92,0.777,0.8531,0.869
18/12/2020,162.2,162.47,158.58,160.08,119914260,0.984,0.834,0.8523,0.88868
21/12/2020,160,161.35,158.3,160.31,76736920,0.93,0.852,0.84945,0.88986
22/12/2020,160.14,161.1,159,160.33,47635620,0.999,0.855,0.8499,0.89088
23/12/2020,160.25,160.51,159.21,159.26,41875740,0.783,0.824,0.83915,0.88664
24/12/2020,159.7,160.1,158.45,158.63,29038340,0.462,0.85,0.81275,0.87638
28/12/2020,159.7,165.2,158.63,164.2,113735740,0.748,0.828,0.8004,0.87176
29/12/2020,165.5,167.53,164.06,166.1,97458660,0.33,0.75,0.76805,0.8595
31/12/2020,163.75,164.63,161.91,162.85,59144120,-0.339,0.569,0.7061,0.84428
04/01/2021,163.5,165.72,162.36,159.33,88228980,0.966,0.434,0.7047,0.84376
05/01/2021,158.3,161.17,158.25,160.93,53110960,0.963,0.506,0.7334,0.84518
06/01/2021,157.32,159.88,156.56,156.92,87896300,0.508,0.435,0.7243,0.83808
07/01/2021,157.85,160.43,157.75,158.11,70290900,0.374,0.382,0.7073,0.82644
08/01/2021,159,159.53,157.11,159.14,70754880,0.914,0.465,0.70315,0.8316
11/01/2021,157.4,157.82,155.5,155.71,73381900,0.995,0.541,0.7236,0.8443
12/01/2021,156,157.11,154.3,156.04,70291640,0.282,0.444,0.6944,0.82994
13/01/2021,156.42,159.5,156.1,158.29,66424880,-0.811,0.255,0.6132,0.79372
14/01/2021,158.38,158.9,156.03,156.37,61418380,0.996,0.344,0.6141,0.79398
15/01/2021,156.15,157.13,154.76,155.21,84879900,0.992,0.355,0.61385,0.79384
19/01/2021,155.35,157.25,154.8,156.04,66102840,0.808,0.538,0.6402,0.7901
20/01/2021,159.1,163.99,158.75,163.17,106196700,0.997,0.64,0.64405,0.79086
21/01/2021,164.65,167.43,164.48,165.35,98901020,0.214,0.787,0.60555,0.77612
22/01/2021,165.22,166.1,164.16,164.61,56438280,0.757,0.752,0.5969,0.77184
25/01/2021,166.43,168.19,162.16,164.7,74995160,0.254,0.582,0.55965,0.75698
26/01/2021,164.82,166.9,163.7,166.31,59104700,0.787,0.623,0.55985,0.7531
27/01/2021,167.07,167.33,160.35,161.63,93203160,0.948,0.643,0.58415,0.7543
28/01/2021,161.75,165.08,161.43,161.88,62984560,0.994,0.643,0.59645,0.75418
29/01/2021,161.5,166.35,160.7,160.31,85871120,0.784,0.724,0.61915,0.75052
01/02/2021,162.12,167.51,161.75,167.14,83204240,0.997,0.766,0.68595,0.75056
02/02/2021,169,170.34,167.78,169,141972740,0.916,0.784,0.68345,0.75144
03/02/2021,171.25,171.7,165.43,165.63,141775620,0.748,0.756,0.6727,0.74684
04/02/2021,166.5,167.35,163.89,166.55,73413220,0.782,0.726,0.6864,0.74248
05/02/2021,165.95,168.85,165.14,167.61,72416160,0.779,0.725,0.70665,0.73832
08/02/2021,167.93,168.25,165.2,166.15,65147820,0.864,0.753,0.70415,0.7358
09/02/2021,165.62,166.9,163.7,165.25,44070520,0.997,0.753,0.70425,0.73578
10/02/2021,165.7,165.9,162.7,164.33,63031000,0.972,0.761,0.73875,0.73542
11/02/2021,164.6,164.6,162.4,163.11,46028340,0.951,0.79,0.82685,0.73454
12/02/2021,162.5,162.83,159.85,163.89,46706780,0.509,0.751,0.8025,0.72518
16/02/2021,162.7,165.42,162.68,163.45,51494420,0.666,0.785,0.7862,0.7205
17/02/2021,163.18,166.05,162.98,165.43,66041980,0.698,0.746,0.7807,0.71458
18/02/2021,164.12,166.9,163.7,166.41,60672140,0.712,0.712,0.76645,0.72104
19/02/2021,166.41,166.68,162.29,162.5,86103680,0.597,0.724,0.7856,0.71918
22/02/2021,160.41,161.62,158.61,159.04,70313580,0.79,0.65,0.78725,0.7207
23/02/2021,156.35,160.24,154.68,159.73,93544440,0.66,0.65,0.80755,0.71396
24/02/2021,158.34,158.56,156.27,157.98,60225500,0.848,0.671,0.8106,0.7192
25/02/2021,156.84,158.91,152.39,152.86,90676020,0.588,0.653,0.7926,0.71364
26/02/2021,154.76,156.12,151.84,154.65,85518600,0.442,0.631,0.765,0.70622
01/03/2021,156.39,157.48,154.9,157.31,54679260,0.903,0.739,0.77095,0.70472
02/03/2021,157.17,158.18,154.36,154.73,51915240,0.967,0.783,0.76945,0.70412
03/03/2021,154.06,155.39,149.75,150.25,79774500,0.65,0.755,0.75615,0.7115
04/03/2021,150.6,152.91,147.27,148.88,109631560,0.745,0.777,0.756,0.708
05/03/2021,150.25,150.45,144.05,150.02,107771020,0.682,0.812,0.751,0.70196
08/03/2021,150.75,153.23,147.57,147.6,83700160,0.748,0.756,0.74945,0.69832
09/03/2021,150.9,154.55,150.26,153.14,80600640,0.531,0.693,0.7328,0.68896
10/03/2021,154.92,155.82,151.5,152.88,60249780,0.585,0.684,0.7122,0.685
11/03/2021,155.2,156.59,154.15,155.68,55527820,0.828,0.696,0.705,0.69232
12/03/2021,153.75,154.95,152.28,154.47,48437760,0.857,0.721,0.7003,0.6945
15/03/2021,153.73,154.11,151.6,154.08,58371840,0.883,0.695,0.719,0.70556
16/03/2021,155.25,156.45,153.79,154.59,50775280,0.572,0.701,0.7143,0.72378
17/03/2021,153.66,158.65,153.51,156.79,62371680,0.815,0.734,0.72015,0.72076
18/03/2021,155.05,155.83,151.25,151.4,73140540,0.658,0.709,0.71745,0.71466
19/03/2021,151.46,153.86,150.83,153.75,92507080,0.696,0.686,0.7224,0.71842
22/03/2021,153.39,156.33,153,155.54,58043580,0.64,0.628,0.7149,0.72374
23/03/2021,156.35,159.1,156.04,156.88,76345260,0.693,0.645,0.71655,0.71932
24/03/2021,157.55,158.02,154.26,154.35,59179620,0.576,0.611,0.70295,0.71094
25/03/2021,153.65,155.49,151.86,152.31,71269380,0.563,0.597,0.7017,0.71656
26/03/2021,155.5,155.5,150.89,152.6,63604100,0.66,0.592,0.7126,0.74598
29/03/2021,152.77,154.56,151.42,153.79,54919360,0.748,0.613,0.70485,0.74102
30/03/2021,153.5,153.65,151.7,152.76,46752060,0.478,0.582,0.6804,0.73074
31/03/2021,153.2,155.97,153.13,154.7,61877920,0.626,0.589,0.6792,0.7271
01/04/2021,155.9,158.12,155.78,158.05,58806360,0.782,0.621,0.68105,0.7228
05/04/2021,158.65,161.8,158.06,161.34,66697640,0.223,0.424,0.6581,0.72298
06/04/2021,161.19,162.37,160.85,161.19,50756180,0.599,0.442,0.65065,0.71982
07/04/2021,161.69,165.18,161.18,163.97,66924540,0.7,0.452,0.6591,0.72874
08/04/2021,165.55,166.23,164.6,164.97,56241800,0.612,0.428,0.66045,0.72524
09/04/2021,165.24,168.61,164.45,168.61,86829460,0.556,0.428,0.64685,0.7174
12/04/2021,167.76,169.75,167.56,168.97,65635960,0.628,0.603,0.6354,0.71008
13/04/2021,170.04,171.6,169.78,170,66316740,0.775,0.628,0.63,0.7099
14/04/2021,170.2,170.21,166.3,166.65,62904080,0.536,0.605,0.6282,0.70068
15/04/2021,168.55,169.85,167.6,168.95,64671600,0.799,0.631,0.6274,0.69834
16/04/2021,169,170.34,167.78,169.97,63720980,0.574,0.634,0.6232,0.69486
19/04/2021,169.52,171.8,168.01,168.6,54508100,0.72,0.669,0.6244,0.69362
20/04/2021,168.68,169.15,165.8,166.73,52460640,0.534,0.634,0.6191,0.68872
21/04/2021,165.8,166.39,163.7,168.1,44223320,0.59,0.642,0.61395,0.68324
22/04/2021,168.58,168.64,165.07,165.45,51611800,0.728,0.632,0.62155,0.67786
23/04/2021,165.96,168.75,166.45,167.04,63933040,0.659,0.644,0.62635,0.6716
26/04/2021,167.4,171.42,166.55,170.45,97614160,0.686,0.578,0.62765,0.6663
27/04/2021,172.17,173,169.9,170.87,76542800,0.668,0.597,0.62365,0.66948
28/04/2021,171.74,174.49,171.25,172.93,92637680,0.58,0.596,0.62875,0.66776
29/04/2021,175.25,175.72,171.75,173.57,153647620,0.705,0.593,0.6327,0.6679
30/04/2021,176.26,177.7,173.13,173.37,140186920,0.559,0.578,0.62155,0.66484
03/05/2021,174.24,174.33,168.64,169.32,117510600,0.66,0.566,0.6434,0.6661
04/05/2021,167.81,168.4,163.61,165.59,108788980,0.688,0.569,0.64785,0.66406
05/05/2021,166.94,167.73,163.22,163.53,74226160,0.667,0.581,0.6462,0.6642
06/05/2021,163.5,165.72,162.36,165.32,88953920,0.518,0.555,0.6415,0.6576
07/05/2021,165.95,166.54,164.45,164.58,94205520,0.611,0.562,0.64425,0.65806
10/05/2021,164.12,164.15,159.5,159.52,116772060,0.653,0.626,0.6455,0.66228
11/05/2021,156.81,161.9,156.37,161.2,92395620,0.577,0.61,0.6356,0.65576
12/05/2021,159.25,160.4,156.66,157.6,98728200,0.422,0.575,0.6299,0.64486
13/05/2021,159.27,160.19,156.65,158.07,67137540,0.671,0.597,0.6235,0.64528
14/05/2021,159.28,161.44,159.15,161.15,66500440,0.669,0.606,0.62825,0.64376
17/05/2021,162.3,164.64,161.73,163.52,73711980,0.529,0.461,0.6187,0.6407
18/05/2021,164.63,165.6,161.52,161.61,56567820,0.578,0.461,0.6209,0.6373
19/05/2021,159.75,161.74,159.2,161.59,53594160,0.421,0.461,0.61245,0.6351
20/05/2021,162.22,162.98,161.81,162.38,52663840,0.604,0.452,0.60625,0.63548
21/05/2021,162.5,162.83,159.85,160.15,82097640,0.745,0.462,0.61055,0.63382
24/05/2021,160.78,162.9,160.53,162.25,48456260,0.552,0.53,0.60385,0.62772
25/05/2021,163.33,163.99,160.69,162.95,65222180,0.584,0.531,0.59965,0.62174
26/05/2021,163.73,164.79,162.93,163.26,47679720,0.628,0.561,0.60205,0.62286
27/05/2021,162.8,163.02,161.5,161.51,51223140,0.747,0.581,0.60415,0.6215
28/05/2021,162.1,162.4,160.99,161.15,46630180,0.664,0.569,0.6094,0.62162
01/06/2021,162.17,162.55,160.45,160.93,48600900,0.703,0.68,0.61155,0.62176
02/06/2021,161.16,161.75,160.4,161.7,40290480,0.56,0.67,0.60515,0.62016
03/06/2021,160.21,160.72,159.2,159.35,47965860,0.829,0.682,0.61325,0.62288
04/06/2021,160.6,161.05,159.94,160.31,44994980,0.588,0.671,0.61675,0.62312
07/06/2021,159.87,160.4,158.61,159.9,44315120,0.555,0.655,0.61395,0.62296
08/06/2021,161.13,163.98,160.9,163.21,68334600,0.629,0.645,0.61275,0.62234
09/06/2021,163.64,164.88,163.54,164.06,49110600,0.548,0.643,0.6113,0.61834
10/06/2021,164.1,167.55,164.06,167.48,69529600,0.51,0.597,0.6157,0.61898
11/06/2021,167.48,168.33,166.67,167.34,56347040,0.607,0.6,0.6125,0.6186
14/06/2021,167.34,169.25,166.78,169.19,51393100,0.704,0.53,0.61425,0.61704
15/06/2021,169.2,169.85,168.16,169.16,48524000,0.532,0.516,0.6144,0.62322
16/06/2021,169.6,171.32,168.03,170.76,84055640,0.592,0.522,0.6151,0.62308
17/06/2021,170.16,174.86,170.05,174.46,102730620,0.549,0.528,0.6215,0.62006
18/06/2021,174,175.35,173.69,174.35,104954740,0.718,0.544,0.6272,0.62218
21/06/2021,173.82,174.1,171.7,172.7,65542600,0.54,0.606,0.61695,0.62186
22/06/2021,172.9,176.19,172.8,175.27,66901640,0.668,0.625,0.62275,0.62266
23/06/2021,175.25,176.05,174.16,175.19,56266820,0.556,0.62,0.62135,0.61828
24/06/2021,175.38,176.24,171.54,172.45,76639980,0.692,0.64,0.62455,0.6214
25/06/2021,173.2,173.24,169.71,170.07,78819940,0.642,0.629,0.6193,0.61826
28/06/2021,170.8,172.4,170.68,172.19,44855860,0.739,0.625,0.62305,0.62156
29/06/2021,171.94,172.8,171.15,172.41,41968780,0.752,0.637,0.6255,0.6222
30/06/2021,172.05,173.58,171.75,172.01,48079840,0.459,0.623,0.62045,0.6207
01/07/2021,171.73,172.85,170.47,171.65,40741060,0.589,0.608,0.60845,0.62068
02/07/2021,172.58,175.59,171.85,175.55,63533940,0.562,0.597,0.60715,0.61736
06/07/2021,176.51,184.27,176.45,183.79,134895360,0.477,0.487,0.60325,0.61372
07/07/2021,185.87,186.71,183.95,184.83,106561240,0.449,0.485,0.59425,0.60898
08/07/2021,182.18,188,181.06,186.57,103612460,0.663,0.496,0.6,0.60888
09/07/2021,186.13,187.4,184.67,185.97,74964740,0.656,0.509,0.6073,0.6104
12/07/2021,187.2,187.86,184.84,185.93,51432700,0.645,0.53,0.6092,0.6092
13/07/2021,185.11,188.65,183.57,183.87,76918340,0.527,0.537,0.60035,0.60856
14/07/2021,185.44,185.88,183.04,184.08,65931360,0.532,0.549,0.60035,0.606
15/07/2021,184.71,184.77,181.05,181.56,63705840,0.71,0.556,0.60625,0.60644
16/07/2021,181.67,182.3,178.52,178.68,80874120,0.602,0.548,0.6089,0.60514
19/07/2021,176.63,177.51,174.96,177.48,75691900,0.515,0.535,0.59875,0.60508
20/07/2021,178.37,179.6,175.9,178.66,65113600,0.653,0.553,0.6044,0.60592
21/07/2021,178.82,179.32,177.18,179.26,46379780,0.614,0.564,0.6017,0.60514
22/07/2021,179.36,182,179.11,181.9,65307040,0.706,0.564,0.6092,0.60772
23/07/2021,182,183.31,181.1,182.83,48725840,0.733,0.583,0.61125,0.61394
26/07/2021,183.66,185.6,182.36,184.99,58001360,0.534,0.614,0.60585,0.6112
27/07/2021,184.93,184.93,179.31,181.32,82637800,0.606,0.607,0.5992,0.60994
28/07/2021,181.69,182.92,180.05,181.52,59987560,0.719,0.622,0.59755,0.61374
29/07/2021,181.39,181.9,179,180,110399040,0.521,0.596,0.60065,0.6126
30/07/2021,167.4,168.41,165.35,166.38,199311860,0.448,0.555,0.5936,0.61314
02/08/2021,167.66,167.95,165.85,166.57,67078300,0.762,0.534,0.6036,0.6163
03/08/2021,167.04,169.55,164.99,168.31,83146860,0.72,0.55,0.61575,0.6158
04/08/2021,168.97,169.44,167.28,167.74,43678900,0.662,0.542,0.6264,0.618
05/08/2021,167.81,169.45,167.05,168.8,48670060,0.643,0.559,0.6254,0.61918
06/08/2021,168.75,168.99,166.62,167.25,52752880,0.555,0.575,0.62035,0.61772
09/08/2021,167.18,167.74,166.43,167.09,42964400,0.734,0.566,0.6248,0.61746
10/08/2021,167.25,167.9,165.75,166.03,48251020,0.524,0.538,0.62465,0.61466
11/08/2021,166.57,166.89,163.89,164.61,58944980,0.566,0.524,0.62635,0.61192
12/08/2021,164.5,165.73,163.48,165.18,46476460,0.664,0.527,0.62405,0.614
13/08/2021,165.28,165.3,164.15,164.7,41133980,0.751,0.555,0.6315,0.61244
16/08/2021,164.15,165,160.56,164.95,66569880,0.613,0.609,0.6364,0.61294
17/08/2021,163.88,164.02,161.28,162.1,67758440,0.345,0.584,0.621,0.60874
18/08/2021,162.1,162.7,160,160.06,56086220,0.752,0.61,0.6279,0.6112
19/08/2021,159.7,161.65,159.12,159.39,75657240,0.599,0.601,0.62255,0.61222
20/08/2021,160.19,160.39,158.79,160,67168560,0.464,0.56,0.6091,0.6113
23/08/2021,160.6,164.05,160.5,163.29,65362620,0.735,0.527,0.61915,0.61386
24/08/2021,164,165.37,162.25,165.29,51036820,0.566,0.558,0.61715,0.6111
25/08/2021,165.49,166.05,164.31,164.96,33606120,0.571,0.533,0.60975,0.61188
26/08/2021,165.17,166.69,162.55,165.8,44616210,0.5,0.518,0.6087,0.61004
27/08/2021,166.66,167.62,165.69,167.48,48047380,0.623,0.541,0.61745,0.61152
30/08/2021,167.87,172.25,167.76,171.08,63844880,0.687,0.598,0.6137,0.6109
31/08/2021,171.24,173.63,169.78,173.54,87128260,0.679,0.614,0.61165,0.61368
01/09/2021,174.82,176.35,173.76,173.95,72598220,0.678,0.629,0.61245,0.61388
02/09/2021,174.74,175.6,172.75,173.16,58511880,0.522,0.632,0.6064,0.6132
03/09/2021,172.6,174.13,171.82,173.9,51566480,0.583,0.627,0.6078,0.61102
07/09/2021,173.9,176.4,173.85,175.46,54823680,0.657,0.535,0.60395,0.61132
08/09/2021,175.58,177.28,174.78,176.28,61067280,0.5,0.509,0.60275,0.60654
09/09/2021,176.3,177.5,173.33,174.21,54384820,0.581,0.518,0.6035,0.60312
10/09/2021,175.09,175.42,173.15,173.46,47945380,0.672,0.53,0.6039,0.60738
13/09/2021,174.14,174.9,171.9,172.86,51380440,0.639,0.608,0.5983,0.60838
14/09/2021,173.78,174.34,171.89,172.5,38737940,0.578,0.597,0.59655,0.6087
15/09/2021,172.13,174.27,170.1,173.79,59150740,0.56,0.605,0.6073,0.61036
16/09/2021,173,174.63,172.31,174.41,51671960,0.554,0.601,0.5974,0.61246
17/09/2021,174.42,174.87,172.61,173.13,92331120,0.684,0.603,0.60165,0.61288
20/09/2021,169.8,170.95,165.75,167.79,93382600,0.458,0.529,0.60135,0.60892
21/09/2021,168.75,168.99,166.62,167.18,55617560,0.571,0.528,0.59315,0.60744
22/09/2021,167.55,170.7,166.16,169,48228060,0.625,0.537,0.5961,0.6094
23/09/2021,173.69,173.69,168.92,170.8,29045030,0.447,0.522,0.5899,0.6077
24/09/2021,170.1,171.46,169.67,171.28,42324820,0.618,0.512,0.5958,0.60586
27/09/2021,168.58,170.78,166.98,170.29,72689000,0.467,0.555,0.588,0.60316
28/09/2021,167.89,168.46,164.51,165.8,88616380,0.636,0.564,0.58545,0.60558
29/09/2021,166.11,167.57,164.89,165.06,51245360,0.546,0.553,0.5788,0.60344
30/09/2021,165.8,166.39,163.7,164.25,56940660,0.712,0.591,0.5805,0.6054
01/10/2021,164.45,165.46,162.8,164.16,56712340,0.529,0.578,0.58085,0.60186
04/10/2021,163.97,164,158.81,159.49,90461140,0.524,0.551,0.5779,0.59768
05/10/2021,160.23,163.04,160.12,161.05,65384160,0.49,0.53,0.56955,0.5968
06/10/2021,160.68,163.22,159.93,163.1,50659540,0.393,0.508,0.5642,0.59254
07/10/2021,164.58,166.29,164.15,165.12,48181500,0.592,0.491,0.56475,0.59
08/10/2021,165.85,166.07,164.41,164.43,39964340,0.559,0.496,0.5591,0.59076
11/10/2021,163.75,164.63,161.91,162.32,40684060,0.495,0.448,0.5519,0.5917
12/10/2021,162.85,163.38,161.81,162.37,36391420,0.475,0.446,0.54675,0.58596
13/10/2021,163.49,164.42,163.05,164.21,48501720,0.597,0.475,0.5486,0.5835
14/10/2021,165.12,165.63,164.54,164.99,42240400,0.631,0.481,0.55245,0.58288
15/10/2021,165.57,170.52,165.2,170.45,103598820,0.628,0.491,0.54965,0.58258
18/10/2021,169.42,172.46,169.26,172.34,63482300,0.596,0.487,0.55655,0.5834
19/10/2021,171.71,172.73,171.1,172.21,47721580,0.525,0.494,0.55425,0.57922
20/10/2021,172.63,173.14,170.02,170.75,42795540,0.647,0.501,0.55535,0.58168
21/10/2021,170.71,172.01,170.15,171.75,37627700,0.578,0.493,0.5619,0.58192
22/10/2021,171.05,171.49,166.57,166.78,62781060,0.604,0.49,0.5612,0.58072
25/10/2021,166.75,168.77,160.55,166.02,44519120,0.632,0.584,0.56945,0.57834
26/10/2021,167.48,170.81,167.2,168.8,53966840,0.574,0.591,0.56635,0.57756
27/10/2021,169.4,171.85,168.57,169.62,54044480,0.6,0.584,0.56905,0.58266
28/10/2021,170.1,173.95,169.3,172.33,114174660,0.575,0.584,0.5622,0.57912
29/10/2021,165,168.74,163.67,168.62,129721540,0.354,0.548,0.55345,0.57422
01/11/2021,168.09,168.79,164.6,165.91,72177580,0.452,0.528,0.54985,0.57398
02/11/2021,165.75,166.56,164.18,165.64,52551800,0.421,0.506,0.5464,0.5677
03/11/2021,165.45,169.75,164.88,169.2,67943780,0.72,0.523,0.56275,0.57078
04/11/2021,168.5,174.93,168.25,173.85,107060400,0.493,0.512,0.5578,0.56922
05/11/2021,173.85,178.31,173.85,175.95,99939020,0.637,0.552,0.5617,0.57196
08/11/2021,176.16,178.95,174.39,174.45,61479840,0.641,0.562,0.569,0.57232
09/11/2021,175.76,179.69,175.07,178.81,85898440,0.652,0.595,0.57785,0.57162
10/11/2021,178.19,180.27,173.15,174.1,80548440,0.581,0.575,0.57705,0.56966
11/11/2021,175.65,177.16,173.37,173.63,45288120,0.573,0.587,0.57415,0.56756
12/11/2021,174.25,177.04,172.35,176.26,53788680,0.453,0.56,0.5654,0.56618
15/11/2021,176.85,179.69,176.29,177.28,58594380,0.694,0.546,0.5703,0.5684
16/11/2021,176.95,178.83,176.26,177.04,44341420,0.705,0.553,0.5793,0.56936
17/11/2021,178.24,179.36,177.27,177.45,51205400,0.625,0.56,0.5782,0.57186
18/11/2021,178.32,185.21,178.05,184.8,114070760,0.546,0.556,0.5766,0.57116
19/11/2021,185.63,188.11,183.79,183.83,98924060,0.686,0.589,0.5807,0.57144
22/11/2021,183.82,185.67,178.38,178.63,96957000,0.625,0.628,0.58035,0.57116
23/11/2021,179.25,181.05,176.39,179,73844920,0.546,0.606,0.57895,0.57052
24/11/2021,178.13,180.68,176.84,179.02,46560360,0.521,0.591,0.575,0.56974
26/11/2021,180.1,181.68,175.21,175.23,59825940,0.512,0.584,0.57185,0.5689
29/11/2021,177.38,179.8,176.58,178.08,65311140,0.603,0.589,0.5843,0.56728
30/11/2021,178.18,179.29,174.6,175.35,80022140,0.761,0.62,0.59975,0.57334
01/12/2021,177.25,177.99,172.08,172.19,75139900,0.652,0.639,0.6113,0.57496
02/12/2021,173,174.64,171.19,171.87,64725760,0.637,0.634,0.60715,0.5752
03/12/2021,172.75,173.49,166.93,169.49,80711000,0.56,0.64,0.6105,0.57746
06/12/2021,169.65,171.43,168.88,171.37,68860000,0.663,0.616,0.6118,0.57836
07/12/2021,174.6,177.5,173.33,176.16,66410720,0.482,0.576,0.60385,0.57866
08/12/2021,176.15,177.18,174.75,176.16,45253660,0.429,0.544,0.5927,0.57452
09/12/2021,175.75,176.97,174.14,174.17,46061820,0.514,0.526,0.58935,0.57388
10/12/2021,175.42,175.93,170.5,172.21,60689760,0.476,0.514,0.5845,0.56916
13/12/2021,172,172.1,169.13,169.57,62169000,0.391,0.417,0.5814,0.5664
14/12/2021,167.55,170.7,166.16,169.09,55975280,0.652,0.441,0.5793,0.56896
15/12/2021,168.6,173.6,165.2,173.32,75794260,0.578,0.463,0.57295,0.57072
16/12/2021,173.37,174.17,168.16,168.87,60876840,0.565,0.47,0.56995,0.57416
17/12/2021,167.71,170.9,165.61,170.02,85755160,0.594,0.487,0.57235,0.5742
20/12/2021,166.85,167.87,165.6,167.08,57372660,0.613,0.611,0.5687,0.57528
21/12/2021,167.85,170.72,165.65,170.42,55955820,0.56,0.598,0.56545,0.57658
22/12/2021,169.27,172.05,168.5,171.04,55035460,0.496,0.586,0.56295,0.577
23/12/2021,170.43,171.98,170.15,171.07,36788240,0.721,0.608,0.57295,0.57948
27/12/2021,171.04,172.94,169.22,169.67,58846820,0.646,0.694,0.57965,0.57978
28/12/2021,170.18,172.18,169.14,170.66,54711860,0.641,0.705,0.58155,0.58004
29/12/2021,170.84,171.21,168.6,169.2,35754040,0.657,0.728,0.57635,0.58126
30/12/2021,169.7,170.89,168.52,168.64,37583100,0.503,0.697,0.5689,0.58082
31/12/2021,168.96,169.35,166.56,166.72,47830380,0.638,0.655,0.56895,0.58064
03/01/2022,167.55,170.7,166.16,170.4,63869140,0.697,0.56,0.5758,0.58302
04/01/2022,170.44,171.4,166.35,167.52,70725160,0.433,0.53,0.5643,0.5796
05/01/2022,166.88,167.13,164.36,164.36,64302720,0.7,0.537,0.5752,0.58096
06/01/2022,163.45,164.8,161.94,163.25,51957780,0.599,0.55,0.5837,0.58146
07/01/2022,163.84,165.24,162.03,162.55,46605900,0.592,0.544,0.5876,0.5813
10/01/2022,160.59,161.66,156.3,161.49,87798300,0.559,0.561,0.59175,0.58098
11/01/2022,161.5,166.35,160.7,165.36,62805580,0.544,0.577,0.5994,0.58478
12/01/2022,166.58,166.88,164.42,165.21,50029120,0.498,0.548,0.5917,0.5857
13/01/2022,165.25,166.22,161.09,161.21,52188300,0.7,0.563,0.5978,0.59128
14/01/2022,160.15,162.25,159.8,162.14,45974860,0.58,0.561,0.59855,0.58848
18/01/2022,159.11,159.73,157.66,158.92,67441440,0.701,0.633,0.6039,0.59264
19/01/2022,158.76,159.25,156.25,156.3,53241920,0.644,0.654,0.60545,0.59278
20/01/2022,156.77,158,151.35,151.67,71973320,0.575,0.636,0.6062,0.59146
21/01/2022,149.95,150.9,142.07,142.64,163971440,0.464,0.619,0.6046,0.5877
24/01/2022,139,144.95,135.35,144.54,156044740,0.563,0.603,0.5967,0.58734
25/01/2022,142.24,143.6,138.15,139.99,90824660,0.559,0.583,0.59235,0.58706
26/01/2022,144.75,150.36,144.3,138.87,95601700,0.529,0.566,0.58675,0.58858
27/01/2022,140.8,144.24,139.35,139.64,77515800,0.484,0.553,0.5781,0.58438
28/01/2022,140.86,144,137.93,143.98,74391980,0.616,0.575,0.58375,0.5826
31/01/2022,144.75,150.36,144.3,149.57,78307440,0.54,0.505,0.57885,0.5809
01/02/2022,150,151.71,147.63,151.19,59219840,0.696,0.525,0.5788,0.5839
02/02/2022,155.05,155.08,148.86,150.61,87329760,0.61,0.537,0.58765,0.58238
03/02/2022,141.74,144.25,138.33,138.85,225531400,0.376,0.521,0.57145,0.5774
04/02/2022,155.61,161.2,150.61,157.64,253455800,0.568,0.514,0.5699,0.57784
07/02/2022,158.52,162.69,157.25,157.94,102624380,0.653,0.551,0.57295,0.58048
08/02/2022,156.75,161.79,155.55,161.41,76040360,0.607,0.539,0.57535,0.58238
09/02/2022,162.87,163.83,160.25,161.19,68785600,0.554,0.531,0.57585,0.5814
10/02/2022,158.35,160.72,157.75,159,68268120,0.653,0.57,0.5836,0.57924
11/02/2022,158.13,159,152.73,153.29,77100440,0.494,0.56,0.5733,0.57608
14/02/2022,151.75,158.45,151.65,155.17,83230700,0.744,0.636,0.5815,0.57822
15/02/2022,157.61,158.01,154.64,156.51,56970660,0.572,0.631,0.57505,0.57846
16/02/2022,155.79,158.83,154.73,158.1,52704280,0.531,0.628,0.5694,0.57582
17/02/2022,158.15,160.35,154.5,154.65,64032500,0.517,0.609,0.5665,0.57652
18/02/2022,155.5,155.5,150.89,152.6,63604100,0.551,0.617,0.57085,0.57896
22/02/2022,150.48,152.98,148.49,150.2,66128240,0.64,0.538,0.5747,0.58148
23/02/2022,151.65,151.76,144.65,144.83,64243560,0.591,0.546,0.5763,0.58378
24/02/2022,139.84,151.75,139.5,151.36,100785760,0.383,0.527,0.569,0.58362
25/02/2022,150.55,153.99,149.21,153.79,62395360,0.623,0.537,0.57595,0.58304
28/02/2022,152.43,154.45,150.85,153.56,57683420,0.363,0.427,0.5633,0.57874
01/03/2022,152.73,154.1,149.98,151.14,44873580,0.295,0.377,0.55105,0.57334
02/03/2022,150.85,153,148.75,152.05,47334720,0.589,0.377,0.5457,0.57324
03/03/2022,153.53,153.93,146.86,147.9,65197200,0.522,0.397,0.5413,0.57142
04/03/2022,147.16,147.85,144.28,145.64,60983120,0.491,0.378,0.54705,0.57004
07/03/2022,145.44,146.09,137.42,137.45,86933860,0.492,0.461,0.54325,0.56996
08/03/2022,136.68,140.7,133.57,136.01,91662580,0.492,0.49,0.5352,0.56538
09/03/2022,139.5,140.25,136.83,139.28,82656660,0.395,0.462,0.5246,0.56036
10/03/2022,145.69,148.67,143.98,146.82,135062900,0.483,0.456,0.52105,0.5572
11/03/2022,149.57,149.68,145.37,145.52,68900560,0.588,0.47,0.5178,0.55582
14/03/2022,145.98,147.45,140.88,141.85,74086100,0.503,0.476,0.51825,0.55582
15/03/2022,142.85,147.99,142,147.37,75584600,0.437,0.469,0.5029,0.5518
16/03/2022,148.5,153.15,147.35,153.1,84957680,0.615,0.5,0.50505,0.55016
17/03/2022,152.64,157.5,152.14,157.24,72934840,0.428,0.492,0.4999,0.55006
18/03/2022,156.81,161.59,156.01,161.25,102962760,0.465,0.475,0.4973,0.54536
21/03/2022,161.12,163.08,159.55,161.49,66537520,0.573,0.492,0.4984,0.54484
22/03/2022,161.81,166.17,161.7,164.89,64086120,0.739,0.535,0.50335,0.54778
23/03/2022,163.71,166.37,162.69,163.41,55811860,0.505,0.519,0.49905,0.5467
24/03/2022,163.75,164.12,160.05,163.65,56798060,0.558,0.538,0.5078,0.54698
25/03/2022,164,165.37,162.25,164.77,49085500,0.535,0.548,0.5034,0.54772
28/03/2022,164.98,169.04,164.9,168.99,59853820,0.676,0.574,0.51905,0.54724
29/03/2022,170.38,170.83,167.87,169.32,66153600,0.633,0.559,0.53595,0.5483
30/03/2022,168.51,168.95,165.5,166.3,56167260,0.579,0.569,0.53545,0.54586
31/03/2022,166.44,166.5,162.95,163,59965780,0.514,0.563,0.53505,0.54326
01/04/2022,164.15,165.83,162.32,163.56,57089500,0.557,0.566,0.53835,0.5429
04/04/2022,164.13,168.39,163.21,168.35,50007960,0.596,0.617,0.54355,0.54554
05/04/2022,167.74,168.11,163.27,164.06,53728560,0.565,0.607,0.5472,0.54558
06/04/2022,161.65,162.2,157.25,158.76,79055760,0.509,0.597,0.5529,0.54458
07/04/2022,158.4,160.08,154.51,157.78,68136780,0.476,0.592,0.55255,0.54352
08/04/2022,156.75,157.37,154.23,154.46,46001660,0.268,0.551,0.53655,0.5392
11/04/2022,152.71,154.14,150.53,151.12,52112340,0.682,0.514,0.5455,0.54052
12/04/2022,153.69,155.1,150.38,150.79,55177440,0.645,0.525,0.5559,0.54262
13/04/2022,150.02,156.03,149.6,155.54,53390880,0.5,0.524,0.55015,0.5387
14/04/2022,155.39,156.2,154.01,151.71,51598140,0.589,0.54,0.5582,0.53828
18/04/2022,151.52,154.04,150.25,152.79,46513520,0.526,0.515,0.56125,0.54128
19/04/2022,152.03,158.65,151.55,158.12,54926420,0.574,0.505,0.5613,0.5414
20/04/2022,157.6,157.6,153.6,154,59630020,0.657,0.527,0.5572,0.54148
21/04/2022,154.71,156.74,147.59,148.3,63969320,0.484,0.512,0.55615,0.53902
22/04/2022,148.25,149.62,143.7,144.35,73078580,0.326,0.443,0.54455,0.53446
25/04/2022,144.02,146.22,142.31,146.07,61874980,0.579,0.608,0.54675,0.53298
26/04/2022,144.8,144.86,138.93,139.39,77529160,0.237,0.56,0.5248,0.52784
27/04/2022,140.19,141.95,135.78,138.17,71336300,0.504,0.538,0.51835,0.52304
28/04/2022,142.18,145.94,140.3,144.6,117316940,0.56,0.549,0.5174,0.5228
29/04/2022,129.85,130.76,121.63,124.28,272661800,0.308,0.547,0.5071,0.51834
02/05/2022,122.4,124.67,118.38,124.5,148788980,0.483,0.401,0.5034,0.51766
03/05/2022,124.05,126.22,122.83,124.25,79133360,0.541,0.444,0.50065,0.51746
04/05/2022,123.6,126,119.18,125.93,110745360,0.583,0.455,0.50155,0.51632
05/05/2022,123,123.5,115.07,116.41,144391220,0.379,0.429,0.49505,0.51208
06/05/2022,114.85,119.05,113.08,114.77,124259900,0.363,0.437,0.4894,0.51168
09/05/2022,111.31,114,108.88,108.79,128124380,0.288,0.435,0.4904,0.50498
10/05/2022,111.25,112.64,107.17,108.86,105433820,0.286,0.399,0.4706,0.50344
11/05/2022,108.1,110.16,104.43,105.37,109703640,0.547,0.393,0.4657,0.50848
12/05/2022,102.75,104.2,101.52,106.93,132025140,0.616,0.427,0.4715,0.50902
13/05/2022,109.07,113.18,107.8,113.06,93684560,0.569,0.457,0.4705,0.50996
16/05/2022,113.1,113.99,110.35,110.81,74565740,0.346,0.526,0.4615,0.50706
17/05/2022,113.28,115.8,111.28,115.37,76447740,0.503,0.557,0.45795,0.50728
18/05/2022,111.44,112.85,106.25,107.11,108379180,0.139,0.499,0.43205,0.50022
19/05/2022,106.28,110.03,106.19,107.32,88142540,0.311,0.455,0.4234,0.49854
20/05/2022,109.57,109.9,105.01,107.59,99500640,0.705,0.475,0.44235,0.50298
23/05/2022,108.46,108.82,103.95,107.56,107797360,0.569,0.425,0.44185,0.5026
24/05/2022,104.03,105.4,101.26,104.1,102934680,0.626,0.442,0.4613,0.50506
25/05/2022,103.66,108.18,103.65,106.78,93120100,0.715,0.524,0.47185,0.51062
26/05/2022,107.97,112.67,107.45,111.08,93002600,0.624,0.569,0.47505,0.5108
27/05/2022,113.55,115.19,112.63,115.15,93660160,0.753,0.576,0.4973,0.5173
31/05/2022,116.28,121.99,115.68,120.21,144634160,0.662,0.646,0.50625,0.52124
01/06/2022,122.26,125.18,120.62,121.68,127528980,0.659,0.638,0.51215,0.52296
02/06/2022,121.68,125.61,120.05,125.51,100560680,0.628,0.639,0.5144,0.52074
03/06/2022,124.2,124.4,121.05,122.35,97603320,0.495,0.602,0.5202,0.52054
06/06/2022,125.25,128.99,123.81,124.79,135269000,0.716,0.631,0.53785,0.5237
07/06/2022,122.01,124.1,120.63,123,85156710,0.432,0.598,0.54505,0.52164
08/06/2022,122.61,123.75,120.75,121.18,64926590,0.692,0.602,0.56535,0.52196
09/06/2022,119.99,121.3,116.1,116.15,67029840,0.395,0.569,0.55775,0.5172
10/06/2022,113.42,114.5,109.05,109.65,87412250,0.592,0.583,0.55655,0.51746
13/06/2022,104.19,104.88,101.43,103.67,99277740,0.514,0.514,0.5538,0.51746
14/06/2022,104.19,104.88,101.43,102.31,69728760,0.598,0.538,0.5664,0.51828
15/06/2022,103.86,109.06,103.53,107.67,85011060,0.64,0.531,0.57325,0.51916
16/06/2022,104.47,104.58,96.06,103.66,82186300,0.329,0.521,0.58275,0.51444
17/06/2022,102.8,106.98,102.51,106.22,99772150,0.45,0.501,0.5897,0.51326
21/06/2022,108.2,111.63,103.56,108.68,70901250,0.651,0.479,0.587,0.51676
22/06/2022,107.43,112.13,107.02,108.95,60040130,0.528,0.463,0.58495,0.52196
23/06/2022,110.39,113,107.93,112.44,64345300,0.577,0.498,0.5825,0.51986
24/06/2022,112.38,116.71,111.43,116.46,69867620,0.491,0.504,0.5713,0.51678
27/06/2022,117.09,117.98,112.7,113.22,62133240,0.536,0.479,0.5669,0.5175
28/06/2022,113.5,114.85,107.04,107.4,75172030,0.464,0.452,0.55245,0.515
29/06/2022,107.38,110.99,106.91,108.92,66375340,0.394,0.433,0.53905,0.51236
30/06/2022,107.66,109.23,105.07,106.21,69575610,0.445,0.414,0.52835,0.50978
01/07/2022,106.29,109.75,105.85,109.56,73021170,0.411,0.403,0.5175,0.50486
05/07/2022,107.6,114.08,106.32,113.5,76684410,0.368,0.263,0.51115,0.50254
06/07/2022,113.21,115.48,110.39,114.33,66958880,0.377,0.26,0.4942,0.50356
07/07/2022,113.85,116.99,113.49,116.33,57872320,0.492,0.267,0.4972,0.50182
08/07/2022,114.6,116.58,113.69,115.54,45719690,0.4,0.265,0.4826,0.50508
11/07/2022,114.08,114.3,110.87,111.75,53540020,0.495,0.408,0.4876,0.5049
12/07/2022,112.16,112.64,109.32,109.22,54280260,0.641,0.447,0.49005,0.50652
13/07/2022,107.03,111.78,106.01,110.4,61353810,0.599,0.479,0.4943,0.51234
14/07/2022,110.24,111.18,107.58,110.63,51163140,0.425,0.469,0.48565,0.51118
15/07/2022,112.5,115.59,111.59,113.55,84317820,0.492,0.482,0.47825,0.5102
18/07/2022,115,117.24,113.15,113.76,59115420,0.617,0.555,0.49265,0.51088
19/07/2022,115.7,118.95,114.03,118.21,60990040,0.412,0.522,0.49075,0.51154
20/07/2022,120.69,123.49,119.93,122.77,54375130,0.419,0.496,0.47915,0.51266
21/07/2022,123.2,124.85,121.26,124.63,60239890,0.498,0.507,0.47765,0.51686
22/07/2022,125.01,125.5,121.35,122.42,51463800,0.399,0.493,0.46875,0.51912
25/07/2022,122.7,123.64,120.03,121.14,50221260,0.314,0.434,0.4599,0.51446
26/07/2022,115.79,118.15,114.53,114.81,67075060,0.321,0.421,0.44915,0.50856
27/07/2022,117.31,121.9,117.16,120.97,61582020,0.522,0.435,0.45205,0.50762
28/07/2022,121.57,122.84,118.08,122.28,82245540,0.493,0.435,0.457,0.51056
29/07/2022,134.9,137.65,132.41,134.95,148892900,0.539,0.455,0.4617,0.51128
01/08/2022,134.96,138.83,133.51,135.39,76846910,0.428,0.402,0.46255,0.51706
02/08/2022,134.72,137.44,134.09,134.16,61922430,0.496,0.427,0.46895,0.52076
03/08/2022,136.21,140.49,136.05,139.52,71827780,0.608,0.439,0.4805,0.51882
04/08/2022,140.58,143.56,139.55,142.57,70585020,0.56,0.449,0.4839,0.51864
05/08/2022,140.1,142.86,139.6,140.8,50686870,0.483,0.441,0.48805,0.51578
08/08/2022,142.05,143.57,140.09,139.41,52303480,0.347,0.528,0.48065,0.50842
09/08/2022,138.05,138.95,136.21,137.83,40434720,0.527,0.533,0.47495,0.50648
10/08/2022,142.9,144.6,141.01,142.69,54773820,0.353,0.496,0.46265,0.49848
11/08/2022,143.86,144.49,139.76,140.64,44867340,0.575,0.498,0.47015,0.49674
12/08/2022,142.05,143.57,140.09,143.55,47643480,0.595,0.514,0.4753,0.49546
15/08/2022,142.8,143.76,141.49,143.18,39014580,0.515,0.488,0.4702,0.4932
16/08/2022,143.91,146.57,142,144.78,59102860,0.545,0.491,0.47685,0.4942
17/08/2022,142.69,143.57,140.09,142.1,48149780,0.32,0.486,0.4719,0.48628
18/08/2022,141.32,142.77,140.38,142.3,37458740,0.608,0.491,0.4774,0.4898
19/08/2022,136.86,138.85,136.75,138.23,38365930,0.606,0.493,0.48775,0.48808
22/08/2022,131.62,134.07,131.15,133.22,48497700,0.616,0.527,0.50285,0.4925
23/08/2022,133.41,134.99,132.95,133.62,36252100,0.609,0.536,0.51725,0.49284
24/08/2022,132.75,133.57,131.71,133.8,38626980,0.586,0.574,0.52045,0.49428
25/08/2022,135.26,137.42,134.28,137.28,37496280,0.606,0.574,0.5261,0.49444
26/08/2022,136.55,137.83,130.5,130.75,53322660,0.458,0.553,0.52205,0.4908
29/08/2022,132.98,133.31,128.95,129.79,45824690,0.638,0.584,0.53255,0.49698
30/08/2022,131.25,132.07,126.85,128.73,49202990,0.689,0.595,0.5422,0.50176
31/08/2022,129.45,130.59,126.74,126.77,53648700,0.591,0.596,0.54135,0.50056
01/09/2022,126,128.02,123.66,127.82,56636150,0.527,0.585,0.5397,0.50054
02/09/2022,129.5,131.38,126.39,127.51,57429830,0.618,0.608,0.54645,0.50136
06/09/2022,127.92,128.62,124.74,126.11,43888590,0.524,0.626,0.5553,0.50202
07/09/2022,128.82,130.74,128.05,129.48,42178620,0.483,0.611,0.5531,0.50096
08/09/2022,127.72,130.28,127.1,129.82,43988510,0.577,0.618,0.5643,0.50322
09/09/2022,130.91,133.69,131.62,133.27,49422260,0.456,0.595,0.55835,0.50446
12/09/2022,134.1,136.49,134,136.45,53826860,0.718,0.575,0.5645,0.50992
13/09/2022,131.01,131.4,129.64,126.82,72694010,0.464,0.566,0.56195,0.51098
14/09/2022,127.36,128.84,126.33,128.55,45316770,0.498,0.568,0.5596,0.51358
15/09/2022,127.38,130.37,125.5,126.28,52887200,0.496,0.557,0.5684,0.51596
16/09/2022,122.78,123.87,120.7,123.53,115667800,0.485,0.561,0.56225,0.51582
19/09/2022,122.16,124.71,121.8,124.66,47279730,0.588,0.441,0.56135,0.51958
20/09/2022,123.35,124.4,121.14,122.19,47698430,0.631,0.465,0.5621,0.5223
21/09/2022,122.49,123.76,118.45,118.54,58498890,0.63,0.484,0.56315,0.52208
22/09/2022,117.08,118.79,116.26,117.31,55229190,0.548,0.491,0.56125,0.52106
23/09/2022,116,119.35,114.76,113.78,65126670,0.41,0.481,0.55145,0.52076
26/09/2022,113.3,117.34,115.02,115.15,62723270,0.482,0.469,0.55265,0.52056
27/09/2022,117.2,118.32,113.05,114.41,60094690,0.712,0.481,0.55635,0.52246
28/09/2022,114.38,118.7,113.8,118.01,55763750,0.73,0.495,0.5584,0.52882
29/09/2022,115.6,116.07,113.06,114.8,58969710,0.448,0.481,0.55125,0.5294
30/09/2022,114.08,116.92,112.84,113,59479590,0.628,0.512,0.5563,0.532
03/10/2022,113.58,116.91,112.45,115.88,50941850,0.606,0.541,0.5557,0.53614
04/10/2022,119.89,123,119.79,121.09,62812560,0.538,0.516,0.5564,0.54062
05/10/2022,118.58,121.75,117.69,120.95,48217540,0.639,0.503,0.5642,0.54698
06/10/2022,120.77,121.53,119.5,120.3,42253760,0.515,0.513,0.5611,0.54684
07/10/2022,118,118.17,113.88,114.56,54677980,0.623,0.512,0.56945,0.54944
10/10/2022,115.1,116.25,112.43,113.67,42339680,0.588,0.627,0.56295,0.55042
11/10/2022,112.71,115.48,110.39,112.21,56432230,0.674,0.646,0.57345,0.55534
12/10/2022,112.49,113.83,111.4,112.9,45728660,0.608,0.642,0.57895,0.55758
13/10/2022,107.88,113.44,105.35,112.53,86868100,0.541,0.646,0.5812,0.55624
14/10/2022,114.1,114.96,106.6,106.9,67737340,0.418,0.616,0.57785,0.5534
17/10/2022,110.11,114.19,110.09,113.79,62781990,0.802,0.532,0.58855,0.55978
18/10/2022,119.06,119.52,114.79,116.36,65607450,0.469,0.503,0.58045,0.56222
19/10/2022,114.71,116.59,113.22,115.07,47198120,0.54,0.493,0.57595,0.56248
20/10/2022,113.83,118.24,113.51,115.25,48795100,0.282,0.456,0.56265,0.56106
21/10/2022,114.79,119.59,114.5,119.32,55660490,0.476,0.464,0.56595,0.55908
24/10/2022,119.98,120.39,116.57,119.82,49531520,0.536,0.474,0.56865,0.5579
25/10/2022,119.65,121.32,118.95,120.6,50934610,0.657,0.501,0.5659,0.56074
26/10/2022,116,119.35,114.76,115.66,69002460,0.523,0.499,0.55555,0.5603
27/10/2022,113.92,114.12,109.77,110.96,129605400,0.48,0.527,0.55715,0.5635
28/10/2022,97.91,103.96,97.66,103.41,223133400,0.408,0.517,0.54615,0.5595
31/10/2022,103.56,104.87,100.74,102.44,99251400,0.467,0.521,0.5392,0.55672
01/11/2022,103.99,104.58,96.06,96.79,153370000,0.453,0.492,0.53495,0.55346
02/11/2022,97.32,97.74,92.01,92.12,135761800,0.53,0.493,0.5295,0.55188
03/11/2022,92.47,96.54,91.53,89.3,136683300,0.458,0.49,0.52665,0.54932
04/11/2022,91.49,92.44,88.04,90.98,129101300,0.472,0.499,0.5191,0.54664
07/11/2022,91.95,92.1,89.04,90.53,77495730,0.583,0.456,0.51885,0.54914
08/11/2022,90.79,91.72,88.23,89.98,88703370,0.538,0.468,0.51205,0.54714
09/11/2022,89.47,89.48,87.08,86.14,90796250,0.433,0.455,0.5033,0.54202
10/11/2022,92.94,98.69,91.65,96.63,173414900,0.48,0.458,0.50025,0.5398
11/11/2022,97.88,101.19,96.66,100.79,111590500,0.43,0.452,0.50085,0.53786
14/11/2022,98.77,100.12,97.29,98.49,99533070,0.363,0.397,0.4789,0.53276
15/11/2022,103.21,103.79,97.34,98.94,111336300,0.395,0.377,0.4752,0.53018
16/11/2022,96.85,98.49,95.54,97.12,87958830,0.348,0.365,0.4656,0.52748
17/11/2022,95.37,96.97,94.03,94.85,82617870,0.389,0.352,0.47095,0.52372
18/11/2022,95.95,95.99,92.48,94.14,72428190,0.616,0.378,0.47795,0.52692
21/11/2022,93.97,95.02,90.59,92.46,84330270,0.455,0.468,0.4739,0.52166
22/11/2022,92.62,93.35,90.87,93.2,62191960,0.721,0.515,0.4771,0.5268
23/11/2022,94.48,95.36,93.78,94.13,72496390,0.585,0.549,0.4802,0.52854
25/11/2022,93.79,94.43,93.07,93.41,35088610,0.676,0.6,0.49,0.53214
28/11/2022,93.93,96.4,93.43,93.95,75062320,0.659,0.643,0.50255,0.53562
29/11/2022,94.04,94.41,91.44,92.42,65567290,0.67,0.636,0.5127,0.53726
30/11/2022,92.47,96.54,91.53,96.54,102805800,0.705,0.653,0.5253,0.53874
01/12/2022,96.99,97.23,94.92,95.5,68487970,0.606,0.641,0.5291,0.53826
02/12/2022,94.48,95.36,93.78,94.13,72496390,0.733,0.65,0.54285,0.54196
05/12/2022,93.05,94.06,90.82,91.01,71535530,0.698,0.634,0.55415,0.54772
06/12/2022,90.5,91.04,87.9,88.25,75503630,0.684,0.636,0.5592,0.55176
07/12/2022,88.34,89.89,87.48,88.46,68086880,0.269,0.573,0.54575,0.5429
08/12/2022,89.24,90.86,87.88,90.35,73305890,0.696,0.586,0.5589,0.54222
09/12/2022,88.9,90.3,88.63,89.09,67398510,0.583,0.565,0.56405,0.54492
12/12/2022,89.21,90.58,87.87,90.55,61999760,0.746,0.545,0.57985,0.54728
13/12/2022,95.23,96.25,90.52,92.49,100212000,0.66,0.541,0.5947,0.54836
14/12/2022,92.5,93.46,89.87,91.58,70298010,0.482,0.572,0.59905,0.54724
15/12/2022,89.89,89.97,87.47,88.45,84802880,0.419,0.532,0.6026,0.54284
16/12/2022,88.27,89.35,86.73,87.86,146144100,0.597,0.534,0.613,0.54448
19/12/2022,87.51,87.63,84.51,84.92,83531460,0.606,0.56,0.6125,0.54414
20/12/2022,85.33,85.42,83.07,85.19,74348300,0.56,0.546,0.61775,0.54358
21/12/2022,86.18,87.23,85.21,86.77,59267160,0.422,0.537,0.6028,0.53854
22/12/2022,85.52,85.68,82.25,83.79,81431310,0.611,0.565,0.6041,0.5386
23/12/2022,83.25,85.78,82.93,85.25,57433660,0.517,0.553,0.59615,0.53812
27/12/2022,84.97,85.35,83,83.04,57284040,0.728,0.458,0.5996,0.54432
28/12/2022,82.8,83.48,81.69,81.82,58228580,0.563,0.479,0.59425,0.53954
29/12/2022,82.87,84.55,82.55,84.18,54995900,0.683,0.489,0.59315,0.54382
30/12/2022,83.12,84.05,82.47,84,62401190,0.785,0.527,0.6021,0.54872
03/01/2023,85.46,86.96,84.21,85.82,76706040,0.319,0.564,0.5814,0.54946
04/01/2023,86.55,86.98,83.36,85.14,68885120,0.426,0.544,0.5678,0.54846
05/01/2023,85.33,85.42,83.07,83.12,67930830,0.39,0.503,0.5531,0.54554
06/01/2023,83.03,86.4,81.43,86.08,83303360,0.404,0.448,0.55985,0.54048
09/01/2023,87.46,89.48,87.08,87.36,65266060,0.297,0.425,0.5399,0.53596
10/01/2023,87.57,90.19,87.29,89.87,67756600,0.519,0.454,0.5367,0.53674
11/01/2023,90.93,95.26,90.93,95.09,103126200,0.635,0.484,0.53115,0.54128
12/01/2023,96.93,98.09,96,95.27,85254780,0.624,0.517,0.52935,0.54442
13/01/2023,94.18,98.37,94.12,98.12,85549430,0.461,0.525,0.5283,0.54458
17/01/2023,98.68,98.89,95.73,96.05,72755000,0.575,0.495,0.5361,0.54548
18/01/2023,97.25,99.32,95.38,95.46,79570370,0.45,0.468,0.52875,0.54532
19/01/2023,94.74,95.44,92.86,93.68,69002660,0.655,0.473,0.5312,0.54898
20/01/2023,93.86,97.35,93.2,97.25,67481540,0.446,0.471,0.5255,0.54624
23/01/2023,97.56,98.82,96.23,97.52,76501100,0.356,0.423,0.5222,0.5426
24/01/2023,96.93,98.09,96,96.32,66929450,0.512,0.414,0.51725,0.54418
25/01/2023,92.56,97.24,91.52,97.18,94261570,0.454,0.415,0.5141,0.54366
26/01/2023,98.24,99.49,96.92,99.22,68523560,0.554,0.401,0.5054,0.54614
27/01/2023,99.53,103.49,99.53,102.24,87775610,0.429,0.398,0.4987,0.54746
30/01/2023,101.09,101.74,99.01,100.55,70691860,0.513,0.51,0.4902,0.54982
31/01/2023,101.16,103.35,101.14,103.13,66527250,0.678,0.534,0.48485,0.55642
01/02/2023,102.53,106.24,101.24,105.15,80450120,0.527,0.545,0.49525,0.55918
02/02/2023,110.25,114,108.88,112.91,158154200,0.501,0.537,0.499,0.55688
03/02/2023,105.26,108.78,102.52,103.39,144374800,0.229,0.508,0.49095,0.55236
06/02/2023,102.93,103.95,100.65,102.18,81945200,0.601,0.484,0.5008,0.54996
07/02/2023,101.17,102.41,98.08,102.11,119501300,0.329,0.434,0.5024,0.54484
08/02/2023,102.04,102.67,98.78,100.05,75878300,0.482,0.428,0.50055,0.54096
09/02/2023,101.32,101.78,97.57,98.24,64622490,0.337,0.404,0.48565,0.53452
10/02/2023,97.56,98.82,96.23,97.61,52740130,0.603,0.458,0.4846,0.53318
13/02/2023,97.85,99.68,96.91,99.54,52841460,0.574,0.481,0.49025,0.53056
14/02/2023,98.41,98.48,95.7,99.7,56202900,0.569,0.516,0.48995,0.52982
15/02/2023,99.09,101.17,98.45,101.16,48053880,0.618,0.535,0.49835,0.52752
16/02/2023,99.21,100.63,98.1,98.15,56339170,0.546,0.565,0.4929,0.52448
17/02/2023,97.8,97.94,95.65,97.2,60029410,0.73,0.583,0.5071,0.5254
21/02/2023,95.34,95.61,94.27,94.58,56580360,0.467,0.624,0.51265,0.52936
22/02/2023,95.1,97.01,94.8,95.79,59534090,0.576,0.618,0.51585,0.52696
23/02/2023,96.12,96.43,93.67,95.82,48466990,0.711,0.641,0.5287,0.52952
24/02/2023,93.53,94.14,92.32,93.5,57053810,0.623,0.626,0.53215,0.52706
27/02/2023,94.28,94.78,93.14,93.76,47470320,0.484,0.619,0.5349,0.52354
28/02/2023,93.14,94.69,92.92,94.23,43959290,0.745,0.659,0.5465,0.5288
01/03/2023,93.87,94.68,91.59,92.17,52299520,0.633,0.667,0.54425,0.53308
02/03/2023,91.41,92.23,90.39,92.13,55574820,0.655,0.659,0.55065,0.53424
03/03/2023,92.74,94.94,92.66,94.9,55759610,0.626,0.659,0.5569,0.53464
06/03/2023,95.19,96.55,93.74,93.75,52112360,0.722,0.654,0.58155,0.53788
07/03/2023,94.06,95.09,92.78,93.55,49100670,0.538,0.624,0.5784,0.5402
08/03/2023,93.6,94.17,92.18,93.92,44899130,0.606,0.62,0.59225,0.5401
09/03/2023,93.68,96.21,92.18,92.25,56218710,0.621,0.615,0.5992,0.54218
10/03/2023,92.67,93.57,90.25,90.73,69827490,0.802,0.641,0.62245,0.54366
13/03/2023,89.97,94.02,88.12,92.43,72397050,0.647,0.57,0.62465,0.54534
14/03/2023,93.83,95.07,92.71,94.88,60912670,0.525,0.568,0.6222,0.54218
15/03/2023,93.22,96.67,93.07,96.2,70731790,0.463,0.547,0.6169,0.53574
16/03/2023,95.75,100.99,95.61,100.04,84558930,0.534,0.535,0.6127,0.54004
17/03/2023,99.79,100.66,97.46,98.95,87300240,0.667,0.516,0.61875,0.54486
20/03/2023,98.41,98.48,95.7,97.71,62388910,0.317,0.539,0.5981,0.5434
21/03/2023,98.14,100.85,98,100.61,58597280,0.365,0.516,0.593,0.54262
22/03/2023,100.45,102.1,98.61,98.7,57475370,0.797,0.564,0.60405,0.55262
23/03/2023,100.43,101.06,97.62,98.71,57559310,0.725,0.591,0.60475,0.55674
24/03/2023,98.07,98.3,96.4,98.13,56144800,0.595,0.581,0.60335,0.55594
27/03/2023,99.07,99.34,97.08,98.04,46721300,0.598,0.604,0.60905,0.55542
28/03/2023,98.11,98.44,96.29,97.24,38720050,0.618,0.64,0.6027,0.55856
29/03/2023,98.69,100.42,98.56,100.25,49783280,0.885,0.652,0.6153,0.56476
30/03/2023,101.55,103.04,101.01,102,53633400,0.745,0.655,0.6198,0.57066
31/03/2023,102.16,103.49,101.95,103.29,56750320,0.576,0.652,0.6173,0.56908
03/04/2023,102.3,103.29,101.43,102.41,41135730,0.738,0.714,0.6181,0.57492
04/04/2023,102.75,104.2,101.52,103.95,48662500,0.756,0.734,0.629,0.58292
05/04/2023,103.91,103.91,100.75,101.1,45175390,0.684,0.705,0.6329,0.58636
06/04/2023,100.75,102.38,99.8,102.06,43808020,0.797,0.713,0.6417,0.59322
10/04/2023,100.96,102.2,99.57,102.17,37261190,0.53,0.743,0.6281,0.59274
11/04/2023,100.8,101,99.01,99.92,60417850,0.46,0.703,0.61875,0.59336
12/04/2023,100.4,100.51,97.71,97.83,56735010,0.506,0.668,0.6178,0.59322
13/04/2023,98.95,102.57,98.71,102.4,67925140,0.639,0.661,0.6266,0.59244
14/04/2023,102.07,103.2,101.11,102.51,51450520,0.777,0.658,0.63875,0.59744
17/04/2023,103.16,103.73,101.59,102.74,39919460,0.774,0.613,0.6441,0.6029
18/04/2023,103.95,104.2,101.52,102.3,39790520,0.595,0.633,0.658,0.61022
19/04/2023,101.58,105.12,101.39,104.3,58398890,0.51,0.633,0.66525,0.6084
20/04/2023,103.53,105.25,103.21,103.81,57696870,0.55,0.621,0.6529,0.61282
21/04/2023,106.1,108.15,105.08,106.96,86774190,0.405,0.567,0.6369,0.61128
24/04/2023,107.66,109.23,105.07,106.21,69575610,0.605,0.532,0.6374,0.61664
25/04/2023,104.91,105.45,102.45,102.57,65026820,0.749,0.554,0.64495,0.61956
26/04/2023,105.04,106.1,104.7,104.98,73803790,0.748,0.588,0.65145,0.62304
27/04/2023,108.16,110.86,106.8,109.82,149961200,0.651,0.603,0.63975,0.62468
28/04/2023,107.73,109.48,104.33,105.45,130715900,0.554,0.624,0.6302,0.6234
01/05/2023,104.95,105.23,101.82,102.05,74728100,0.542,0.558,0.6285,0.62332
02/05/2023,101.47,103.9,101.15,103.63,73469350,0.546,0.529,0.6189,0.61964
03/05/2023,103.74,105.96,103.28,103.65,65051930,0.578,0.505,0.61,0.62186
04/05/2023,104.04,105.39,103.31,104,45345520,0.698,0.512,0.6107,0.6243
05/05/2023,104.27,105.76,103.55,105.66,56951740,0.819,0.55,0.6118,0.62646
08/05/2023,105.04,106.1,104.7,105.83,49430910,0.711,0.677,0.62085,0.62822
09/05/2023,105.48,106.79,105.16,106.62,44089360,0.854,0.721,0.64055,0.63562
10/05/2023,108.1,110.67,108.05,110.19,78627620,0.706,0.744,0.65055,0.63484
11/05/2023,111.03,113.28,110.49,112.18,74924840,0.61,0.749,0.6491,0.63438
12/05/2023,112.16,112.64,109.32,110.26,49852670,0.521,0.723,0.6363,0.6317
15/05/2023,111.15,112.29,109.25,111.2,53011150,0.665,0.683,0.63085,0.63248
16/05/2023,111.05,114.79,111.05,113.4,71472910,0.588,0.645,0.6305,0.6298
17/05/2023,114.89,115.83,114.22,115.5,65655180,0.528,0.62,0.6314,0.6296
18/05/2023,116.69,118.6,116.34,118.15,73174090,0.82,0.65,0.6449,0.63388
19/05/2023,118.16,118.31,115.7,116.25,55056310,0.811,0.691,0.6652,0.63768
22/05/2023,116.77,116.77,114.25,115.01,70741120,0.606,0.64,0.66525,0.63376
23/05/2023,114.27,117.14,113.78,114.99,67576260,0.403,0.603,0.64795,0.62888
24/05/2023,115.35,117.34,115.02,116.75,63487940,0.996,0.661,0.66035,0.6383
25/05/2023,116.63,116.87,114.31,115,66496680,0.876,0.711,0.6716,0.64656
26/05/2023,116.04,121.5,116.02,120.11,96779890,0.966,0.731,0.6922,0.6552
30/05/2023,122.37,122.92,119.86,121.66,64314810,0.698,0.933,0.7,0.65582
31/05/2023,121.45,122.04,119.17,120.58,72800790,0.423,0.851,0.69385,0.65794
01/06/2023,120.69,123.49,119.93,122.77,54375130,0.756,0.834,0.70275,0.66576
02/06/2023,123.01,125.63,122.26,124.25,62159270,0.582,0.779,0.69695,0.66146
05/06/2023,123.36,125.8,123.19,125.3,47950130,0.603,0.604,0.68615,0.65902
06/06/2023,125.07,127.4,125,126.61,45695210,0.724,0.607,0.6868,0.6616
07/06/2023,127.01,127.37,120.63,121.23,95663280,0.579,0.63,0.67305,0.66122
08/06/2023,123.01,125.63,122.26,124.25,62159270,0.552,0.6,0.66535,0.6599
09/06/2023,124.08,125.8,123.19,123.43,51396020,0.599,0.603,0.6648,0.65418
12/06/2023,124.02,126.78,123.53,126.57,51473380,0.586,0.668,0.66805,0.651
13/06/2023,128.12,128.41,125.18,126.66,50564790,0.366,0.617,0.6531,0.6468
14/06/2023,126.7,126.95,124.12,126.42,52422460,0.37,0.587,0.6422,0.63944
15/06/2023,125.21,127.69,124.32,127.11,60458470,0.644,0.6,0.648,0.6372
16/06/2023,127.71,127.9,125.3,125.49,84247100,0.547,0.592,0.63435,0.63446
20/06/2023,124.97,127.25,124.5,125.78,56930120,0.737,0.586,0.63065,0.63326
21/06/2023,125.64,126.73,124.33,124.83,52137670,0.31,0.578,0.61585,0.62886
22/06/2023,125.31,130.33,125.14,130.15,90354570,0.569,0.567,0.62415,0.63104
23/06/2023,131.94,132.24,127.47,129.33,70343340,0.683,0.586,0.6085,0.63458
26/06/2023,129.33,131.49,127.1,127.33,59989320,0.63,0.574,0.5962,0.6344
27/06/2023,128.63,130.09,127.55,129.18,46801010,0.762,0.577,0.586,0.6341
28/06/2023,128.94,131.48,128.44,129.04,52149510,0.747,0.64,0.58845,0.63356
29/06/2023,128.77,129.26,127.26,127.9,40760960,0.629,0.648,0.59875,0.63424
30/06/2023,129.47,131.25,128.95,130.36,54350680,0.823,0.668,0.6021,0.6405
03/07/2023,130.82,131.85,130.07,130.22,27939570,0.784,0.723,0.6122,0.64518
05/07/2023,130.24,131.4,129.64,130.38,35895410,0.674,0.675,0.61575,0.65056
06/07/2023,128.25,128.73,127.37,128.36,40697850,0.76,0.677,0.61755,0.65366
07/07/2023,128.59,130.97,128.13,129.78,41992250,0.656,0.681,0.6214,0.6518
10/07/2023,129.07,129.28,125.92,127.13,61889290,0.628,0.653,0.6252,0.6494
11/07/2023,127.75,129.77,127.35,128.78,49951460,0.476,0.666,0.61905,0.6459
12/07/2023,130.31,131.26,128.83,130.8,54022850,0.611,0.657,0.6203,0.64704
13/07/2023,134.04,134.67,132.71,134.3,61170880,0.777,0.66,0.64085,0.65174
14/07/2023,133.74,135.19,132.71,134.68,41442480,0.713,0.668,0.658,0.65508
17/07/2023,134.56,135.62,133.21,133.56,48450200,0.794,0.651,0.6655,0.6594
18/07/2023,132.71,133.86,131.36,132.83,54969130,0.808,0.698,0.67855,0.6616
19/07/2023,136.32,137.45,134.61,135.36,41785510,0.554,0.69,0.6694,0.6563
20/07/2023,134.07,134.79,129.33,129.96,59820580,0.628,0.669,0.6853,0.65464
21/07/2023,131.34,131.37,128.42,130,133307300,0.51,0.64,0.68235,0.64776
24/07/2023,130.31,131.66,128.35,128.8,45671540,0.605,0.485,0.67845,0.64574
25/07/2023,129.31,129.58,128.53,129.13,39236660,0.682,0.467,0.68105,0.64718
26/07/2023,126.51,129.08,126.11,128.15,53910090,0.644,0.48,0.67515,0.64964
27/07/2023,131,132.63,127.79,128.25,52610660,0.569,0.471,0.66625,0.64772
28/07/2023,129.69,133.01,129.33,132.21,46317380,0.628,0.488,0.6662,0.64852
31/07/2023,133.2,133.87,130.58,133.68,41901520,0.72,0.688,0.66105,0.65236
01/08/2023,133.55,133.69,131.62,131.69,42298930,0.583,0.674,0.651,0.64762
02/08/2023,130.15,130.23,126.82,128.21,51027610,0.702,0.683,0.6524,0.64544
03/08/2023,127.48,129.84,126.41,128.91,91163740,0.624,0.69,0.6456,0.6458
04/08/2023,141.06,143.63,139.32,139.57,153128500,0.678,0.698,0.6467,0.6513
07/08/2023,140.99,142.54,138.95,142.22,71213110,0.387,0.659,0.63465,0.63912
08/08/2023,140.62,140.84,138.42,139.94,51710500,0.755,0.684,0.6486,0.6367
09/08/2023,133.9,138.03,133.16,137.85,48498910,0.682,0.681,0.65215,0.63102
10/08/2023,139.08,140.41,137.49,138.56,58928400,0.741,0.697,0.65035,0.63188
11/08/2023,137.4,139.33,137,138.41,42905830,0.74,0.706,0.6517,0.63822
14/08/2023,138.3,140.59,137.75,140.57,47148700,0.779,0.707,0.65095,0.63868
15/08/2023,140.05,141.28,137.23,137.67,42781520,0.725,0.702,0.6468,0.64154
16/08/2023,134.93,135.68,133.92,135.07,36137020,0.695,0.704,0.65385,0.64338
17/08/2023,135.46,136.09,133.53,133.98,48354090,0.707,0.699,0.6578,0.64304
18/08/2023,131.62,134.07,131.15,133.22,48497700,0.747,0.7,0.66965,0.6464
21/08/2023,133.74,135.19,132.71,134.68,41442480,0.776,0.718,0.6782,0.65088
22/08/2023,135.08,135.65,133.73,134.25,32935100,0.75,0.722,0.6816,0.6539
23/08/2023,134.5,135.95,133.22,135.52,42801040,0.718,0.725,0.6853,0.65654
24/08/2023,136.4,136.78,131.83,131.84,43646250,0.743,0.73,0.694,0.66408
25/08/2023,132.47,133.87,130.58,133.26,44147450,0.416,0.683,0.6834,0.665
28/08/2023,133.78,133.95,131.85,133.14,34108410,0.862,0.683,0.6905,0.66936
29/08/2023,133.38,135.14,133.25,134.91,38646090,0.634,0.666,0.69305,0.6711
30/08/2023,134.93,135.68,133.92,135.07,36137020,0.635,0.654,0.6897,0.66906
31/08/2023,135.06,138.79,135,138.01,58781310,0.638,0.639,0.6904,0.67562
01/09/2023,139.46,139.96,136.88,138.12,40991540,0.677,0.676,0.69035,0.67778
05/09/2023,137.73,137.8,135.82,137.27,40636740,0.541,0.521,0.69805,0.67494
06/09/2023,136.32,137.45,134.61,135.36,41785510,0.663,0.525,0.69345,0.6756
07/09/2023,133.9,138.03,133.16,137.85,48498910,0.625,0.523,0.6906,0.67286
08/09/2023,136.86,138.85,136.75,138.23,38365930,0.584,0.51,0.68275,0.6696
11/09/2023,138.75,143.62,138.64,143.1,56764530,0.724,0.592,0.68195,0.6715
12/09/2023,142.32,143,140.61,141.23,42668450,0.764,0.624,0.6812,0.67032
13/09/2023,140.95,144.98,140.87,144.85,60465180,0.616,0.617,0.67575,0.66696
14/09/2023,145.08,145.86,142.95,144.72,64033610,0.626,0.617,0.6723,0.666
15/09/2023,142.69,143.57,140.09,140.39,102909300,0.619,0.622,0.6679,0.66318
18/09/2023,140.48,141.75,139.22,139.98,42823480,0.652,0.659,0.66315,0.6631
19/09/2023,138.7,138.84,135.56,137.63,61482470,0.602,0.636,0.65445,0.66258
20/09/2023,138.55,139.37,135.2,135.29,46263720,0.643,0.64,0.6491,0.66592
21/09/2023,131.94,132.24,127.47,129.33,70343340,0.603,0.637,0.64335,0.66576
22/09/2023,131.11,132.03,128.52,129.12,59904350,0.612,0.636,0.6368,0.66246
25/09/2023,129.36,131.78,128.77,131.27,46017830,0.6,0.611,0.646,0.6602
26/09/2023,124.04,126.58,123.04,125.98,54554970,0.289,0.566,0.61735,0.6501
27/09/2023,124.04,126.58,123.04,125.98,54554970,0.347,0.524,0.603,0.64088
28/09/2023,124.04,126.58,123.04,125.98,54554970,0.551,0.516,0.5988,0.64082
29/09/2023,128.2,129.15,126.32,127.12,62411730,0.454,0.494,0.5896,0.63734
02/10/2023,127.28,130.47,126.54,129.46,48029740,0.594,0.463,0.58545,0.63902
03/10/2023,128.06,128.52,124.25,124.72,51564990,0.579,0.505,0.58735,0.6385
04/10/2023,126.06,127.36,125.68,127,44203870,0.71,0.556,0.5897,0.63906
05/10/2023,126.71,126.73,124.33,125.96,39660640,0.607,0.564,0.5888,0.63832
06/10/2023,124.16,128.45,124.13,127.96,46836700,0.435,0.562,0.58135,0.63564
09/10/2023,126.22,128.79,124.76,128.26,38773740,0.573,0.579,0.5738,0.63454
10/10/2023,128.82,130.74,128.05,129.48,42178620,0.682,0.592,0.5697,0.63378
11/10/2023,129.74,132.05,129.61,131.83,40741840,0.68,0.606,0.5729,0.63572
12/10/2023,132.17,134.48,131.23,132.33,55528580,0.71,0.606,0.5771,0.63588
13/10/2023,132.98,133.31,128.95,129.79,45824690,0.531,0.596,0.5727,0.63402
16/10/2023,130.69,133.07,130.43,132.55,42832920,0.64,0.599,0.5721,0.63326
17/10/2023,130.39,132.58,128.71,131.47,49344550,0.718,0.604,0.5779,0.63988
18/10/2023,129.9,130.67,127.51,128.13,42699480,0.398,0.564,0.56565,0.63274
19/10/2023,130.57,132.24,127.47,128.4,60961360,0.552,0.542,0.5631,0.63014
20/10/2023,128.05,128.17,124.97,125.17,56406410,0.528,0.541,0.5589,0.62588
23/10/2023,124.63,127.88,123.98,126.56,48259950,0.573,0.595,0.55755,0.62254
24/10/2023,127.74,128.8,126.34,128.56,46477360,0.782,0.604,0.5822,0.6226
25/10/2023,126.04,126.34,120.79,121.39,74577540,0.574,0.629,0.59355,0.61958
26/10/2023,120.63,121.64,118.35,119.57,100419500,0.572,0.632,0.5946,0.61712
27/10/2023,126.2,130.02,125.52,127.74,125309300,0.658,0.651,0.6048,0.61614
30/10/2023,129.72,133,128.56,132.71,72485540,0.576,0.625,0.6039,0.61272
31/10/2023,132.75,133.57,131.71,133.09,51589380,0.67,0.609,0.60845,0.6106
01/11/2023,133.96,137.35,133.71,137,61529410,0.439,0.59,0.5949,0.60438
02/11/2023,138.73,138.81,136.47,138.07,52236690,0.658,0.602,0.59745,0.60318
03/11/2023,138.99,139.49,137.45,138.6,44059810,0.591,0.592,0.60525,0.60014
06/11/2023,138.76,140.73,138.36,139.74,44970420,0.761,0.595,0.61465,0.60704
07/11/2023,140.55,143.37,140.5,142.71,53553540,0.436,0.562,0.60235,0.59852
08/11/2023,142.97,143.12,141.22,142.08,44521660,0.722,0.602,0.60445,0.60028
09/11/2023,142.02,142.65,139.84,140.6,36235370,0.511,0.581,0.5945,0.5978
10/11/2023,140.46,143.65,139.91,143.56,49349940,0.584,0.58,0.59715,0.59672
13/11/2023,142.08,143.23,140.67,142.59,35680570,0.647,0.611,0.5975,0.59612
14/11/2023,145,147.26,144.68,145.8,56674550,0.735,0.653,0.59835,0.6
15/11/2023,147.06,147.29,142.59,143.2,63875720,0.771,0.66,0.617,0.60216
16/11/2023,140.91,143.32,139.52,142.83,49653510,0.546,0.665,0.6167,0.60058
17/11/2023,142.66,145.23,142.55,145.18,49678440,0.648,0.674,0.6227,0.60186
20/11/2023,145.13,146.63,144.73,146.13,41978770,0.467,0.637,0.6174,0.59672
21/11/2023,143.91,144.05,141.5,143.9,71225990,0.616,0.62,0.6091,0.59376
22/11/2023,144.57,147.74,144.57,146.71,45700000,0.733,0.615,0.61705,0.5961
24/11/2023,146.7,147.2,145.32,146.74,22378380,0.583,0.63,0.6176,0.59524
27/11/2023,147.53,149.26,146.88,147.73,53762430,0.701,0.634,0.61975,0.59688
28/11/2023,146,147.25,145.55,147.03,39951830,0.787,0.659,0.6303,0.59958
29/11/2023,147.85,148.54,145.97,146.32,40610910,0.684,0.652,0.631,0.60122
30/11/2023,144.76,146.93,144.33,146.09,65814020,0.712,0.651,0.64465,0.6026
01/12/2023,146,147.25,145.55,147.03,39951830,0.569,0.649,0.6402,0.60192
04/12/2023,145.25,145.35,142.81,144.84,48294240,0.624,0.617,0.64185,0.60216
05/12/2023,146.15,147.92,145.34,146.88,52352830,0.724,0.608,0.64,0.60464
06/12/2023,147.58,147.85,144.28,144.52,39678960,0.678,0.607,0.6521,0.61242
07/12/2023,146.15,147.92,145.34,146.88,52352830,0.508,0.578,0.6414,0.61564
08/12/2023,149.93,150.54,145.52,147.42,58400850,0.57,0.578,0.64435,0.61602
11/12/2023,145.66,146.19,143.64,145.89,50907290,0.584,0.593,0.64435,0.61862
12/12/2023,145.52,147.5,145.3,147.48,44944260,0.757,0.598,0.64985,0.62188
13/12/2023,148.12,149.46,146.82,148.84,52766200,0.619,0.589,0.64405,0.62268
14/12/2023,149.93,150.54,145.52,147.42,58400850,0.673,0.613,0.63915,0.62194
15/12/2023,148.38,150.57,147.88,149.97,110089300,0.729,0.636,0.6483,0.62438
18/12/2023,150.56,154.86,150.05,154.07,62512830,0.814,0.671,0.6566,0.63196
19/12/2023,154.4,155.12,152.69,153.79,43171290,0.833,0.682,0.6749,0.63716
20/12/2023,152.9,155.63,151.56,152.12,50322110,0.701,0.694,0.67915,0.63754
21/12/2023,153.3,153.97,152.1,153.84,36305730,0.779,0.709,0.68145,0.63952
22/12/2023,153.77,154.35,152.71,153.42,29514090,0.851,0.727,0.69485,0.64234
26/12/2023,153.56,154.78,153.12,153.41,25067220,0.813,0.736,0.70045,0.64798
27/12/2023,153.56,154.78,153.12,153.34,31434730,0.586,0.72,0.6904,0.6469
28/12/2023,153.72,154.08,152.95,153.38,27057000,0.613,0.696,0.68685,0.6448
29/12/2023,153.1,153.89,151.03,151.94,39823200,0.84,0.694,0.69325,0.65364
02/01/2024,151.54,152.38,148.39,149.93,47339420,0.759,0.749,0.70275,0.65778
03/01/2024,149.2,151.05,148.33,148.47,49425500,0.843,0.786,0.7137,0.66408
04/01/2024,145.59,147.38,144.05,144.57,56039810,0.648,0.791,0.7099,0.66558
05/01/2024,144.69,146.59,144.53,145.24,45153150,0.738,0.776,0.7129,0.6647
08/01/2024,146.74,149.4,146.15,149.1,46757050,0.727,0.669,0.72385,0.66776
09/01/2024,148.33,151.71,148.21,151.37,43812570,0.623,0.65,0.7265,0.66878
10/01/2024,152.06,154.42,151.88,153.73,44421830,0.68,0.627,0.7313,0.66922
11/01/2024,155.04,157.17,153.12,155.18,49072690,0.437,0.596,0.7153,0.66644
12/01/2024,155.39,156.2,154.01,154.62,40484160,0.703,0.591,0.7195,0.6671
16/01/2024,153.53,154.99,152.15,153.16,41384640,0.796,0.709,0.72565,0.67424
17/01/2024,151.49,152.15,149.91,151.71,34953360,0.865,0.735,0.73245,0.67838
18/01/2024,152.77,153.78,151.82,153.5,37850250,0.545,0.75,0.719,0.67746
19/01/2024,153.83,155.76,152.74,155.34,51651630,0.477,0.718,0.7012,0.67178
22/01/2024,156.89,157.05,153.9,154.78,43687470,0.916,0.705,0.71195,0.68138
23/01/2024,154.85,156.21,153.93,156.02,37986040,0.772,0.701,0.7116,0.68238
24/01/2024,157.8,158.51,156.48,156.87,48547320,0.812,0.694,0.70965,0.6884
25/01/2024,156.95,158.51,154.55,157.75,43638590,0.721,0.719,0.70505,0.69114
26/01/2024,158.42,160.72,157.91,159.12,51047350,0.837,0.77,0.7176,0.69494
29/01/2024,159.34,161.29,158.9,161.26,45270390,0.716,0.787,0.72275,0.69456
30/01/2024,160.7,161.73,158.49,159,45207430,0.765,0.786,0.719,0.69444
31/01/2024,157,159.01,154.81,155.2,50284370,0.765,0.78,0.7193,0.69882
01/02/2024,155.87,159.76,155.62,159.28,76542420,0.75,0.784,0.71465,0.70086
02/02/2024,169.19,172.5,167.33,171.81,117218300,0.758,0.773,0.72015,0.70668
05/02/2024,170.2,170.55,167.7,170.31,55081300,0.772,0.758,0.72185,0.7098
06/02/2024,169.39,170.71,167.65,169.15,42505520,0.749,0.755,0.72295,0.71012
07/02/2024,169.48,170.88,168.94,170.53,47174060,0.779,0.757,0.73075,0.71404
08/02/2024,169.65,171.43,168.88,169.84,42316450,0.798,0.764,0.73665,0.71598
09/02/2024,170.9,175,170.58,174.45,56985990,0.688,0.754,0.7492,0.714
12/02/2024,174.8,175.39,171.54,172.34,51050440,0.932,0.761,0.76065,0.71896
13/02/2024,167.73,170.95,165.75,168.64,56345120,0.768,0.764,0.75925,0.72008
14/02/2024,169.21,171.21,168.28,170.98,42815540,0.831,0.771,0.75755,0.72532
15/02/2024,170.58,171.17,167.59,169.8,49855200,0.97,0.796,0.7788,0.73224
16/02/2024,168.74,170.42,167.17,169.51,48107740,0.696,0.797,0.78975,0.73168
20/02/2024,167.83,168.71,165.74,167.08,41980330,0.752,0.846,0.78155,0.73316
21/02/2024,168.94,170.23,167.14,168.59,44575620,0.629,0.817,0.7744,0.73558
22/02/2024,173.1,174.8,171.77,174.58,55392350,0.818,0.796,0.7747,0.74054
23/02/2024,174.28,175.75,173.7,174.99,59715240,0.754,0.804,0.77635,0.74394
26/02/2024,175.7,176.37,174.26,174.73,44368610,0.656,0.745,0.7673,0.74192
27/02/2024,174.08,174.62,172.86,173.54,31141730,0.498,0.709,0.7564,0.7395
28/02/2024,172.44,174.05,172.27,173.16,28180480,0.766,0.729,0.75645,0.74136
29/02/2024,173.01,177.22,172.85,176.76,53805360,0.825,0.73,0.75945,0.74328
01/03/2024,177.64,178.3,176.16,178.22,31129810,0.997,0.764,0.7718,0.74694
04/03/2024,177.53,180.14,177.49,177.58,37381520,0.721,0.729,0.76995,0.7447
05/03/2024,176.93,176.93,173.3,174.12,37228340,0.845,0.779,0.7736,0.74758
06/03/2024,175.54,176.46,173.26,173.51,32090930,0.609,0.756,0.7666,0.74418
07/03/2024,174.83,177.99,173.72,176.82,34063280,0.947,0.774,0.775,0.7461
08/03/2024,176.44,178.79,174.33,175.35,37893240,0.962,0.769,0.7832,0.74908
11/03/2024,174.31,174.47,171.47,171.96,28484780,0.682,0.833,0.7829,0.751
12/03/2024,173.5,176.76,171.98,175.39,36610600,0.694,0.811,0.771,0.75262
13/03/2024,175.9,177.62,175.55,176.56,30772600,0.659,0.818,0.76555,0.749
14/03/2024,177.69,179.53,176.47,178.75,43705840,0.659,0.777,0.75695,0.747
15/03/2024,176.64,177.93,173.9,174.42,72147390,0.584,0.723,0.73765,0.74182
18/03/2024,175.8,176.69,174.28,174.48,31250690,0.899,0.68,0.7478,0.74684
19/03/2024,174.22,176.09,173.52,175.9,26880890,0.749,0.688,0.74765,0.74706
20/03/2024,179.99,181.42,178.15,178.15,32824320,0.6,0.68,0.7462,0.74452
21/03/2024,179.99,181.42,178.15,178.15,32824320,0.879,0.711,0.74925,0.74964
22/03/2024,177.75,179.26,176.75,178.87,27995380,0.779,0.739,0.7505,0.75162
25/03/2024,178.01,180.99,177.24,179.71,29815460,0.83,0.776,0.7592,0.75948
26/03/2024,180.15,180.45,177.95,178.3,29658980,0.526,0.744,0.7606,0.75594
27/03/2024,179.88,180,177.31,179.83,33272550,0.993,0.8,0.77195,0.75988
28/03/2024,180.17,181.7,179.26,180.38,38051590,0.79,0.788,0.7702,0.75838
01/04/2024,180.79,183,179.95,180.97,29174520,0.685,0.729,0.7546,0.76118
02/04/2024,179.07,180.79,178.38,180.69,32611550,0.808,0.77,0.75895,0.7678
03/04/2024,179.9,182.87,179.8,182.41,31046640,0.638,0.719,0.7486,0.76224
04/04/2024,184,185.1,179.91,180,41624260,0.609,0.693,0.7486,0.75898
05/04/2024,182.38,186.27,181.97,185.07,42373990,0.731,0.714,0.7378,0.75736
08/04/2024,186.9,187.29,184.81,185.19,39221280,0.81,0.678,0.7302,0.75914
09/04/2024,187.24,187.34,184.2,185.67,36546950,0.862,0.686,0.7392,0.75964
10/04/2024,182.77,186.27,182.67,185.95,35879150,0.738,0.7,0.7414,0.76008
11/04/2024,186.74,189.77,185.51,189.05,40020740,0.747,0.72,0.7458,0.75972
12/04/2024,187.72,188.38,185.08,186.13,38608850,0.701,0.716,0.7479,0.75844
15/04/2024,187.43,188.69,183,183.62,48052400,0.783,0.782,0.75785,0.7591
16/04/2024,183.27,184.83,182.26,183.32,32891270,0.717,0.761,0.74875,0.75828
17/04/2024,180.1,181.5,178.75,181.28,32116390,0.936,0.789,0.7581,0.76156
18/04/2024,181.47,182.39,178.65,179.22,30723790,0.769,0.793,0.76655,0.76196
19/04/2024,178.74,179,173.44,174.63,56000730,0.796,0.806,0.7624,0.7623
22/04/2024,176.94,178.87,174.56,177.23,37924890,0.888,0.81,0.76785,0.7641
23/04/2024,178.08,179.93,175.98,179.54,37046520,0.8,0.822,0.76635,0.76634
24/04/2024,179.94,180.32,176.18,176.59,34185110,0.648,0.781,0.77245,0.76066
25/04/2024,169.68,173.92,166.32,173.67,49249390,0.725,0.775,0.75905,0.7598
26/04/2024,177.8,180.82,176.13,179.62,43919770,0.63,0.751,0.75105,0.75578
29/04/2024,182.75,183.53,179.39,180.96,54063940,0.907,0.749,0.76215,0.75452
30/04/2024,181.09,182.99,174.8,175,94639790,0.698,0.734,0.75665,0.75456
01/05/2024,181.64,185.15,176.56,179,94645150,0.74,0.747,0.76175,0.75432
02/05/2024,180.85,185.1,179.91,184.72,54303510,0.678,0.74,0.7652,0.7553
03/05/2024,186.99,187.87,185.42,186.21,39172000,0.807,0.766,0.769,0.75508
06/05/2024,186.28,188.75,184.8,188.7,34725300,0.503,0.702,0.75365,0.75006
07/05/2024,188.92,189.94,187.31,188.76,34048900,0.709,0.704,0.746,0.75112
08/05/2024,187.44,188.43,186.39,188,26136350,0.795,0.712,0.74885,0.75706
09/05/2024,188.88,191.7,187.44,189.5,43368380,0.772,0.725,0.7501,0.75718
10/05/2024,189.16,189.89,186.93,187.48,34141770,0.768,0.72,0.75345,0.75604
13/05/2024,188,188.31,185.36,186.57,24898610,0.833,0.754,0.75595,0.75276
14/05/2024,183.82,187.72,183.45,187.07,38698160,0.778,0.764,0.759,0.7539
15/05/2024,185.97,186.72,182.73,185.99,75459930,0.645,0.742,0.74445,0.7499
16/05/2024,185.6,187.31,183.46,183.63,38834450,0.802,0.747,0.7461,0.75376
17/05/2024,183.76,185.3,183.35,184.7,33175660,0.804,0.752,0.7465,0.7509
20/05/2024,184.34,186.67,183.28,183.54,30511770,0.901,0.762,0.74715,0.74968
21/05/2024,182.3,183.26,180.75,183.15,50839130,0.819,0.768,0.7481,0.75242
22/05/2024,181.14,184.93,180.11,183.13,43081830,0.729,0.78,0.75215,0.75312
23/05/2024,183.66,184.76,180.08,181.05,33670170,0.78,0.776,0.7549,0.75554
24/05/2024,181.65,182.44,180.3,180.75,27471640,0.814,0.778,0.7641,0.75864
28/05/2024,179.93,185.86,178,182.15,29926960,0.821,0.805,0.7598,0.76338
29/05/2024,181.7,184.08,181.55,182.02,32009290,0.626,0.79,0.7562,0.75792
30/05/2024,181.31,181.34,178.36,179.32,29249230,0.706,0.78,0.7545,0.75706
31/05/2024,178.3,179.21,173.87,176.44,58903940,0.724,0.767,0.7568,0.75954
03/06/2024,177.7,178.7,175.92,178.34,30786640,0.718,0.736,0.75235,0.75632
04/06/2024,177.64,178.3,176.16,179.34,27198390,0.988,0.76,0.7766,0.7605
05/06/2024,180.1,181.5,178.75,181.28,32116390,0.86,0.793,0.78415,0.7611
06/06/2024,181.75,185,181.22,185,31371150,0.906,0.822,0.7897,0.7687
07/06/2024,184.9,186.19,183.45,184.3,28021470,0.735,0.823,0.78785,0.76354
10/06/2024,184.07,187.23,183.79,187.06,34494500,0.78,0.872,0.78845,0.76334
11/06/2024,187.06,187.77,184.54,187.23,27265110,0.882,0.856,0.7909,0.76728
12/06/2024,187.05,187.78,185.61,186.89,23456810,0.815,0.85,0.79275,0.76742
13/06/2024,186.09,187.67,182.67,183.83,39721550,0.96,0.858,0.8085,0.77386
14/06/2024,183.08,183.72,182.23,183.66,25456410,0.738,0.858,0.8053,0.77644
17/06/2024,182.52,185,181.22,184.06,35601910,0.694,0.774,0.7998,0.7757
18/06/2024,183.74,184.29,181.43,182.81,36659160,0.468,0.715,0.77815,0.76886
20/06/2024,182.91,183.9,176.8,186.1,44726780,0.88,0.697,0.7812,0.76922
21/06/2024,187.8,189.28,185.86,189.08,72931750,0.747,0.699,0.7821,0.7694
24/06/2024,189.33,191,185.33,185.57,50610380,0.652,0.716,0.7757,0.7675
25/06/2024,186.81,188.84,185.42,186.34,45898480,0.789,0.762,0.77445,0.76926
26/06/2024,186.92,194.8,186.26,193.61,65103890,0.716,0.754,0.7692,0.76792
27/06/2024,195.01,199.84,194.2,197.85,74397490,0.775,0.739,0.77665,0.76908
28/06/2024,197.73,198.85,192.5,193.25,76930190,0.781,0.744,0.7804,0.76598
01/07/2024,193.49,198.3,192.82,197.2,41192010,0.664,0.787,0.7774,0.76388
02/07/2024,198.65,200.55,198.17,200,39858890,0.827,0.793,0.78285,0.7645
03/07/2024,199.94,200.03,196.76,197.59,31597930,0.847,0.812,0.7758,0.76368
05/07/2024,198.65,200.55,198.17,200,39858890,0.7,0.819,0.7678,0.76168
08/07/2024,200.04,201.2,197.96,199.29,34767260,0.952,0.84,0.7701,0.76776
09/07/2024,199.4,200.57,199.05,199.34,32756740,0.738,0.827,0.77025,0.76802
10/07/2024,200,200.11,197.69,199.79,32883750,0.742,0.812,0.76835,0.77026
11/07/2024,200.09,200.27,192.86,195.05,44565040,0.778,0.794,0.76315,0.76768
12/07/2024,194.8,196.47,193.83,194.49,30598530,0.754,0.802,0.7601,0.7688
15/07/2024,198.42,199.26,191.88,192.72,52548230,0.711,0.735,0.74765,0.76822
16/07/2024,195.59,196.62,192.24,193.02,33994710,0.741,0.735,0.7478,0.76948
17/07/2024,191.35,191.58,185.99,187.93,48076140,0.537,0.706,0.73995,0.76408
18/07/2024,189.59,189.68,181.45,183.75,51043630,0.794,0.708,0.75625,0.7699
19/07/2024,181.14,184.93,180.11,183.13,43081830,0.4,0.658,0.73225,0.76372
22/07/2024,185,185.06,182.48,182.55,39931920,0.747,0.685,0.73225,0.76276
23/07/2024,184.1,189.39,183.56,186.41,47537670,0.7,0.679,0.73465,0.76132
24/07/2024,183.2,185.45,180.41,180.83,41532360,0.899,0.731,0.74015,0.76394
25/07/2024,182.91,183.9,176.8,179.85,44464160,0.733,0.722,0.741,0.76194
26/07/2024,180.39,183.19,180.24,182.5,29505960,0.792,0.778,0.74185,0.76222
29/07/2024,183.84,184.75,182.38,183.2,33270120,0.779,0.765,0.74175,0.7649
30/07/2024,184.72,185.86,178,181.71,39508570,0.634,0.756,0.74025,0.76154
31/07/2024,185.05,187.94,184.46,186.98,41667330,0.878,0.753,0.7428,0.76302
01/08/2024,189.29,190.6,185.23,184.07,70435640,0.74,0.754,0.73745,0.7598
02/08/2024,166.75,168.77,160.55,167.9,141448400,0.434,0.703,0.72415,0.7521
05/08/2024,154.21,162.96,151.61,161.02,83149440,0.421,0.614,0.6976,0.74594
06/08/2024,161.71,165.08,158.54,161.93,59950830,0.669,0.619,0.69415,0.74372
07/08/2024,166.55,167.58,161.43,162.77,48408240,0.685,0.592,0.6913,0.74114
08/08/2024,165.17,166.69,162.55,165.8,44616210,0.595,0.571,0.68215,0.73662
09/08/2024,166.4,168.55,166.11,166.94,36401050,0.599,0.594,0.6744,0.73608
12/08/2024,168.14,168.55,166.11,166.8,30072790,0.792,0.68,0.67845,0.7378
13/08/2024,167.81,171.04,167.1,170.23,39237920,0.845,0.705,0.68365,0.74022
14/08/2024,172.11,172.28,168.86,170.1,28843800,0.925,0.739,0.70305,0.74436
15/08/2024,174.86,177.91,173.99,177.59,51698510,0.715,0.756,0.6991,0.7389
16/08/2024,177.04,178.34,176.26,177.06,31489180,0.797,0.785,0.71895,0.73764
19/08/2024,177.64,178.3,176.16,178.22,31129810,0.885,0.802,0.72585,0.73722
20/08/2024,177.92,179.01,177.43,178.88,26255200,0.898,0.809,0.73575,0.74048
21/08/2024,179.92,182.39,178.89,180.11,35599120,0.728,0.781,0.7272,0.73944
22/08/2024,181.38,181.47,175.68,176.13,32047480,0.649,0.772,0.723,0.73478
23/08/2024,177.34,178.97,175.24,177.04,29150090,0.66,0.752,0.7164,0.73168
26/08/2024,176.7,177.47,174.3,175.5,22366240,0.775,0.77,0.7162,0.72798
27/08/2024,174.15,174.89,172.25,173.12,29841980,0.665,0.736,0.71775,0.72652
28/08/2024,173.69,173.69,168.92,170.8,29045030,0.745,0.739,0.7111,0.72754
29/08/2024,173.22,174.29,170.81,172.12,26407820,0.708,0.747,0.7095,0.73234
30/08/2024,172.78,178.9,172.6,178.5,43429360,0.599,0.739,0.71775,0.72672
03/09/2024,177.55,178.26,175.26,176.25,37817510,0.738,0.675,0.7336,0.72654
04/09/2024,174.48,175.98,172.54,173.33,30309230,0.826,0.687,0.74145,0.73002
05/09/2024,175,179.88,175,177.89,40170530,0.839,0.705,0.74915,0.73102
06/09/2024,177.24,178.38,171.16,171.39,41466540,0.54,0.697,0.7464,0.7275
09/09/2024,174.53,175.85,173.51,175.4,29037360,0.678,0.743,0.75035,0.72556
10/09/2024,177.49,180.5,176.79,179.55,36233800,0.829,0.756,0.7522,0.72652
11/09/2024,180.1,184.99,175.73,184.52,42564700,0.791,0.751,0.7495,0.72906
12/09/2024,184.8,187.41,183.54,187,33622480,0.87,0.756,0.74675,0.72992
13/09/2024,187,188.5,185.91,186.49,26495350,0.742,0.785,0.7481,0.72782
16/09/2024,185.29,185.81,183.36,184.89,26065490,0.601,0.748,0.7383,0.72584
17/09/2024,186.85,189.45,186.14,186.88,26091680,0.789,0.742,0.7335,0.72258
18/09/2024,186.45,188.8,185.06,186.43,34448130,0.868,0.753,0.732,0.72518
19/09/2024,190.04,190.99,188.47,189.87,39543170,0.726,0.733,0.7319,0.72486
20/09/2024,190.23,191.84,187.41,191.6,100378600,0.997,0.769,0.7493,0.72924
23/09/2024,191.64,194.45,190.57,193.88,36993110,0.972,0.766,0.7649,0.7336
24/09/2024,194.27,195.37,190.13,193.96,43478930,0.762,0.763,0.76425,0.73462
25/09/2024,193.75,193.95,192.16,192.53,26391140,0.727,0.742,0.76735,0.73434
26/09/2024,194.31,194.53,189.54,191.16,36334850,0.9,0.767,0.7751,0.7416
27/09/2024,190.68,190.9,187.34,187.97,36002320,0.913,0.755,0.78535,0.74398
30/09/2024,187.14,188.49,184.65,186.33,41680400,0.786,0.778,0.7947,0.7517
01/10/2024,184.9,186.19,183.45,185.13,36044910,0.608,0.756,0.7882,0.74892
02/10/2024,184.44,186.6,184.04,184.76,23704060,0.526,0.727,0.7732,0.74544
03/10/2024,183.05,183.44,180.88,181.96,30204300,0.811,0.714,0.7718,0.74368
04/10/2024,185.75,187.6,183.6,186.51,41079010,0.86,0.707,0.7878,0.74622
07/10/2024,182.95,183.6,180.25,180.8,42364200,0.627,0.721,0.78525,0.74292
08/10/2024,181.92,183.09,180.92,182.72,26372090,0.669,0.73,0.77725,0.74072
09/10/2024,182.82,185.85,182.05,185.17,26343120,0.893,0.782,0.78235,0.7459
10/10/2024,187.13,188.13,185.83,186.65,27785040,0.849,0.788,0.7813,0.74532
11/10/2024,186.63,189.93,186.3,188.82,25751560,0.872,0.79,0.7878,0.74796
14/10/2024,189.78,189.83,187.36,187.54,22614410,1,0.845,0.80775,0.75928
15/10/2024,187.63,188.41,184.58,187.69,32178930,0.782,0.861,0.8074,0.7665
16/10/2024,187.05,187.78,185.61,186.89,23456810,0.812,0.85,0.8046,0.76936
17/10/2024,188.22,188.94,186,187.53,25039410,0.9,0.857,0.8133,0.77366
18/10/2024,187.15,190.74,186.28,188.99,37417670,0.895,0.86,0.8082,0.77966
21/10/2024,188.05,189.46,186.4,189.07,24639390,0.515,0.785,0.78535,0.77798
22/10/2024,188.35,191.52,186.98,189.7,29650590,0.687,0.772,0.7816,0.77588
23/10/2024,188.85,189.16,183.69,184.71,31937090,0.134,0.675,0.75195,0.76166
24/10/2024,185.25,187.11,183.86,186.38,21647400,0.492,0.617,0.73155,0.753
25/10/2024,187.85,190.45,187.53,187.83,29362060,0.794,0.602,0.7256,0.75458
28/10/2024,189.57,190.21,188.21,188.39,27930840,-0.09,0.452,0.6818,0.73684
29/10/2024,188.58,191.46,187.82,190.83,35690160,0.777,0.465,0.69025,0.73468
30/10/2024,194.7,195.61,192.42,192.73,37707550,0.48,0.514,0.68795,0.72632
31/10/2024,190.51,190.6,185.23,186.4,75146760,0.5,0.515,0.6724,0.72176
01/11/2024,199,200.5,197.02,197.93,99687850,0.568,0.483,0.6578,0.72014
04/11/2024,196.45,197.33,194.31,195.78,38492060,0.393,0.541,0.6461,0.7148
05/11/2024,196.04,199.82,195.99,199.5,30564780,0.306,0.473,0.62795,0.70542
06/11/2024,200.01,207.55,199.14,207.09,72292170,0.408,0.463,0.6037,0.70028
07/11/2024,207.44,212.25,207.19,210.05,52878380,0.727,0.495,0.5976,0.69992
08/11/2024,209.72,209.96,207.44,208.18,36075850,0.293,0.456,0.56865,0.69162
11/11/2024,208.5,209.65,205.59,206.84,35456010,0.178,0.356,0.52755,0.6832
12/11/2024,208.37,209.54,206.01,208.91,38942920,0.288,0.353,0.50285,0.6742
13/11/2024,209.4,215.09,209.14,214.1,46212940,-0.038,0.289,0.46035,0.65692
14/11/2024,214.16,215.9,210.88,211.48,42620310,0.584,0.269,0.44455,0.65182
15/11/2024,206.76,207.34,199.61,202.61,86591140,0.275,0.266,0.41355,0.64652
18/11/2024,204.15,204.67,200.95,201.7,36512470,0.497,0.288,0.41265,0.6429
20/11/2024,202.98,203.13,199.45,202.88,32768990,0.284,0.288,0.3925,0.632
21/11/2024,203.49,203.49,195.75,198.38,58800040,0.077,0.304,0.38965,0.61772
22/11/2024,198.25,199.26,196.75,197.12,31530840,0.433,0.283,0.3867,0.60898
26/11/2024,201.9,208,201.79,207.86,41673740,-0.055,0.316,0.34425,0.59304
27/11/2024,206.98,207.64,205.05,205.74,28061640,0.666,0.34,0.38205,0.59434
29/11/2024,205.83,208.2,204.59,207.89,24892450,0.459,0.403,0.36615,0.58774
02/12/2024,209.96,212.99,209.51,210.71,39523190,0.079,0.318,0.3461,0.57196
03/12/2024,210.31,214.02,209.65,213.44,32214830,0.4,0.383,0.3411,0.56544
04/12/2024,215.96,220,215.75,218.16,48745720,0.701,0.388,0.34775,0.55952
05/12/2024,218.03,222.15,217.3,220.55,41140220,0.545,0.417,0.35535,0.55098
06/12/2024,220.75,227.15,220.6,227.03,44178070,0.533,0.428,0.3667,0.5464
09/12/2024,227.21,230.08,225.67,226.09,46819360,0.447,0.503,0.36865,0.5408
10/12/2024,226.09,229.06,224.2,225.04,31199860,0.379,0.5,0.35125,0.53038
11/12/2024,226.41,231.2,226.26,230.26,35385790,0.355,0.451,0.35435,0.51922
12/12/2024,229.83,231.09,227.63,228.97,28204080,0.045,0.379,0.3477,0.5044
13/12/2024,228.4,230.2,225.86,227.46,28768080,0.456,0.368,0.3561,0.50136
16/12/2024,230.23,233,228.01,232.93,37552100,0.366,0.254,0.3763,0.49816
17/12/2024,232.39,232.73,227.85,231.15,35948130,0.258,0.237,0.36,0.4871
18/12/2024,230.77,231.4,220.11,220.52,43281440,0.355,0.237,0.364,0.477
19/12/2024,224.91,226.09,222.92,223.29,39918740,0.37,0.283,0.35765,0.47186
20/12/2024,219.84,226.21,218.73,224.92,88279180,0.28,0.258,0.35745,0.46408
23/12/2024,225.01,226.88,223.9,225.06,28070010,0.627,0.4,0.38495,0.45876
24/12/2024,226.94,229.14,226.13,229.05,15007500,0.682,0.461,0.3974,0.45542
26/12/2024,228.5,228.5,226.67,227.05,16174500,0.43,0.462,0.42165,0.44658
27/12/2024,225.6,226.03,220.9,223.75,27367150,0.399,0.479,0.4083,0.43456
31/12/2024,222.97,223.23,218.94,219.39,24819660,0.436,0.325,0.40715,0.42764
02/01/2025,222.03,225.15,218.19,220.22,33956580,0.494,0.357,0.4279,0.42128
03/01/2025,222.51,225.36,221.62,224.19,27515610,0.545,0.373,0.43515,0.41418
06/01/2025,226.78,228.84,224.84,227.61,31849830,0.35,0.491,0.4176,0.40328
07/01/2025,227.9,228.38,221.46,222.11,28084160,0.572,0.51,0.41895,0.40442
08/01/2025,223.19,223.52,220.2,222.13,25033290,0.699,0.509,0.42725,0.40466
10/01/2025,221.46,221.71,216.5,218.94,36811530,0.462,0.461,0.428,0.41122
13/01/2025,218.06,219.4,216.47,218.46,27262660,0.328,0.448,0.42545,0.40794
14/01/2025,220.44,221.82,216.2,217.76,24711650,0.75,0.474,0.4452,0.40706
15/01/2025,222.83,223.57,220.75,223.35,31291260,0.63,0.464,0.47445,0.42146
16/01/2025,224.42,224.65,220.31,220.66,24757280,0.759,0.537,0.4896,0.4211
17/01/2025,225.84,226.51,223.08,225.94,42370120,0.753,0.579,0.50895,0.42656
21/01/2025,228.9,231.78,226.94,230.71,39951460,0.987,0.814,0.5454,0.4363
22/01/2025,232.02,235.44,231.19,235.01,41448220,0.707,0.825,0.563,0.43908
23/01/2025,226.21,235.61,225.86,235.42,49428330,0.707,0.817,0.57985,0.44536
24/01/2025,234.5,236.4,232.93,234.85,25890740,0.337,0.758,0.5827,0.44598
27/01/2025,226.21,235.61,225.86,235.42,49428330,0.314,0.631,0.56705,0.4441
28/01/2025,234.29,241.77,233.98,238.15,41587190,0.132,0.509,0.53955,0.4322
29/01/2025,239.02,240.39,236.15,237.07,26091720,0.34,0.457,0.53505,0.43314
30/01/2025,237.14,237.95,232.22,234.64,32020730,0.123,0.373,0.52125,0.43204
31/01/2025,236.5,240.29,236.41,237.68,36162380,0.466,0.392,0.52275,0.4356
03/02/2025,234.06,239.25,232.9,237.42,37285870,0.132,0.339,0.50465,0.439
04/02/2025,239.01,242.52,238.03,242.06,29713810,0.276,0.36,0.4912,0.43284
05/02/2025,237.02,238.32,235.2,236.17,38832040,0.174,0.336,0.4824,0.43082
06/02/2025,238.01,239.66,236.01,238.83,60897100,0.185,0.345,0.46305,0.42458
07/02/2025,232.5,234.81,228.06,229.15,77539280,0.234,0.312,0.4398,0.42358
10/02/2025,230.55,233.92,229.2,233.14,35419930,0.142,0.391,0.4238,0.42488
11/02/2025,231.92,233.44,230.13,232.76,23713730,0.373,0.405,0.42605,0.42368
12/02/2025,230.46,231.18,228.16,228.93,32285250,-0.005,0.379,0.3883,0.42468
13/02/2025,228.85,230.42,227.52,230.37,31346510,0.347,0.403,0.37415,0.4183
14/02/2025,229.2,229.89,227.23,228.68,27031080,0.087,0.382,0.34055,0.41086
18/02/2025,228.82,229.3,223.72,226.65,42975130,0.153,0.245,0.31055,0.41234
19/02/2025,225.52,226.83,223.71,226.63,28566710,0.161,0.268,0.26925,0.40756
20/02/2025,224.78,225.13,221.81,222.88,30001670,0.089,0.231,0.23835,0.39532
21/02/2025,223.28,223.31,214.74,216.58,55323850,0.28,0.259,0.217,0.39002
24/02/2025,217.45,217.72,212.42,212.71,42387590,0.243,0.256,0.2123,0.38422
25/02/2025,211.63,213.34,204.16,212.8,58957980,0.177,0.259,0.20545,0.37882
26/02/2025,214.94,218.16,213.09,214.35,39120600,0.131,0.255,0.2054,0.37386
27/02/2025,218.35,219.97,208.37,208.74,40548570,0.255,0.279,0.20115,0.37186
28/02/2025,208.65,212.62,206.99,212.28,51771740,0.092,0.252,0.1996,0.3728
03/03/2025,213.35,214.01,202.55,205.02,42948450,0.067,0.138,0.17965,0.36502
04/03/2025,200.11,206.8,197.43,203.8,60853080,-0.079,0.127,0.1691,0.35612
05/03/2025,204.8,209.98,203.26,208.36,38610090,0.126,0.11,0.1616,0.35348
06/03/2025,204.4,205.77,198.3,200.7,49863760,-0.014,0.083,0.1522,0.3461
07/03/2025,199.49,202.27,192.53,199.25,59802820,0.138,0.084,0.14985,0.34146
10/03/2025,195.6,196.73,190.85,194.54,62350930,0.308,0.101,0.15355,0.34202
11/03/2025,193.9,200.18,193.4,196.59,54002880,0.104,0.127,0.15165,0.33156
12/03/2025,200.72,201.52,195.29,198.89,43679280,0.153,0.131,0.14065,0.32098
13/03/2025,198.17,198.88,191.82,193.89,41270760,0.135,0.152,0.14765,0.31508
14/03/2025,197.41,198.65,195.32,197.95,38096660,-0.005,0.132,0.13005,0.307
17/03/2025,198.77,199,194.32,195.74,47341750,0.13,0.142,0.1322,0.30088
18/03/2025,192.52,194,189.38,192.82,40414870,0.256,0.135,0.13735,0.29612
19/03/2025,193.38,195.97,191.96,195.54,39442880,0.121,0.137,0.13535,0.28764
20/03/2025,193.07,199.32,192.3,194.95,38921110,0.091,0.128,0.13545,0.28246
21/03/2025,192.9,196.99,192.52,196.21,60056920,0.192,0.137,0.13105,0.27486
24/03/2025,200,203.64,199.95,203.26,41625370,0.06,0.117,0.1219,0.26208
25/03/2025,203.6,206.21,203.22,205.71,31171160,0.146,0.101,0.12035,0.25576
26/03/2025,205.84,206.01,199.93,201.13,32990970,0.102,0.099,0.1189,0.25124
27/03/2025,200.89,203.79,199.28,201.36,27317660,0.16,0.109,0.11415,0.23944
28/03/2025,198.42,199.26,191.88,192.72,52548230,0.021,0.084,0.1106,0.22726
31/03/2025,188.19,191.33,184.4,190.26,63547560,0.167,0.154,0.1156,0.21542
01/04/2025,187.86,193.93,187.2,192.17,41267320,0.128,0.151,0.12595,0.20292
02/04/2025,187.66,198.34,187.66,196.01,53679200,0.127,0.155,0.126,0.18572
03/04/2025,183,184.13,176.92,178.41,95553620,-0.108,0.116,0.1213,0.16942
04/04/2025,167.15,178.14,166,171,123159400,0.183,0.14,0.12355,0.15894
07/04/2025,162,183.41,161.38,175.26,109327100,0.174,0.133,0.11685,0.15568
08/04/2025,185.23,185.9,168.57,170.66,87710360,0.256,0.151,0.12445,0.15452
09/04/2025,172.12,192.65,169.93,191.1,116804300,0.163,0.156,0.12495,0.15514
10/04/2025,185.44,186.87,175.85,181.22,68302050,0.102,0.186,0.1233,0.15038
11/04/2025,179.93,185.86,178,184.87,50594340,0.101,0.174,0.1286,0.14994
14/04/2025,186.84,187.44,179.23,182.12,48002540,0.194,0.14,0.1318,0.1445
15/04/2025,181.41,182.35,177.9331,179.59,43641950,0.118,0.126,0.1249,0.14422
16/04/2025,176.29,179.1046,171.41,174.33,51875320,0.278,0.143,0.13275,0.14426
17/04/2025,176,176.21,172,172.61,44726450,-0.069,0.119,0.12475,0.1394
21/04/2025,169.6,169.6,165.285,167.32,48126110,0.24,0.13,0.12715,0.1405
22/04/2025,169.845,176.78,169.35,173.18,56607200,-0.083,0.082,0.12,0.13416
23/04/2025,183.45,187.38,180.19,180.6,63470150,0.096,0.079,0.1175,0.13324
25/04/2025,187.62,189.94,185.49,188.99,36414330,0.079,0.051,0.11635,0.12736
28/04/2025,190.105,190.22,184.885,187.7,33224730,0.083,0.111,0.1125,0.12912
29/04/2025,183.99,188.0158,183.68,187.39,41667260,0.063,0.086,0.1146,0.12344
30/04/2025,182.17,185.05,178.85,184.42,55176540,0.195,0.125,0.116,0.1256
01/05/2025,190.63,191.8071,187.5,190.2,74265960,0.1,0.126,0.1146,0.12454
02/05/2025,191.435,192.88,186.4,189.98,77903490,0.079,0.126,0.1122,0.1229
