date,count,normalized
22/10/2015,1,0.989
11/01/2016,1,0.983
05/05/2016,1,0.997
16/06/2016,1,0.999
11/08/2016,1,0.926
13/04/2017,1,0.998
12/05/2017,1,0.994
28/08/2017,1,1
05/10/2017,1,0.997
27/11/2017,1,0.996
28/11/2017,1,0.999
01/02/2018,1,0.996
14/03/2018,1,0.983
16/03/2018,1,0.991
04/04/2018,1,0.999
16/04/2018,1,0.997
12/07/2018,1,0.973
30/07/2018,1,0.998
31/07/2018,1,0.997
15/08/2018,1,0.994
27/08/2018,1,0.999
30/10/2018,1,0.996
13/11/2018,1,0.98
07/12/2018,1,0.997
05/02/2019,1,0.982
27/02/2019,1,0.997
11/03/2019,1,0.994
12/03/2019,1,1
15/04/2019,1,0.995
16/07/2019,1,0.99
06/08/2019,1,0.95
28/08/2019,1,0.998
20/12/2019,1,0.998
27/03/2020,1,0.99
30/03/2020,1,0.992
09/04/2020,2,0.972
16/04/2020,1,0.998
20/04/2020,1,0.998
22/04/2020,1,0.983
23/04/2020,4,0.5038
24/04/2020,2,0.9975
25/04/2020,2,0.9545
26/04/2020,1,-0.997
27/04/2020,4,0.8658
28/04/2020,2,0.943
04/05/2020,2,0.131
06/05/2020,2,0.994
07/05/2020,1,1
12/05/2020,1,0.997
15/05/2020,1,0.984
16/05/2020,1,0.785
20/05/2020,1,0.706
03/06/2020,1,0.995
04/06/2020,1,0.999
05/06/2020,2,0.189
06/06/2020,1,0.987
10/06/2020,1,0.926
11/06/2020,1,0.771
15/06/2020,1,0.981
16/06/2020,2,0.948
17/06/2020,1,0.996
19/06/2020,1,0.995
23/06/2020,1,0.898
24/06/2020,1,0.995
25/06/2020,1,0.836
29/06/2020,2,0.9565
02/07/2020,2,0.9915
03/07/2020,4,0.9615
06/07/2020,2,0.996
07/07/2020,1,0.925
08/07/2020,1,0.867
10/07/2020,2,0.989
14/07/2020,4,0.9935
15/07/2020,3,0.9737
16/07/2020,2,0.996
23/07/2020,1,-0.805
28/07/2020,1,0.844
29/07/2020,3,0.992
30/07/2020,4,0.999
04/08/2020,5,0.98
06/08/2020,2,0.984
11/08/2020,1,0.998
13/08/2020,2,0.889
18/08/2020,3,0.8493
19/08/2020,1,0.96
21/08/2020,6,0.9823
24/08/2020,4,0.982
25/08/2020,4,0.9925
27/08/2020,1,1
28/08/2020,2,0.7995
31/08/2020,4,0.991
01/09/2020,2,1
02/09/2020,4,0.844
03/09/2020,6,0.6993
04/09/2020,2,0
08/09/2020,4,0.8713
09/09/2020,3,0.948
11/09/2020,2,0.995
16/09/2020,1,0.975
17/09/2020,5,0.9792
18/09/2020,3,0.943
22/09/2020,2,0.422
23/09/2020,4,0.9915
24/09/2020,4,0.892
28/09/2020,4,0.863
29/09/2020,2,0.956
30/09/2020,2,0.6555
01/10/2020,4,0.36
08/10/2020,2,1
09/10/2020,1,1
12/10/2020,6,0.983
14/10/2020,2,0.999
16/10/2020,1,0.995
20/10/2020,5,0.9586
23/10/2020,3,0.9507
27/10/2020,2,0.971
28/10/2020,3,0.9967
30/10/2020,2,0.981
02/11/2020,4,0.8885
05/11/2020,1,1
06/11/2020,5,0.9668
07/11/2020,1,0.993
09/11/2020,6,0.9952
10/11/2020,4,0.872
11/11/2020,1,0.978
12/11/2020,1,1
13/11/2020,1,0.987
16/11/2020,4,0.9895
17/11/2020,2,0.998
19/11/2020,4,0.9903
22/11/2020,1,0.993
23/11/2020,3,0.9947
24/11/2020,4,0.9773
25/11/2020,7,0.8997
01/12/2020,2,0.994
03/12/2020,2,0.389
04/12/2020,1,0.69
05/12/2020,2,0.477
06/12/2020,2,0.844
07/12/2020,3,0.714
08/12/2020,2,0.997
09/12/2020,5,0.5864
10/12/2020,2,0.866
11/12/2020,1,0.813
14/12/2020,5,0.9776
15/12/2020,2,0.997
16/12/2020,5,0.2814
17/12/2020,3,0.9203
18/12/2020,3,0.9837
20/12/2020,1,0.872
21/12/2020,2,0.93
22/12/2020,3,0.9993
23/12/2020,5,0.7832
24/12/2020,3,0.462
27/12/2020,1,1
28/12/2020,4,0.7478
29/12/2020,4,0.3305
31/12/2020,3,-0.3387
01/01/2021,1,-0.128
04/01/2021,1,0.966
05/01/2021,5,0.963
06/01/2021,4,0.5083
07/01/2021,2,0.3735
08/01/2021,8,0.9144
09/01/2021,5,0.7046
10/01/2021,1,-0.671
11/01/2021,1,0.995
12/01/2021,1,0.282
13/01/2021,1,-0.811
14/01/2021,5,0.9964
15/01/2021,4,0.992
16/01/2021,1,0.999
18/01/2021,2,0.4995
19/01/2021,7,0.8081
20/01/2021,2,0.997
21/01/2021,2,0.214
22/01/2021,7,0.7569
24/01/2021,6,0.5438
25/01/2021,3,0.254
26/01/2021,5,0.7868
27/01/2021,6,0.9477
28/01/2021,2,0.994
29/01/2021,5,0.7844
30/01/2021,3,0.8517
31/01/2021,1,0
01/02/2021,3,0.9967
02/02/2021,4,0.9165
03/02/2021,13,0.7482
04/02/2021,7,0.7817
05/02/2021,7,0.7787
06/02/2021,4,0.188
08/02/2021,16,0.864
09/02/2021,10,0.9966
10/02/2021,6,0.9722
11/02/2021,8,0.951
12/02/2021,12,0.5089
13/02/2021,3,0.8573
14/02/2021,3,0.9843
15/02/2021,5,0.555
16/02/2021,3,0.666
17/02/2021,8,0.6984
18/02/2021,15,0.7119
19/02/2021,19,0.5967
20/02/2021,6,0.5557
21/02/2021,6,0.5335
22/02/2021,12,0.7899
23/02/2021,5,0.6598
24/02/2021,13,0.8477
25/02/2021,11,0.588
26/02/2021,25,0.4416
27/02/2021,6,0.8903
28/02/2021,1,0.844
01/03/2021,16,0.9028
02/03/2021,10,0.9666
03/03/2021,12,0.6501
04/03/2021,19,0.7454
05/03/2021,28,0.6821
06/03/2021,2,0.68
07/03/2021,1,0.818
08/03/2021,16,0.7478
09/03/2021,14,0.5314
10/03/2021,14,0.5846
11/03/2021,13,0.8275
12/03/2021,26,0.857
13/03/2021,11,0.7046
14/03/2021,8,0.476
15/03/2021,25,0.8832
16/03/2021,31,0.5715
17/03/2021,27,0.8146
18/03/2021,30,0.6579
19/03/2021,38,0.6956
20/03/2021,10,0.2381
21/03/2021,9,0.7751
22/03/2021,42,0.6405
23/03/2021,33,0.6933
24/03/2021,30,0.5759
25/03/2021,45,0.5628
26/03/2021,29,0.6603
27/03/2021,13,0.4907
28/03/2021,9,0.5598
29/03/2021,34,0.7479
30/03/2021,30,0.4776
31/03/2021,42,0.6256
01/04/2021,32,0.7818
02/04/2021,26,0.5585
03/04/2021,10,-0.045
04/04/2021,7,0.348
05/04/2021,22,0.2231
06/04/2021,40,0.5993
07/04/2021,30,0.7002
08/04/2021,43,0.6124
09/04/2021,60,0.5558
10/04/2021,8,0.4333
11/04/2021,16,0.6921
12/04/2021,24,0.6285
13/04/2021,15,0.7751
14/04/2021,32,0.5355
15/04/2021,59,0.7993
16/04/2021,30,0.5745
17/04/2021,17,0.7416
18/04/2021,9,0.5338
19/04/2021,40,0.7196
20/04/2021,33,0.5341
21/04/2021,37,0.5897
22/04/2021,36,0.7283
23/04/2021,38,0.659
24/04/2021,10,0.4957
25/04/2021,10,0.3546
26/04/2021,36,0.686
27/04/2021,38,0.6677
28/04/2021,34,0.5804
29/04/2021,76,0.7047
30/04/2021,68,0.5589
01/05/2021,20,0.5005
02/05/2021,9,0.2911
03/05/2021,39,0.6599
04/05/2021,37,0.6885
05/05/2021,28,0.6674
06/05/2021,30,0.5177
07/05/2021,36,0.6114
08/05/2021,6,0.624
09/05/2021,8,0.6229
10/05/2021,22,0.6533
11/05/2021,32,0.5773
12/05/2021,35,0.4215
13/05/2021,27,0.6713
14/05/2021,32,0.6691
15/05/2021,4,0.2335
16/05/2021,5,0.1264
17/05/2021,42,0.529
18/05/2021,47,0.578
19/05/2021,32,0.4213
20/05/2021,37,0.6038
21/05/2021,37,0.7454
22/05/2021,14,0.4059
23/05/2021,4,0.4053
24/05/2021,32,0.5518
25/05/2021,64,0.5838
26/05/2021,80,0.6281
27/05/2021,39,0.7473
28/05/2021,29,0.6636
29/05/2021,14,0.461
30/05/2021,13,0.7178
31/05/2021,8,0.8389
01/06/2021,37,0.7034
02/06/2021,46,0.56
03/06/2021,30,0.8294
04/06/2021,51,0.5881
05/06/2021,10,0.7007
06/06/2021,13,0.6499
07/06/2021,50,0.5549
08/06/2021,54,0.6293
09/06/2021,50,0.5483
10/06/2021,57,0.5096
11/06/2021,67,0.6066
12/06/2021,13,0.4802
13/06/2021,6,0.231
14/06/2021,46,0.7044
15/06/2021,50,0.5315
16/06/2021,49,0.5919
17/06/2021,52,0.5489
18/06/2021,46,0.7185
19/06/2021,20,0.7057
20/06/2021,18,0.6016
21/06/2021,90,0.5404
22/06/2021,71,0.668
23/06/2021,67,0.5561
24/06/2021,67,0.6916
25/06/2021,41,0.6419
26/06/2021,22,0.5788
27/06/2021,9,0.4958
28/06/2021,40,0.739
29/06/2021,41,0.7521
30/06/2021,41,0.4593
01/07/2021,47,0.5891
02/07/2021,31,0.5617
03/07/2021,9,0.3583
04/07/2021,5,0.5024
05/07/2021,12,0.461
06/07/2021,55,0.4769
07/07/2021,37,0.4492
08/07/2021,24,0.6626
09/07/2021,32,0.6565
10/07/2021,9,0.5437
11/07/2021,2,0.2785
12/07/2021,37,0.6453
13/07/2021,29,0.5274
14/07/2021,34,0.5322
15/07/2021,24,0.7102
16/07/2021,23,0.6022
17/07/2021,8,0.6595
18/07/2021,12,0.1969
19/07/2021,22,0.5148
20/07/2021,47,0.6526
21/07/2021,18,0.6137
22/07/2021,24,0.7065
23/07/2021,26,0.733
24/07/2021,4,0.5153
25/07/2021,11,0.5425
26/07/2021,43,0.5335
27/07/2021,49,0.6058
28/07/2021,31,0.7193
29/07/2021,47,0.5214
30/07/2021,72,0.4482
31/07/2021,17,0.3165
01/08/2021,7,0.3653
02/08/2021,27,0.762
03/08/2021,25,0.7198
04/08/2021,28,0.6616
05/08/2021,21,0.643
06/08/2021,45,0.5552
07/08/2021,14,0.299
08/08/2021,5,0.3466
09/08/2021,27,0.7341
10/08/2021,23,0.5237
11/08/2021,21,0.5663
12/08/2021,25,0.6644
13/08/2021,22,0.7512
14/08/2021,11,0.6619
15/08/2021,5,0.4844
16/08/2021,25,0.6134
17/08/2021,24,0.3454
18/08/2021,24,0.7523
19/08/2021,44,0.5987
20/08/2021,25,0.4636
21/08/2021,13,0.6202
22/08/2021,7,0.1729
23/08/2021,12,0.7349
24/08/2021,17,0.5665
25/08/2021,33,0.5707
26/08/2021,16,0.4997
27/08/2021,31,0.6231
28/08/2021,9,0.6667
29/08/2021,4,0.571
30/08/2021,33,0.6869
31/08/2021,22,0.6789
01/09/2021,44,0.6775
02/09/2021,32,0.5218
03/09/2021,29,0.5829
04/09/2021,12,0.0656
05/09/2021,8,0.283
06/09/2021,5,0.9532
07/09/2021,14,0.6574
08/09/2021,28,0.4995
09/09/2021,41,0.5809
10/09/2021,32,0.6716
11/09/2021,11,0.4685
12/09/2021,4,0.7388
13/09/2021,25,0.6392
14/09/2021,36,0.5776
15/09/2021,36,0.5599
16/09/2021,25,0.5542
17/09/2021,27,0.6837
18/09/2021,8,0.6559
19/09/2021,8,0.2116
20/09/2021,27,0.4578
21/09/2021,48,0.5711
22/09/2021,17,0.6247
23/09/2021,30,0.4468
24/09/2021,29,0.6177
25/09/2021,12,0.5989
26/09/2021,12,0.5578
27/09/2021,31,0.4669
28/09/2021,45,0.6357
29/09/2021,32,0.5456
30/09/2021,29,0.7121
01/10/2021,30,0.5293
02/10/2021,11,0.5107
03/10/2021,10,0.3996
04/10/2021,49,0.5236
05/10/2021,36,0.4903
06/10/2021,44,0.3931
07/10/2021,25,0.5924
08/10/2021,15,0.5586
09/10/2021,8,0.361
10/10/2021,2,0.247
11/10/2021,26,0.495
12/10/2021,40,0.475
13/10/2021,34,0.5971
14/10/2021,39,0.6314
15/10/2021,23,0.6279
16/10/2021,10,0.3381
17/10/2021,9,0.1419
18/10/2021,54,0.5964
19/10/2021,38,0.5252
20/10/2021,36,0.6467
21/10/2021,48,0.5779
22/10/2021,27,0.6044
23/10/2021,9,0.5599
24/10/2021,14,0.5424
25/10/2021,41,0.6325
26/10/2021,42,0.5741
27/10/2021,39,0.5996
28/10/2021,72,0.575
29/10/2021,101,0.3538
30/10/2021,9,0.4381
31/10/2021,8,0.7045
01/11/2021,36,0.4517
02/11/2021,39,0.4207
03/11/2021,28,0.72
04/11/2021,36,0.4934
05/11/2021,29,0.6374
06/11/2021,10,0.2933
07/11/2021,6,0.729
08/11/2021,37,0.6409
09/11/2021,43,0.6525
10/11/2021,40,0.5812
11/11/2021,43,0.5726
12/11/2021,28,0.4527
13/11/2021,6,0.23
14/11/2021,5,0.6382
15/11/2021,33,0.694
16/11/2021,33,0.7052
17/11/2021,64,0.6246
18/11/2021,61,0.5457
19/11/2021,52,0.6863
20/11/2021,15,0.5537
21/11/2021,15,0.6578
22/11/2021,38,0.6247
23/11/2021,43,0.5455
24/11/2021,38,0.521
25/11/2021,12,0.6733
26/11/2021,28,0.5121
27/11/2021,11,0.5842
28/11/2021,11,0.6865
29/11/2021,40,0.6028
30/11/2021,53,0.761
01/12/2021,34,0.6521
02/12/2021,29,0.6367
03/12/2021,27,0.5596
04/12/2021,7,0.544
05/12/2021,3,0.493
06/12/2021,40,0.6632
07/12/2021,47,0.4816
08/12/2021,48,0.4289
09/12/2021,48,0.5143
10/12/2021,29,0.4757
11/12/2021,21,0.3105
12/12/2021,8,0.3166
13/12/2021,38,0.3908
14/12/2021,39,0.6521
15/12/2021,36,0.578
16/12/2021,33,0.565
17/12/2021,45,0.5942
18/12/2021,19,0.5666
19/12/2021,7,0.7073
20/12/2021,25,0.6129
21/12/2021,37,0.5598
22/12/2021,40,0.4965
23/12/2021,36,0.7212
24/12/2021,6,0.9335
25/12/2021,3,0.8743
26/12/2021,7,0.6244
27/12/2021,21,0.6465
28/12/2021,41,0.6413
29/12/2021,29,0.6567
30/12/2021,30,0.5028
31/12/2021,14,0.6381
01/01/2022,5,0.737
02/01/2022,7,0.0479
03/01/2022,18,0.6968
04/01/2022,28,0.433
05/01/2022,50,0.7004
06/01/2022,37,0.5991
07/01/2022,21,0.5925
08/01/2022,10,0.7852
09/01/2022,13,0.2595
10/01/2022,42,0.5592
11/01/2022,38,0.5438
12/01/2022,27,0.4979
13/01/2022,45,0.6997
14/01/2022,26,0.5799
15/01/2022,9,0.6969
16/01/2022,7,0.5607
17/01/2022,20,0.6944
18/01/2022,31,0.7009
19/01/2022,34,0.6436
20/01/2022,58,0.5747
21/01/2022,50,0.4637
22/01/2022,15,0.6645
23/01/2022,8,0.6104
24/01/2022,37,0.5633
25/01/2022,37,0.559
26/01/2022,38,0.5294
27/01/2022,35,0.4845
28/01/2022,38,0.6155
29/01/2022,10,0.253
30/01/2022,6,0.5567
31/01/2022,45,0.5397
01/02/2022,38,0.6955
02/02/2022,49,0.6099
03/02/2022,79,0.3765
04/02/2022,88,0.5682
05/02/2022,13,0.459
06/02/2022,12,0.4978
07/02/2022,61,0.6527
08/02/2022,64,0.6069
09/02/2022,43,0.5545
10/02/2022,36,0.6533
11/02/2022,27,0.4945
12/02/2022,8,0.6619
13/02/2022,7,0.7413
14/02/2022,25,0.7445
15/02/2022,35,0.5722
16/02/2022,26,0.531
17/02/2022,39,0.5172
18/02/2022,28,0.5511
19/02/2022,6,0.444
20/02/2022,8,0.433
21/02/2022,17,0.6482
22/02/2022,21,0.6405
23/02/2022,31,0.5912
24/02/2022,31,0.3831
25/02/2022,22,0.6231
26/02/2022,7,0.4771
27/02/2022,7,-0.0904
28/02/2022,25,0.363
01/03/2022,31,0.2946
02/03/2022,34,0.5887
03/03/2022,46,0.5223
04/03/2022,25,0.4908
05/03/2022,5,0.5974
06/03/2022,11,0.2435
07/03/2022,26,0.4925
08/03/2022,33,0.4919
09/03/2022,43,0.3946
10/03/2022,58,0.4828
11/03/2022,33,0.5884
12/03/2022,10,0.5339
13/03/2022,3,0.3397
14/03/2022,27,0.5028
15/03/2022,43,0.4374
16/03/2022,23,0.6154
17/03/2022,36,0.4276
18/03/2022,21,0.4647
19/03/2022,10,0.4866
20/03/2022,6,0.4378
21/03/2022,31,0.5726
22/03/2022,25,0.7391
23/03/2022,31,0.5049
24/03/2022,30,0.5584
25/03/2022,35,0.5349
26/03/2022,12,0.4638
27/03/2022,7,0.5413
28/03/2022,31,0.6757
29/03/2022,32,0.6329
30/03/2022,31,0.5786
31/03/2022,37,0.5144
01/04/2022,53,0.5572
02/04/2022,9,0.7211
03/04/2022,11,0.7199
04/04/2022,29,0.5956
05/04/2022,41,0.5648
06/04/2022,46,0.509
07/04/2022,48,0.4765
08/04/2022,27,0.268
09/04/2022,10,0.53
10/04/2022,7,0.5651
11/04/2022,35,0.6816
12/04/2022,30,0.6451
13/04/2022,32,0.4997
14/04/2022,30,0.5889
15/04/2022,25,0.8093
16/04/2022,5,0.5024
17/04/2022,3,0.0323
18/04/2022,25,0.5259
19/04/2022,30,0.5743
20/04/2022,34,0.6573
21/04/2022,44,0.4841
22/04/2022,24,0.3255
23/04/2022,1,0.997
24/04/2022,5,0.6424
25/04/2022,28,0.5792
26/04/2022,39,0.2374
27/04/2022,42,0.5041
28/04/2022,67,0.5597
29/04/2022,85,0.3083
30/04/2022,16,0.2439
01/05/2022,19,0.4684
02/05/2022,74,0.4834
03/05/2022,45,0.5407
04/05/2022,33,0.5828
05/05/2022,47,0.3789
06/05/2022,43,0.3633
07/05/2022,9,0.362
08/05/2022,5,0.5294
09/05/2022,30,0.2877
10/05/2022,36,0.2864
11/05/2022,19,0.5469
12/05/2022,17,0.6164
13/05/2022,35,0.5693
14/05/2022,10,0.6131
15/05/2022,4,0.7063
16/05/2022,37,0.3455
17/05/2022,36,0.5028
18/05/2022,34,0.1389
19/05/2022,31,0.3109
20/05/2022,40,0.7053
21/05/2022,7,0.156
22/05/2022,4,0.589
23/05/2022,34,0.5688
24/05/2022,30,0.626
25/05/2022,38,0.7146
26/05/2022,31,0.6239
27/05/2022,16,0.7529
28/05/2022,11,0.6283
29/05/2022,1,0.354
30/05/2022,8,0.7874
31/05/2022,28,0.6622
01/06/2022,46,0.659
02/06/2022,35,0.6284
03/06/2022,35,0.4952
04/06/2022,10,0.5412
05/06/2022,6,0.7132
06/06/2022,44,0.7164
07/06/2022,45,0.4324
08/06/2022,52,0.6918
09/06/2022,38,0.3948
10/06/2022,38,0.5922
11/06/2022,9,0.3771
12/06/2022,7,0.5993
13/06/2022,43,0.5142
14/06/2022,45,0.5975
15/06/2022,31,0.6398
16/06/2022,35,0.3292
17/06/2022,36,0.4501
18/06/2022,10,0.244
19/06/2022,8,0.3884
20/06/2022,23,0.6477
21/06/2022,32,0.6509
22/06/2022,23,0.5282
23/06/2022,30,0.5771
24/06/2022,43,0.4908
25/06/2022,7,0.1543
26/06/2022,8,0.4164
27/06/2022,38,0.536
28/06/2022,44,0.4638
29/06/2022,47,0.3935
30/06/2022,40,0.4446
01/07/2022,36,0.4108
02/07/2022,7,0.2191
03/07/2022,4,-0.2465
04/07/2022,12,0.2473
05/07/2022,34,0.3681
06/07/2022,82,0.3774
07/07/2022,44,0.4915
08/07/2022,34,0.4003
09/07/2022,10,0.3722
10/07/2022,15,0.3527
11/07/2022,43,0.495
12/07/2022,54,0.6411
13/07/2022,41,0.5993
14/07/2022,42,0.4248
15/07/2022,39,0.4921
16/07/2022,9,0.583
17/07/2022,6,0.5265
18/07/2022,31,0.6167
19/07/2022,35,0.4122
20/07/2022,30,0.4194
21/07/2022,51,0.4981
22/07/2022,45,0.3992
23/07/2022,15,0.5747
24/07/2022,12,0.4193
25/07/2022,50,0.3137
26/07/2022,56,0.3214
27/07/2022,35,0.5216
28/07/2022,63,0.4926
29/07/2022,74,0.539
30/07/2022,10,0.0021
31/07/2022,12,0.5089
01/08/2022,36,0.428
02/08/2022,24,0.4963
03/08/2022,32,0.6082
04/08/2022,19,0.5602
05/08/2022,40,0.4827
06/08/2022,18,0.5803
07/08/2022,9,0.6232
08/08/2022,21,0.3472
09/08/2022,43,0.5273
10/08/2022,32,0.3527
11/08/2022,34,0.5747
12/08/2022,28,0.5953
13/08/2022,4,0.2188
14/08/2022,6,0.635
15/08/2022,39,0.5152
16/08/2022,45,0.5446
17/08/2022,28,0.3205
18/08/2022,25,0.608
19/08/2022,24,0.6058
20/08/2022,5,0.511
21/08/2022,15,0.4817
22/08/2022,28,0.6164
23/08/2022,23,0.6091
24/08/2022,40,0.5859
25/08/2022,51,0.6055
26/08/2022,26,0.4582
27/08/2022,10,0.5948
28/08/2022,11,0.5952
29/08/2022,24,0.6379
30/08/2022,31,0.6889
31/08/2022,15,0.5906
01/09/2022,29,0.5273
02/09/2022,34,0.6178
03/09/2022,16,0.5521
04/09/2022,6,0.6875
05/09/2022,6,0.8827
06/09/2022,32,0.5243
07/09/2022,21,0.4832
08/09/2022,30,0.5771
09/09/2022,21,0.4556
10/09/2022,6,0.682
11/09/2022,7,0.5844
12/09/2022,23,0.7176
13/09/2022,30,0.464
14/09/2022,32,0.4985
15/09/2022,36,0.4958
16/09/2022,27,0.4847
17/09/2022,10,0.0053
18/09/2022,6,0.5522
19/09/2022,23,0.5875
20/09/2022,35,0.6306
21/09/2022,33,0.6304
22/09/2022,44,0.5477
23/09/2022,23,0.4099
24/09/2022,4,-0.0943
25/09/2022,6,0.6793
26/09/2022,40,0.4823
27/09/2022,23,0.7123
28/09/2022,30,0.7302
29/09/2022,31,0.4481
30/09/2022,21,0.6283
01/10/2022,11,0.7157
02/10/2022,7,-0.0529
03/10/2022,20,0.6056
04/10/2022,32,0.5383
05/10/2022,29,0.6389
06/10/2022,32,0.5151
07/10/2022,19,0.6233
08/10/2022,12,0.5965
09/10/2022,8,0.8886
10/10/2022,28,0.5881
11/10/2022,41,0.6742
12/10/2022,27,0.6084
13/10/2022,30,0.5411
14/10/2022,24,0.4175
15/10/2022,12,0.2818
16/10/2022,6,0.3998
17/10/2022,19,0.8016
18/10/2022,37,0.4689
19/10/2022,29,0.5404
20/10/2022,23,0.2823
21/10/2022,34,0.476
22/10/2022,9,0.52
23/10/2022,5,0.4976
24/10/2022,21,0.5358
25/10/2022,26,0.6572
26/10/2022,25,0.5233
27/10/2022,38,0.4802
28/10/2022,82,0.4079
29/10/2022,8,0.531
30/10/2022,11,0.5817
31/10/2022,21,0.4674
01/11/2022,34,0.4531
02/11/2022,26,0.5304
03/11/2022,36,0.4582
04/11/2022,31,0.4721
05/11/2022,10,0.3078
06/11/2022,14,0.3899
07/11/2022,15,0.5833
08/11/2022,35,0.5385
09/11/2022,27,0.4326
10/11/2022,46,0.4804
11/11/2022,24,0.4298
12/11/2022,6,0.0335
13/11/2022,7,0.5029
14/11/2022,39,0.3632
15/11/2022,48,0.3946
16/11/2022,35,0.3478
17/11/2022,35,0.3891
18/11/2022,31,0.6158
19/11/2022,13,0.5931
20/11/2022,10,0.4828
21/11/2022,24,0.4553
22/11/2022,22,0.7208
23/11/2022,32,0.5853
24/11/2022,12,0.6887
25/11/2022,38,0.6756
26/11/2022,8,0.3801
27/11/2022,10,0.7945
28/11/2022,29,0.6591
29/11/2022,45,0.67
30/11/2022,47,0.7049
01/12/2022,40,0.6058
02/12/2022,19,0.7332
03/12/2022,12,0.4213
04/12/2022,11,0.602
05/12/2022,20,0.6978
06/12/2022,29,0.684
07/12/2022,24,0.2693
08/12/2022,36,0.6958
09/12/2022,20,0.5832
10/12/2022,11,0.591
11/12/2022,10,0.2442
12/12/2022,17,0.7461
13/12/2022,24,0.66
14/12/2022,25,0.482
15/12/2022,35,0.419
16/12/2022,37,0.5969
17/12/2022,8,0.7508
18/12/2022,13,0.4054
19/12/2022,18,0.6064
20/12/2022,44,0.5595
21/12/2022,31,0.4224
22/12/2022,19,0.6114
23/12/2022,27,0.517
24/12/2022,12,0.15
25/12/2022,2,0.4975
26/12/2022,6,0.2833
27/12/2022,26,0.7281
28/12/2022,31,0.5632
29/12/2022,15,0.6827
30/12/2022,23,0.7851
31/12/2022,10,0.3661
01/01/2023,9,0.6869
02/01/2023,18,0.5453
03/01/2023,24,0.319
04/01/2023,30,0.4265
05/01/2023,48,0.3898
06/01/2023,26,0.4044
07/01/2023,8,0.7073
08/01/2023,12,0.4345
09/01/2023,17,0.2968
10/01/2023,40,0.5194
11/01/2023,20,0.6348
12/01/2023,25,0.6242
13/01/2023,21,0.4609
14/01/2023,7,0.3501
15/01/2023,5,0.6144
16/01/2023,8,0.2044
17/01/2023,19,0.5749
18/01/2023,28,0.4497
19/01/2023,27,0.6546
20/01/2023,31,0.4459
21/01/2023,10,0.3515
22/01/2023,8,0.1301
23/01/2023,32,0.3562
24/01/2023,36,0.5124
25/01/2023,31,0.4535
26/01/2023,16,0.554
27/01/2023,30,0.429
28/01/2023,11,0.7007
29/01/2023,13,0.4105
30/01/2023,44,0.513
31/01/2023,28,0.6776
01/02/2023,41,0.5273
02/02/2023,61,0.5007
03/02/2023,84,0.2291
04/02/2023,5,0.5994
05/02/2023,16,0.2544
06/02/2023,22,0.6008
07/02/2023,18,0.3286
08/02/2023,23,0.4815
09/02/2023,14,0.3373
10/02/2023,18,0.6034
11/02/2023,11,0.4357
12/02/2023,11,0.6085
13/02/2023,25,0.5744
14/02/2023,31,0.5692
15/02/2023,22,0.6184
16/02/2023,22,0.546
17/02/2023,29,0.7299
18/02/2023,7,0.5977
19/02/2023,7,0.7289
20/02/2023,12,0.6783
21/02/2023,31,0.4667
22/02/2023,33,0.5755
23/02/2023,21,0.711
24/02/2023,16,0.6229
25/02/2023,3,0.808
26/02/2023,9,0.6637
27/02/2023,16,0.4837
28/02/2023,25,0.7452
01/03/2023,22,0.6334
02/03/2023,27,0.6546
03/03/2023,34,0.6265
04/03/2023,12,0.6262
05/03/2023,9,0.5691
06/03/2023,20,0.7219
07/03/2023,18,0.5377
08/03/2023,22,0.606
09/03/2023,15,0.621
10/03/2023,13,0.8016
11/03/2023,7,0.0811
12/03/2023,11,0.6929
13/03/2023,24,0.6467
14/03/2023,18,0.5253
15/03/2023,22,0.4634
16/03/2023,14,0.5338
17/03/2023,11,0.6668
18/03/2023,6,0.4752
19/03/2023,2,0.7915
20/03/2023,42,0.317
21/03/2023,28,0.365
22/03/2023,26,0.7968
23/03/2023,22,0.7247
24/03/2023,17,0.5951
25/03/2023,9,0.5816
26/03/2023,13,0.5632
27/03/2023,13,0.5979
28/03/2023,22,0.6179
29/03/2023,14,0.8852
30/03/2023,26,0.745
31/03/2023,14,0.5755
01/04/2023,8,0.6401
02/04/2023,8,0.7979
03/04/2023,17,0.7385
04/04/2023,20,0.7561
05/04/2023,29,0.6837
06/04/2023,21,0.7969
07/04/2023,3,0.726
08/04/2023,2,0.97
10/04/2023,12,0.5295
11/04/2023,24,0.4595
12/04/2023,27,0.5063
13/04/2023,44,0.6389
14/04/2023,22,0.777
15/04/2023,13,0.6738
16/04/2023,16,0.4643
17/04/2023,19,0.7745
18/04/2023,24,0.5948
19/04/2023,20,0.5099
20/04/2023,25,0.5496
21/04/2023,35,0.4048
22/04/2023,5,0.3416
23/04/2023,14,0.7191
24/04/2023,39,0.6054
25/04/2023,28,0.7493
26/04/2023,27,0.7476
27/04/2023,59,0.6514
28/04/2023,57,0.5535
29/04/2023,12,0.4838
30/04/2023,4,0.1798
01/05/2023,18,0.5423
02/05/2023,28,0.5464
03/05/2023,29,0.5777
04/05/2023,19,0.6982
05/05/2023,23,0.8189
06/05/2023,6,0.8418
08/05/2023,20,0.7114
09/05/2023,7,0.8544
10/05/2023,24,0.7063
11/05/2023,23,0.6098
12/05/2023,23,0.5214
13/05/2023,7,0.7087
14/05/2023,6,0.7173
15/05/2023,25,0.6654
16/05/2023,13,0.5883
17/05/2023,15,0.5282
18/05/2023,25,0.8201
19/05/2023,19,0.8108
21/05/2023,5,0.4624
22/05/2023,16,0.6063
23/05/2023,7,0.4026
24/05/2023,7,0.9963
25/05/2023,8,0.876
26/05/2023,5,0.9664
27/05/2023,3,0.999
28/05/2023,2,0.998
29/05/2023,1,1
30/05/2023,10,0.6985
31/05/2023,22,0.423
01/06/2023,27,0.7561
02/06/2023,38,0.5816
03/06/2023,8,0.535
04/06/2023,8,0.628
05/06/2023,21,0.6026
06/06/2023,19,0.7243
07/06/2023,43,0.579
08/06/2023,37,0.5525
09/06/2023,26,0.5988
10/06/2023,4,0.7973
11/06/2023,4,0.837
12/06/2023,24,0.5855
13/06/2023,26,0.3656
14/06/2023,26,0.37
15/06/2023,22,0.644
16/06/2023,28,0.547
17/06/2023,1,1
18/06/2023,8,0.527
19/06/2023,12,0.2788
20/06/2023,14,0.7367
21/06/2023,46,0.3102
22/06/2023,49,0.5693
23/06/2023,28,0.6834
24/06/2023,12,0.6263
25/06/2023,19,0.4619
26/06/2023,29,0.6302
27/06/2023,31,0.7624
28/06/2023,22,0.7473
29/06/2023,22,0.6293
30/06/2023,15,0.8233
02/07/2023,10,0.6869
03/07/2023,17,0.7842
04/07/2023,16,0.3804
05/07/2023,32,0.6738
06/07/2023,25,0.7597
07/07/2023,32,0.6562
08/07/2023,8,0.7385
09/07/2023,8,0.7315
10/07/2023,29,0.6278
11/07/2023,61,0.4759
12/07/2023,29,0.6114
13/07/2023,36,0.7771
14/07/2023,25,0.7132
15/07/2023,5,0.6076
16/07/2023,4,0.5755
17/07/2023,22,0.7944
18/07/2023,17,0.8076
19/07/2023,19,0.5535
20/07/2023,22,0.6283
21/07/2023,34,0.5097
22/07/2023,2,-0.2215
23/07/2023,8,0.5125
24/07/2023,25,0.6048
25/07/2023,21,0.6824
26/07/2023,33,0.6442
27/07/2023,24,0.5689
28/07/2023,26,0.6281
29/07/2023,2,0.9975
30/07/2023,10,0.5785
31/07/2023,33,0.7199
01/08/2023,27,0.5829
02/08/2023,25,0.702
03/08/2023,39,0.6245
04/08/2023,43,0.6785
05/08/2023,4,0.9653
06/08/2023,6,0.6742
07/08/2023,22,0.387
08/08/2023,27,0.7554
09/08/2023,22,0.6824
10/08/2023,42,0.7407
11/08/2023,30,0.74
12/08/2023,8,0.673
13/08/2023,9,0.5774
14/08/2023,26,0.7793
15/08/2023,23,0.7248
16/08/2023,25,0.6951
17/08/2023,24,0.707
18/08/2023,22,0.7472
19/08/2023,6,0.7562
20/08/2023,9,0.6203
21/08/2023,20,0.7758
22/08/2023,25,0.7496
23/08/2023,28,0.7179
24/08/2023,30,0.7434
25/08/2023,19,0.4165
26/08/2023,9,0.5147
27/08/2023,14,0.7736
28/08/2023,21,0.8623
29/08/2023,20,0.6336
30/08/2023,29,0.6348
31/08/2023,39,0.6375
01/09/2023,32,0.677
02/09/2023,2,-0.3195
03/09/2023,3,0.806
04/09/2023,12,0.668
05/09/2023,17,0.5409
06/09/2023,33,0.663
07/09/2023,27,0.6253
08/09/2023,29,0.5841
09/09/2023,7,0.4101
10/09/2023,2,0.596
11/09/2023,19,0.7243
12/09/2023,44,0.7644
13/09/2023,29,0.6161
14/09/2023,25,0.626
15/09/2023,16,0.6189
16/09/2023,9,0.808
17/09/2023,16,0.5296
18/09/2023,32,0.6521
19/09/2023,52,0.6018
20/09/2023,37,0.6431
21/09/2023,33,0.6027
22/09/2023,51,0.612
23/09/2023,15,0.6061
24/09/2023,21,0.6082
25/09/2023,53,0.5998
26/09/2023,69,0.289
27/09/2023,36,0.3474
28/09/2023,40,0.5509
29/09/2023,43,0.4542
30/09/2023,23,0.5163
01/10/2023,14,0.4906
02/10/2023,31,0.5944
03/10/2023,37,0.5791
04/10/2023,29,0.7103
05/10/2023,45,0.6072
06/10/2023,32,0.4348
08/10/2023,9,0.5584
09/10/2023,20,0.5731
10/10/2023,41,0.682
11/10/2023,33,0.6803
12/10/2023,25,0.7095
13/10/2023,34,0.5314
14/10/2023,13,0.4005
15/10/2023,13,0.5522
16/10/2023,20,0.6395
17/10/2023,29,0.7175
18/10/2023,33,0.3975
19/10/2023,28,0.5515
20/10/2023,30,0.5284
21/10/2023,7,0.7217
22/10/2023,13,0.6732
23/10/2023,34,0.5731
24/10/2023,26,0.7821
25/10/2023,45,0.5742
26/10/2023,56,0.572
27/10/2023,68,0.6581
28/10/2023,7,0.6227
29/10/2023,12,0.5894
30/10/2023,42,0.576
31/10/2023,37,0.6701
01/11/2023,30,0.4392
02/11/2023,49,0.6576
03/11/2023,47,0.591
04/11/2023,7,0.4307
05/11/2023,16,0.6182
06/11/2023,32,0.7606
07/11/2023,27,0.4361
08/11/2023,50,0.7218
09/11/2023,45,0.5115
10/11/2023,27,0.5844
11/11/2023,10,0.7322
12/11/2023,11,0.6421
13/11/2023,45,0.6471
14/11/2023,66,0.7348
15/11/2023,47,0.7712
16/11/2023,46,0.5464
17/11/2023,44,0.6483
18/11/2023,18,0.6687
19/11/2023,15,0.6247
20/11/2023,52,0.4666
21/11/2023,49,0.6165
22/11/2023,37,0.7331
23/11/2023,16,0.7174
24/11/2023,46,0.5833
25/11/2023,10,0.4601
26/11/2023,13,0.6295
27/11/2023,75,0.7008
28/11/2023,64,0.7867
29/11/2023,43,0.684
30/11/2023,48,0.7116
01/12/2023,47,0.5689
02/12/2023,12,0.4595
03/12/2023,22,0.4808
04/12/2023,37,0.624
05/12/2023,30,0.7242
06/12/2023,47,0.6781
07/12/2023,37,0.5079
08/12/2023,40,0.5704
09/12/2023,15,0.4105
10/12/2023,21,0.6777
11/12/2023,31,0.5842
12/12/2023,27,0.7566
13/12/2023,24,0.6189
14/12/2023,32,0.6729
15/12/2023,25,0.7289
16/12/2023,11,0.6905
17/12/2023,7,0.4176
18/12/2023,35,0.8144
19/12/2023,39,0.8326
20/12/2023,26,0.7006
21/12/2023,28,0.7793
22/12/2023,26,0.8508
23/12/2023,4,0.8865
24/12/2023,5,0.2378
25/12/2023,7,0.8837
26/12/2023,13,0.8128
27/12/2023,29,0.5858
28/12/2023,24,0.613
29/12/2023,22,0.8405
30/12/2023,12,0.7638
31/12/2023,10,0.7868
01/01/2024,7,0.8947
02/01/2024,24,0.7588
03/01/2024,23,0.843
04/01/2024,30,0.6477
05/01/2024,26,0.7381
06/01/2024,8,0.3525
07/01/2024,9,0.6176
08/01/2024,25,0.7269
09/01/2024,21,0.6231
10/01/2024,39,0.6803
11/01/2024,30,0.4372
12/01/2024,18,0.7031
13/01/2024,15,0.8615
14/01/2024,10,0.7003
15/01/2024,18,0.7817
16/01/2024,13,0.7965
17/01/2024,12,0.8646
18/01/2024,20,0.5452
19/01/2024,32,0.4771
20/01/2024,18,0.6977
21/01/2024,18,0.6348
22/01/2024,19,0.9155
23/01/2024,37,0.7723
24/01/2024,26,0.8122
25/01/2024,32,0.7212
26/01/2024,24,0.8373
27/01/2024,21,0.8215
28/01/2024,20,0.8321
29/01/2024,62,0.7159
30/01/2024,29,0.7646
31/01/2024,29,0.7649
01/02/2024,58,0.7497
02/02/2024,61,0.7578
03/02/2024,12,0.88
04/02/2024,18,0.6128
05/02/2024,32,0.772
06/02/2024,28,0.7493
07/02/2024,24,0.7793
08/02/2024,30,0.7985
09/02/2024,30,0.6884
10/02/2024,14,0.7235
11/02/2024,18,0.6594
12/02/2024,28,0.9321
13/02/2024,32,0.7682
14/02/2024,28,0.8308
15/02/2024,21,0.9698
16/02/2024,22,0.6955
17/02/2024,5,0.9326
18/02/2024,11,0.9338
19/02/2024,11,0.8073
20/02/2024,28,0.7524
21/02/2024,34,0.6291
22/02/2024,24,0.8176
23/02/2024,24,0.7538
24/02/2024,16,0.8494
25/02/2024,17,0.7596
26/02/2024,29,0.6555
27/02/2024,9,0.4984
28/02/2024,17,0.7656
29/02/2024,18,0.8251
01/03/2024,10,0.9969
02/03/2024,10,0.7958
03/03/2024,8,0.4999
04/03/2024,20,0.7206
05/03/2024,21,0.845
06/03/2024,11,0.6091
07/03/2024,6,0.9468
08/03/2024,10,0.9624
09/03/2024,12,0.7873
10/03/2024,9,0.9967
11/03/2024,10,0.6823
12/03/2024,18,0.6945
13/03/2024,22,0.6589
14/03/2024,14,0.6586
15/03/2024,7,0.5839
16/03/2024,13,0.6923
17/03/2024,10,0.5762
18/03/2024,11,0.8992
19/03/2024,14,0.7486
20/03/2024,11,0.6003
21/03/2024,19,0.8787
22/03/2024,21,0.7794
23/03/2024,10,0.7751
24/03/2024,10,0.8208
25/03/2024,20,0.8305
26/03/2024,14,0.5259
27/03/2024,3,0.993
28/03/2024,16,0.7895
29/03/2024,9,0.5821
30/03/2024,11,0.6384
31/03/2024,9,0.892
01/04/2024,9,0.6854
02/04/2024,17,0.8083
03/04/2024,15,0.6383
04/04/2024,15,0.6093
05/04/2024,18,0.7311
06/04/2024,8,0.4376
07/04/2024,15,0.7126
08/04/2024,18,0.81
09/04/2024,18,0.8622
10/04/2024,15,0.7384
11/04/2024,30,0.7472
12/04/2024,13,0.7008
13/04/2024,7,0.8464
14/04/2024,11,0.7963
15/04/2024,18,0.7826
16/04/2024,15,0.7173
17/04/2024,24,0.9364
18/04/2024,28,0.7688
19/04/2024,16,0.7963
20/04/2024,10,0.7336
21/04/2024,7,0.831
22/04/2024,17,0.8879
23/04/2024,30,0.7997
24/04/2024,24,0.6476
25/04/2024,29,0.7252
26/04/2024,21,0.6301
27/04/2024,7,0.7314
28/04/2024,11,0.7988
29/04/2024,20,0.9071
30/04/2024,35,0.6979
01/05/2024,35,0.7403
02/05/2024,13,0.6785
03/05/2024,18,0.8071
04/05/2024,3,0.8297
05/05/2024,7,0.6603
06/05/2024,32,0.503
07/05/2024,36,0.7091
08/05/2024,31,0.7946
09/05/2024,22,0.7715
10/05/2024,20,0.7682
11/05/2024,11,0.5737
12/05/2024,16,0.8257
13/05/2024,20,0.8327
14/05/2024,24,0.7781
15/05/2024,23,0.6448
16/05/2024,27,0.8022
17/05/2024,20,0.8041
18/05/2024,9,0.6979
19/05/2024,7,0.7043
20/05/2024,17,0.9006
21/05/2024,32,0.8188
22/05/2024,24,0.7291
23/05/2024,28,0.7805
24/05/2024,13,0.8138
25/05/2024,21,0.8283
26/05/2024,7,0.8589
27/05/2024,12,0.8053
28/05/2024,12,0.8213
29/05/2024,24,0.6257
30/05/2024,25,0.7064
31/05/2024,16,0.7237
01/06/2024,23,0.7529
02/06/2024,8,0.803
03/06/2024,10,0.7183
04/06/2024,11,0.988
05/06/2024,26,0.8602
06/06/2024,15,0.9065
07/06/2024,27,0.7347
08/06/2024,14,0.9362
09/06/2024,5,0.8956
10/06/2024,18,0.7804
11/06/2024,21,0.882
12/06/2024,28,0.8152
13/06/2024,17,0.9604
14/06/2024,15,0.7383
15/06/2024,9,0.5837
16/06/2024,4,0.7478
17/06/2024,15,0.6941
18/06/2024,23,0.4679
19/06/2024,22,0.7688
20/06/2024,19,0.8805
21/06/2024,19,0.7471
22/06/2024,8,0.8611
23/06/2024,10,0.6344
24/06/2024,27,0.6524
25/06/2024,20,0.7894
26/06/2024,30,0.7165
27/06/2024,29,0.7746
28/06/2024,23,0.7814
29/06/2024,8,0.9473
30/06/2024,9,0.8396
01/07/2024,17,0.6641
02/07/2024,17,0.8274
03/07/2024,26,0.8469
04/07/2024,16,0.9049
05/07/2024,20,0.6999
06/07/2024,9,0.6826
07/07/2024,10,0.9665
08/07/2024,8,0.9524
09/07/2024,18,0.7379
10/07/2024,29,0.7421
11/07/2024,26,0.7778
12/07/2024,16,0.7535
13/07/2024,12,0.6505
14/07/2024,16,0.7698
15/07/2024,24,0.7114
16/07/2024,22,0.7409
17/07/2024,25,0.5366
18/07/2024,19,0.7941
19/07/2024,14,0.4001
20/07/2024,8,0.5764
21/07/2024,1,0.999
22/07/2024,24,0.7468
23/07/2024,28,0.7001
24/07/2024,16,0.8992
25/07/2024,29,0.7331
26/07/2024,17,0.7916
27/07/2024,4,0.8633
28/07/2024,16,0.5901
29/07/2024,21,0.7793
30/07/2024,30,0.6343
31/07/2024,24,0.8783
01/08/2024,24,0.7401
02/08/2024,40,0.4338
03/08/2024,6,0.6458
04/08/2024,8,0.5456
05/08/2024,31,0.4211
06/08/2024,21,0.6689
07/08/2024,27,0.6847
08/08/2024,17,0.5949
09/08/2024,11,0.5993
10/08/2024,13,0.5888
11/08/2024,11,0.8304
12/08/2024,18,0.7916
13/08/2024,17,0.8451
14/08/2024,24,0.9253
15/08/2024,20,0.7147
16/08/2024,18,0.7973
17/08/2024,9,0.8667
18/08/2024,7,0.5794
19/08/2024,15,0.8849
20/08/2024,11,0.8985
21/08/2024,7,0.7276
22/08/2024,18,0.6487
23/08/2024,23,0.6596
24/08/2024,9,0.7237
25/08/2024,7,0.9536
26/08/2024,14,0.775
27/08/2024,10,0.6648
28/08/2024,12,0.7454
29/08/2024,13,0.708
30/08/2024,18,0.5987
31/08/2024,8,0.8275
01/09/2024,10,0.7531
02/09/2024,5,0.3538
03/09/2024,13,0.738
04/09/2024,9,0.8261
05/09/2024,17,0.8394
06/09/2024,10,0.5399
07/09/2024,6,0.7255
08/09/2024,10,0.8556
09/09/2024,9,0.6781
10/09/2024,23,0.8287
11/09/2024,19,0.7913
12/09/2024,18,0.8702
13/09/2024,14,0.742
14/09/2024,13,0.5256
15/09/2024,4,0.8775
16/09/2024,21,0.601
17/09/2024,31,0.7893
18/09/2024,15,0.8684
19/09/2024,16,0.7258
20/09/2024,2,0.997
21/09/2024,13,0.425
22/09/2024,5,0.5876
23/09/2024,6,0.9725
24/09/2024,15,0.7619
25/09/2024,14,0.7268
26/09/2024,15,0.9003
27/09/2024,16,0.9128
28/09/2024,11,0.6149
29/09/2024,12,0.7407
30/09/2024,13,0.7862
01/10/2024,13,0.6083
02/10/2024,18,0.5257
03/10/2024,23,0.8107
04/10/2024,17,0.8604
05/10/2024,15,0.6757
06/10/2024,9,0.9412
07/10/2024,21,0.6273
08/10/2024,15,0.6689
09/10/2024,24,0.893
10/10/2024,17,0.8489
11/10/2024,11,0.8724
12/10/2024,2,0.998
13/10/2024,9,0.6358
14/10/2024,2,0.9995
15/10/2024,17,0.7815
16/10/2024,38,0.812
17/10/2024,38,0.9002
18/10/2024,31,0.8947
19/10/2024,7,0.7567
20/10/2024,10,0.836
21/10/2024,10,0.5151
22/10/2024,4,0.6868
23/10/2024,3,0.134
24/10/2024,2,0.4915
25/10/2024,2,0.7935
26/10/2024,5,0.513
27/10/2024,2,0.6335
28/10/2024,1,-0.09
29/10/2024,6,0.7773
30/10/2024,2,0.48
31/10/2024,6,0.5003
01/11/2024,8,0.5684
02/11/2024,2,0.6445
03/11/2024,1,0.422
04/11/2024,8,0.3926
05/11/2024,3,0.3057
06/11/2024,3,0.4077
07/11/2024,7,0.7266
08/11/2024,6,0.2932
09/11/2024,2,0.211
10/11/2024,3,0.367
11/11/2024,1,0.178
12/11/2024,4,0.288
13/11/2024,4,-0.0378
14/11/2024,3,0.584
15/11/2024,5,0.2746
16/11/2024,5,0.094
17/11/2024,2,0.3185
18/11/2024,3,0.4973
20/11/2024,2,0.284
21/11/2024,4,0.0773
22/11/2024,3,0.4333
23/11/2024,3,0.5723
24/11/2024,1,0.402
26/11/2024,8,-0.055
27/11/2024,3,0.666
28/11/2024,5,0.3406
29/11/2024,3,0.4593
30/11/2024,2,0
01/12/2024,2,0.7375
02/12/2024,4,0.079
03/12/2024,3,0.4
04/12/2024,5,0.7014
05/12/2024,2,0.545
06/12/2024,3,0.533
07/12/2024,4,0.3585
08/12/2024,3,0.5367
09/12/2024,4,0.4468
10/12/2024,5,0.3788
11/12/2024,2,0.355
12/12/2024,4,0.045
13/12/2024,6,0.456
14/12/2024,4,0.0013
15/12/2024,1,0.178
16/12/2024,4,0.3658
17/12/2024,7,0.258
18/12/2024,2,0.355
19/12/2024,2,0.37
20/12/2024,2,0.28
21/12/2024,1,0.71
22/12/2024,3,0.2
23/12/2024,3,0.6273
24/12/2024,4,0.6818
25/12/2024,3,0.3017
26/12/2024,2,0.4305
27/12/2024,3,0.3993
28/12/2024,2,0.2995
29/12/2024,2,-0.273
31/12/2024,6,0.4363
01/01/2025,1,0.71
02/01/2025,2,0.4935
03/01/2025,5,0.5452
04/01/2025,7,0.6407
05/01/2025,3,0.259
06/01/2025,4,0.3503
07/01/2025,10,0.5722
08/01/2025,4,0.6993
09/01/2025,4,0.2468
10/01/2025,4,0.4623
11/01/2025,7,0.1977
12/01/2025,7,0.632
13/01/2025,5,0.328
14/01/2025,13,0.7496
15/01/2025,9,0.6303
16/01/2025,10,0.7588
17/01/2025,14,0.7533
18/01/2025,12,0.8578
19/01/2025,12,0.8234
20/01/2025,9,0.8866
21/01/2025,4,0.9868
22/01/2025,20,0.7067
23/01/2025,15,0.7071
24/01/2025,16,0.7951
25/01/2025,14,0.7138
26/01/2025,3,0.6537
27/01/2025,20,0.8099
28/01/2025,19,0.7701
29/01/2025,14,0.7305
30/01/2025,19,0.5504
31/01/2025,25,0.77
01/02/2025,16,0.648
02/02/2025,13,0.6635
03/02/2025,34,0.5955
04/02/2025,2,0.997
05/02/2025,28,0.719
06/02/2025,20,0.7468
07/02/2025,32,0.5012
08/02/2025,17,0.7867
09/02/2025,7,0.9397
10/02/2025,22,0.786
11/02/2025,26,0.8847
12/02/2025,26,0.6748
13/02/2025,20,0.642
14/02/2025,32,0.7734
15/02/2025,8,0.8638
16/02/2025,7,0.6209
17/02/2025,12,0.8566
18/02/2025,11,0.6129
19/02/2025,20,0.6687
20/02/2025,22,0.6851
21/02/2025,21,0.5145
22/02/2025,11,0.8665
