Date,Open,High,Low,Close,Volume,Average Score,7 MA
27/03/2018,41.02,41.37,39.43,39.76,163690316,-0.244,0.817
16/04/2018,41.34,41.62,41.29,41.53,86313680,0.997,0.817
22/06/2018,44.13,44.14,43.79,43.85,108801788,-0.807,0.56
23/10/2018,51.36,53.12,51.09,53,155071384,0.995,0.559
30/11/2018,43.05,43.06,42.27,42.64,158126196,0.998,0.561
04/01/2019,45.96,45.96,45.17,45.86,111447856,0.994,0.736
05/01/2019,50.33,51.63,50.17,50.48,259309312,0.362,0.022
22/02/2019,41.14,41.49,41.1,41.48,75652616,0.997,0.559
01/03/2019,34.38,34.79,33.91,33.95,365248780,0.98,0.559
06/03/2019,42.27,42.83,40.99,41.72,161584276,0.032,-0.005
16/04/2019,47.83,48.29,47.61,47.78,102785540,0.906,0.723
18/04/2019,48.71,48.96,48.56,48.89,96783064,-0.949,0.703
22/04/2019,48.64,49.14,48.52,49.05,77758180,-0.924,0.429
25/04/2019,49.6,49.82,49.19,49.23,74172824,0.754,0.394
29/04/2019,49.01,49.39,48.89,49.07,88818864,-0.987,0.113
13/05/2019,45.19,45.61,44.02,44.71,229722492,0.906,0.004
14/05/2019,44.88,45.67,44.63,45.42,146118708,-0.924,0.004
15/05/2019,44.84,46.16,44.78,45.96,106178872,0.036,-0.098
16/05/2019,45.72,46.33,45.46,45.76,132125456,-0.985,-0.098
17/05/2019,45,45.96,44.96,45.5,131516360,-0.422,-0.21
20/05/2019,44.18,44.38,43.4,44.08,154449160,-0.924,-0.471
21/05/2019,44.59,45.26,44.46,44.92,113459392,0.906,-0.201
22/05/2019,44.45,44.71,43.95,44,118994224,0.863,-0.207
23/05/2019,43.28,43.46,42.81,43.25,146118944,-0.993,-0.217
24/05/2019,43.38,43.85,43,43.08,94858744,0.844,-0.102
29/05/2019,42.47,43.18,42.37,42.7,113924660,0.975,0.34
30/05/2019,42.84,43.15,42.53,42.92,84873648,-0.966,0.073
31/05/2019,42.42,42.85,42.13,42.15,108174336,-0.705,-0.151
06/06/2019,44.07,44.65,43.85,44.59,90105244,-0.989,-0.267
13/06/2019,46.87,47.37,46.61,46.74,86698500,0.906,-0.519
14/06/2019,46.11,46.6,45.81,46.4,75045896,-0.988,-0.522
05/07/2019,49.37,49.74,48.16,48.65,155054792,0.906,0.01
06/07/2019,44.9,46.2,44.72,45.78,122737572,-0.988,-0.509
05/10/2019,47.53,47.87,46.41,47.47,164834848,-0.987,-0.261
06/10/2019,46.18,47.03,46.13,46.36,104883404,-0.924,-0.509
05/01/2020,69.55,72.64,69.45,70.23,240616700,0.998,0.724
10/01/2020,114.84,114.92,113.07,114.01,114958231,0.664,0.788
12/01/2020,118.33,120.74,117.36,120.01,125920963,0.987,0.836
07/02/2020,89.61,90.25,88.58,88.7,115258064,0.344,0.522
09/02/2020,134.32,134.7,123.98,128.27,198233370,0.469,0.576
11/02/2020,106.51,108.05,104.77,106.18,122866899,0.458,0.768
08/03/2020,105.43,108.78,105.13,106.15,307269208,0.939,0.948
09/03/2020,123.89,125.77,117.63,118,250623616,0.55,0.512
11/03/2020,107.05,108.84,106.14,107.81,107624448,0.986,0.819
23/03/2020,55.41,55.52,51.66,54.51,336752832,0.994,-0.416
24/03/2020,57.43,60.18,56.93,59.98,287531092,0.94,-0.141
27/03/2020,61.41,62.17,60.02,60.19,204216612,0.98,0.141
30/03/2020,60.92,62.08,60.59,61.91,167976440,0.156,0.295
09/04/2020,117.21,120.76,108.25,118.08,332607163,0.352,0.561
12/04/2020,119.89,120.14,118.83,119.55,78260421,0.987,0.835
23/04/2020,67.02,68.45,66.78,66.82,123426528,-0.781,0.44
24/04/2020,67.35,68.76,67.3,68.75,126508732,0.999,0.448
27/04/2020,68.47,69.13,68.02,68.8,116821920,0.892,0.436
28/04/2020,69.26,69.44,67.59,67.68,109034440,0.98,0.553
30/04/2020,70.45,71.56,70.06,71.38,183063872,0.994,0.661
05/05/2020,71.69,73.13,71.54,72.29,147751180,0.648,0.676
08/05/2020,106.58,107.57,106.11,107.25,120102788,0.906,0.936
13/05/2020,76.04,76.97,73.86,74.94,200622556,-0.027,0.797
14/05/2020,74.18,75.47,73.45,75.4,158929076,0.972,0.794
15/05/2020,73.17,75,73.13,74.96,164073664,0.984,0.792
18/05/2020,76.29,77.1,75.6,76.72,135372500,0.996,0.842
19/05/2020,76.74,77.59,76.25,76.28,101729540,0.998,0.843
20/05/2020,77.14,77.84,77.03,77.76,111504860,0.85,0.824
28/05/2020,77.17,78.79,76.89,77.53,133796412,0.973,0.821
05/06/2020,73,73.67,72.61,73.04,142333752,0.991,0.929
08/06/2020,107.58,111.48,106.99,110.99,202428900,0.984,0.934
10/06/2020,112.95,113.36,109.58,110.47,159519440,0.968,0.787
15/06/2020,81.18,84.21,81.02,83.55,138808920,0.953,0.964
19/06/2020,86.39,86.86,84.08,85.19,264475808,0.995,0.966
24/06/2020,88.91,89.84,87.34,87.71,190982340,-0.908,0.694
29/06/2020,86.05,88.23,85.57,88.13,129839052,0.302,0.594
04/07/2020,65.79,66.01,62.93,63.03,202137960,0.238,0.199
05/07/2020,73.67,74.14,73.37,73.8,115215056,0.978,0.926
07/07/2020,91.45,92.23,90.68,90.79,112827996,0.901,0.348
08/07/2020,110.51,110.97,107.67,108.47,198045612,0.989,0.943
10/07/2020,111.89,112.8,111.41,112.34,96135446,0.98,0.799
12/07/2020,119.61,121.82,119.55,121.01,86711990,0.988,0.801
14/07/2020,92.41,94.77,91.47,94.57,170992476,0.992,0.386
15/07/2020,96.46,96.71,94.02,95.22,153227496,0.999,0.486
16/07/2020,94.09,94.91,93.45,94.05,110583708,0.927,0.569
17/07/2020,94.5,94.66,93.39,93.86,92187020,0.819,0.708
20/07/2020,93.95,95.98,93.6,95.84,90318028,0.987,0.72
30/07/2020,91.78,93.83,91.37,93.73,126407408,0.976,0.956
04/08/2020,63.83,64.96,63.47,64.64,164829120,0.559,0.42
07/08/2020,91.77,92.93,91.68,92.9,117097916,-0.676,0.115
09/08/2020,111.24,116.16,110,110.13,226149287,0.649,0.513
10/08/2020,113.48,113.63,111.86,112.23,82322071,0.99,0.84
13/08/2020,111.71,113.28,111.22,112.27,201950304,0.882,0.956
18/08/2020,111.63,113.24,111.29,112.81,104095732,0.921,0.953
19/08/2020,113.22,114.37,112.86,112.95,144547048,0.988,0.965
20/08/2020,113,115.57,112.98,115.46,125313344,-0.908,0.694
21/08/2020,116.42,121.9,116.41,121.41,338054640,0.998,0.696
24/08/2020,125.63,125.72,120.99,122.86,343339388,0.003,0.555
25/08/2020,121.73,122.2,120.12,121.85,208941716,0.991,0.554
27/08/2020,124.12,124.45,120.89,122.03,154146696,-0.103,0.413
28/08/2020,123.01,123.43,121.61,121.84,187629916,0.674,0.378
31/08/2020,124.54,127.88,123,125.97,223505733,0.997,0.379
04/09/2020,65.28,65.62,64.31,65.11,162116492,0.987,0.693
09/09/2020,114.47,116.3,112.52,114.53,172144189,1,0.67
10/09/2020,112.54,114.22,112.18,114.19,100506865,1,0.878
11/09/2020,117.84,119.29,113.48,113.75,154515315,-0.51,0.604
12/09/2020,121.78,123.16,118.32,119.09,115089193,0.988,0.803
14/09/2020,111.99,113.17,110.12,112.61,138248838,0.866,0.74
15/09/2020,115.51,116,110.91,112.79,182985051,0.993,0.803
16/09/2020,112.49,113.24,109.37,109.46,153804096,0.975,0.892
17/09/2020,107.11,109.53,106.12,107.71,176909480,0.9,0.928
22/09/2020,110,110.17,106.56,109.15,181592150,0.703,0.886
24/09/2020,102.67,107.63,102.5,105.64,167743349,0.73,0.85
28/09/2020,112.27,112.58,110.1,112.22,136441425,0.984,0.879
29/09/2020,111.82,112.57,110.87,111.37,98636389,0.561,0.835
06/10/2020,84.75,86.42,84.31,85.95,165423144,0.996,0.967
08/10/2020,109.92,111.07,107.38,110.04,212403424,0.991,0.967
09/10/2020,117.5,117.63,109.82,110.79,182274391,0.982,0.714
11/10/2020,112.99,114.99,111.61,113.41,133345001,0.993,0.607
12/10/2020,117.84,121.13,117.49,120.51,81312170,0.991,0.936
13/10/2020,122.29,122.41,116.8,118.22,260497701,-0.05,0.744
16/10/2020,118.39,118.66,115.98,116.19,115393808,0.989,0.79
20/10/2020,113.43,116.15,112.88,114.71,124423728,0.979,0.792
21/10/2020,113.89,115.88,113.68,114.09,89945980,0.994,0.794
22/10/2020,114.65,115.23,111.86,113,101354341,0.202,0.681
23/10/2020,113.62,113.78,111.56,112.3,82572645,0.994,0.68
26/10/2020,111.3,113.78,110.19,112.31,109974392,0.997,0.826
27/10/2020,112.74,114.49,111.81,113.82,90967291,0.971,0.824
28/10/2020,112.31,112.68,108.46,108.55,142355296,0.956,0.821
29/10/2020,109.7,114.15,109.53,112.58,146129173,0.986,0.819
30/10/2020,108.42,109.32,105.16,106.27,190573476,0.378,0.845
08/11/2020,109.3,109.81,106.51,106.77,185915844,0.998,0.969
09/11/2020,111.84,112.49,107.38,109.33,180860325,0.78,0.683
11/11/2020,114.6,116.98,113.87,116.85,112294954,0.988,0.611
12/11/2020,119.72,120.05,117.88,119.7,86939786,0.997,0.937
13/11/2020,116.8,117.03,115.26,116.62,81688586,0.992,0.612
23/11/2020,114.59,115.02,111.23,111.33,125934410,0.993,0.774
25/11/2020,112.99,114.17,112.62,113.46,76499234,0.865,0.757
30/11/2020,114.38,118.29,114.23,116.42,169410176,0.06,0.836
05/12/2020,77.42,77.88,75.74,75.86,162301052,0.997,0.941
10/12/2020,117.2,122.2,116.45,121.44,236262242,0.653,0.831
14/12/2020,119.89,120.62,118.85,119.09,79075988,-0.1,0.782
15/12/2020,121.59,125.07,121.38,125.05,157572262,0.217,0.704
16/12/2020,124.59,125.53,123.76,124.98,98208591,0.923,0.715
17/12/2020,126.05,126.71,125.21,125.85,94359811,-0.002,0.573
21/12/2020,122.26,125.47,120.72,125.39,121251553,-0.883,0.034
22/12/2020,128.7,131.43,126.78,128.96,169351825,0.971,0.03
23/12/2020,129.24,129.5,127.89,128.06,87689496,0.99,0.186
24/12/2020,128.42,130.51,128.2,129.05,54930064,-0.064,0.145
28/12/2020,131.03,134.3,130.56,133.67,124486237,0.507,0.229
29/12/2020,135,135.72,131.37,131.89,120520930,0.875,0.485
30/12/2020,132.58,132.98,130.45,130.76,96452124,0.914,0.742
02/01/2021,130.79,132.39,128.03,131.17,105920089,0.991,0.661
03/01/2021,121.19,125.29,120.25,125.15,116307892,0.782,0.554
04/01/2021,121.11,121.62,119.96,120.46,75089134,0.721,0.592
06/01/2021,122.7,122.97,121.59,121.92,67637118,0.743,0.586
07/01/2021,134.01,134.72,133.18,134.66,52485781,0.749,0.63
09/01/2021,150.15,152.27,149.67,149.84,79894928,0.507,0.544
10/01/2021,139.41,140.42,136.67,140.15,93898379,0.663,0.553
11/01/2021,146.38,147.08,145.21,146.35,73492793,0.471,0.486
12/01/2021,164.79,167.56,161.88,162.12,148754266,0.464,0.635
13/01/2021,125.91,128.54,125.65,128,88172900,0.156,0.755
14/01/2021,127.91,128.1,125.91,126.06,90221755,0.998,0.781
15/01/2021,125.93,127.34,124.19,124.33,111598531,0.86,0.774
19/01/2021,124.95,125.86,124.13,125,89857877,0.239,0.729
20/01/2021,125.81,129.56,125.71,129.11,103818252,0.855,0.72
21/01/2021,130.84,136.58,130.64,133.84,120529544,0.067,0.707
22/01/2021,133.27,136.76,132.03,135.99,114459360,0.995,0.707
25/01/2021,139.91,141.88,133.52,139.76,156955243,0.61,0.548
26/01/2021,140.42,141.11,138.24,139.99,98390555,0.958,0.549
27/01/2021,140.26,141.11,137.3,138.92,140843759,0.996,0.657
28/01/2021,136.43,138.85,133.68,134.06,140350959,0.524,0.61
29/01/2021,132.83,133.72,127.33,129.04,177523812,0.432,0.662
02/02/2021,132.73,133.3,131.63,132,82321579,0.371,0.697
03/02/2021,125.76,126.06,122.43,122.54,102260945,0.813,0.611
06/02/2021,121.92,122.86,121.69,122.68,58847659,0.594,0.587
07/02/2021,135.28,137.34,135.13,137.3,78945572,0.638,0.639
08/02/2021,143.58,144.16,142.49,142.76,62738871,0.637,0.538
09/02/2021,151.17,152.01,149.73,150.96,70831215,0.521,0.512
11/02/2021,146.06,148.91,146.05,147.39,69032831,0.593,0.481
12/02/2021,156.18,161.56,155.26,161.13,136341329,0.092,0.508
16/02/2021,132.69,133.2,130.05,130.44,80576316,0.766,0.798
17/02/2021,128.54,129.49,126.8,128.14,98085249,0.857,0.797
18/02/2021,126.53,127.31,124.78,127.03,96856748,0.176,0.68
19/02/2021,127.55,128.01,126.14,127.19,87668834,0.067,0.549
22/02/2021,125.37,127.04,123.01,123.4,103916419,0.416,0.534
23/02/2021,121.2,124.09,115.95,123.26,158273022,0.271,0.463
24/02/2021,122.36,122.97,119.71,122.76,111039904,0.497,0.412
25/02/2021,122.11,123.85,118.05,118.49,148199540,0.709,0.488
26/02/2021,120.06,122.27,118.7,118.76,164560394,0.599,0.564
02/03/2021,132.76,132.77,130.66,130.98,89880937,0.925,0.742
03/03/2021,122.23,123.11,119.32,119.54,111513849,0.159,0.595
05/03/2021,129.31,131.3,129.11,129.8,75135100,0.458,0.403
06/03/2021,122.31,122.48,120.79,121.19,75331115,0.712,0.596
08/03/2021,143.04,145.23,142.42,144.56,64786618,0.672,0.567
09/03/2021,151.07,151.92,150.41,151.6,57866066,0.134,0.459
11/03/2021,147.76,149.31,147.2,148.84,54003704,0.699,0.5
12/03/2021,161.38,162.31,157.15,159.24,117715751,0.554,0.529
15/03/2021,118.9,121.44,117.93,121.43,91641641,0.651,0.718
16/03/2021,123.1,124.59,122.14,122.98,114737887,0.462,0.696
17/03/2021,121.49,123.26,119.81,122.18,111434831,0.233,0.633
18/03/2021,120.34,120.64,117.84,118.04,121469755,0.729,0.633
19/03/2021,117.42,118.92,117.2,117.51,185549522,0.516,0.603
22/03/2021,117.85,121.31,117.78,120.84,111912284,0.579,0.443
23/03/2021,120.78,121.67,119.62,120.01,95243836,0.637,0.468
24/03/2021,120.28,120.36,117.59,117.61,87949436,0.458,0.5
25/03/2021,117.07,119.15,116.54,118.1,98844681,0.782,0.508
26/03/2021,117.86,118.97,116.46,118.71,94071234,0.709,0.535
29/03/2021,119.14,120.05,118.24,118.88,80819203,0.492,0.615
30/03/2021,117.63,117.92,116.41,117.42,84778972,0.406,0.582
31/03/2021,119.14,120.97,118.65,119.63,118323826,0.583,0.6
01/04/2021,130.57,130.66,123.96,126.55,143301887,0.963,0.733
02/04/2021,133.29,134.36,131.61,134.35,84183061,0.999,0.748
03/04/2021,119.24,121.05,116.17,117.65,178154975,0.826,0.642
05/04/2021,128.48,128.77,124.08,125.21,137564718,0.431,0.392
06/04/2021,121.71,123.76,121.5,123.5,74505841,0.525,0.554
08/04/2021,144.47,144.98,143.5,144.16,56368271,0.393,0.557
10/04/2021,139.28,139.72,135.85,136.7,97898428,0.513,0.476
11/04/2021,148.92,149.76,148,148.32,60056640,0.547,0.506
13/04/2021,129.71,131.88,129.21,131.65,91266545,0.565,0.472
14/04/2021,132.15,132.21,128.94,129.3,87222782,0.499,0.471
15/04/2021,131.06,132.21,130.88,131.72,89347102,0.622,0.531
16/04/2021,131.53,131.89,130.53,131.39,84922386,0.521,0.534
19/04/2021,130.75,132.67,130.59,132.06,94264215,0.343,0.533
20/04/2021,132.23,132.73,129.09,130.36,94812349,0.635,0.543
21/04/2021,129.63,130.99,128.59,130.74,68847136,0.182,0.498
22/04/2021,130.29,131.38,128.7,129.22,84566456,0.497,0.48
23/04/2021,129.43,132.33,129.43,131.55,78756779,0.721,0.509
26/04/2021,132.05,132.27,130.8,131.94,65335049,0.482,0.468
27/04/2021,132.22,132.61,131.34,131.62,66015804,0.505,0.45
28/04/2021,131.54,132.23,130.33,130.82,107760097,0.607,0.51
29/04/2021,133.65,134.24,129.72,130.72,151100953,0.517,0.513
30/04/2021,129.06,130.8,128.36,128.75,109839466,0.213,0.441
01/05/2021,126.04,128.83,125.59,128.11,96942904,0.821,0.86
02/05/2021,134.51,134.58,133.05,133.94,75693830,0.767,0.716
03/05/2021,118.48,119.42,115.14,118.91,153766601,0.73,0.645
04/05/2021,121.31,123.56,120.53,123.3,87551744,0.734,0.658
05/05/2021,126.53,127.76,125.33,125.45,84000900,0.638,0.397
08/05/2021,144.19,145.03,143.39,144.27,46397674,0.224,0.513
10/05/2021,137.05,139.75,136.92,138.64,80568717,0.387,0.465
11/05/2021,149.45,149.75,147.65,148.85,65275966,0.499,0.536
13/05/2021,122.21,123.75,121.9,122.6,105861339,0.67,0.513
14/05/2021,123.85,125.46,123.46,125.03,81163792,0.46,0.507
17/05/2021,124.41,124.52,122.79,123.87,73810407,0.463,0.407
18/05/2021,124.16,124.58,122.41,122.48,62455311,0.642,0.486
19/05/2021,120.82,122.54,120.53,122.32,90595813,0.429,0.517
20/05/2021,122.85,125.29,122.72,124.89,76857123,0.449,0.485
21/05/2021,125.39,125.57,122.83,123.05,79295436,0.483,0.488
24/05/2021,123.62,125.51,123.55,124.69,62823701,0.499,0.441
25/05/2021,125.39,125.88,123.92,124.49,72009482,0.584,0.433
26/05/2021,124.54,124.97,124.02,124.44,54464024,0.655,0.465
27/05/2021,124.04,125.22,122.7,122.9,93505088,0.818,0.518
28/05/2021,123.18,123.41,122.18,122.24,71311109,0.517,0.523
01/06/2021,124.9,128.15,123.59,123.8,155087970,0.906,0.846
04/06/2021,123.89,124.5,123.06,123.6,80171253,0.574,0.682
05/06/2021,125.25,127.07,124.5,127.06,78128334,0.655,0.416
07/06/2021,137.41,140.43,137.41,139.32,108058862,0.318,0.579
08/06/2021,143.79,144.53,143.08,143.58,54126813,0.402,0.515
10/06/2021,137.03,139.66,135.95,139.51,82621764,0.351,0.488
12/06/2021,161.65,165.18,161.64,162.66,106617239,0.55,0.51
14/06/2021,125.39,128.06,124.66,128,96906490,0.537,0.596
15/06/2021,127.47,128.12,126.93,127.18,62273981,0.674,0.605
16/06/2021,127.89,128.4,126.02,127.68,91339351,0.792,0.601
17/06/2021,127.33,130.03,127.19,129.29,96721669,0.688,0.64
18/06/2021,128.23,129.01,127.77,127.98,108953309,0.793,0.67
21/06/2021,127.83,129.9,126.76,129.79,79421396,0.589,0.601
22/06/2021,129.62,131.53,129.12,131.44,74475383,0.742,0.611
23/06/2021,131.23,131.77,130.7,131.16,60214200,0.581,0.581
24/06/2021,131.9,132.08,130.41,130.88,68359872,0.689,0.581
25/06/2021,130.93,131.35,130.29,130.58,70783746,0.576,0.55
28/06/2021,130.88,132.68,130.82,132.22,61910976,0.796,0.69
29/06/2021,132.24,133.9,131.8,133.74,63671672,0.298,0.627
30/06/2021,133.58,134.8,133.29,134.36,63261393,0.542,0.621
01/07/2021,125.52,128.72,125.03,128.02,108247276,0.543,0.851
04/07/2021,123.23,125.28,122.56,125.26,83466716,0.506,0.671
05/07/2021,128.36,128.77,127.02,127.74,78973273,0.502,0.458
06/07/2021,123.77,123.92,122.46,123.51,70340619,0.647,0.636
07/07/2021,140.81,142.14,139.95,141.82,104465976,0.512,0.575
09/07/2021,152.26,154.51,151.69,153.95,81667653,0.584,0.508
10/07/2021,140.55,141.69,140.22,140.78,61405239,0.475,0.486
12/07/2021,166.36,168.82,165.63,168.43,120405352,0.529,0.53
13/07/2021,141.29,144.66,140.9,142.87,100827099,0.412,0.463
14/07/2021,145.29,146.73,144.88,146.32,127050785,0.548,0.468
15/07/2021,146.41,147.15,144.3,145.66,106820297,0.651,0.549
16/07/2021,145.64,146.92,143.11,143.61,92858286,0.648,0.576
19/07/2021,141.02,141.33,138.98,139.74,121434571,0.628,0.562
20/07/2021,140.74,144.31,140.24,143.37,95244324,0.432,0.564
21/07/2021,142.77,143.35,141.88,142.64,74993460,0.506,0.558
22/07/2021,143.16,145.38,143.04,144.01,77338156,0.571,0.547
23/07/2021,144.75,145.89,144.13,145.74,71447416,0.637,0.545
26/07/2021,145.45,146.98,144.89,146.16,71514639,0.516,0.582
27/07/2021,146.29,146.38,142.79,143.98,98534796,0.467,0.587
28/07/2021,142.06,144.18,139.83,142.23,118931191,0.467,0.582
29/07/2021,141.94,143.77,141.83,142.87,56699475,0.532,0.576
30/07/2021,141.64,143.55,141.37,143.09,70440626,0.386,0.54
01/08/2021,129.5,129.7,127.35,129.13,105158245,0.947,0.862
02/08/2021,133.22,134.13,132.13,134.08,71137698,0.494,0.791
03/08/2021,118.43,118.5,113.81,113.96,154376610,0.48,0.594
04/08/2021,126.29,127.7,125.87,127.67,88844591,0.202,0.597
06/08/2021,124.2,126.02,123.81,124.33,74403774,0.616,0.618
07/08/2021,138.89,141.32,137.99,140.52,105317116,0.083,0.479
09/08/2021,154.23,154.29,151.28,152.39,74099374,0.287,0.477
10/08/2021,141.51,141.65,140.06,140.4,58566686,0.464,0.457
11/08/2021,148.97,149.13,147.74,148.02,54753483,0.776,0.589
12/08/2021,169.36,173.13,167.95,172.26,116385861,0.44,0.526
13/08/2021,146.36,146.83,145.67,146.49,59375009,0.403,0.504
16/08/2021,145.93,148.54,143.9,148.47,103558782,0.413,0.456
17/08/2021,147.6,149.02,146.48,147.56,91713192,0.683,0.461
18/08/2021,147.18,148.08,143.59,143.8,84585569,0.164,0.396
19/08/2021,142.49,145.41,141.97,144.13,85916703,0.254,0.383
20/08/2021,144.86,145.9,144.21,145.59,59545586,0.416,0.385
23/08/2021,145.71,147.56,145.3,147.09,59080596,0.443,0.501
24/08/2021,146.83,148.22,146.54,147,48483941,0.624,0.492
25/08/2021,147.19,147.69,145.21,145.76,58871490,0.564,0.55
26/08/2021,145.75,146.51,144.93,144.96,48242838,0.743,0.619
27/08/2021,144.9,146.14,144.26,146,55130670,0.504,0.632
30/08/2021,146.39,150.8,146.01,150.44,90935977,0.566,0.567
31/08/2021,149.99,150.12,148.64,149.17,86333932,0.519,0.552
02/09/2021,133.8,135.03,133.04,133.2,76774213,0.302,0.693
03/09/2021,116.57,119.54,116.34,118.58,129525780,0.615,0.565
04/09/2021,127.12,130.29,126.8,130.25,106686703,0.5,0.576
06/09/2021,124.79,125.32,124.12,124.72,55584187,0.814,0.65
07/09/2021,140.04,142.88,139.94,142.35,99890800,0.457,0.454
08/09/2021,143.64,144.13,142.97,143.53,48908689,0.414,0.458
09/09/2021,152.77,153.38,151.25,151.37,56205329,0.79,0.515
11/09/2021,147.78,148.99,147.65,148.38,56573449,0.526,0.579
12/09/2021,172.1,173.91,171.12,171.75,108705546,0.537,0.59
13/09/2021,147.99,148.77,146.14,146.93,95129792,0.153,0.413
14/09/2021,147.72,148.42,144.34,145.53,109038136,0.341,0.378
15/09/2021,145.96,146.82,143.81,146.42,81629656,0.358,0.388
16/09/2021,145.84,146.36,144.64,146.18,67882103,0.392,0.332
17/09/2021,146.21,146.21,143.21,143.5,129814894,0.432,0.328
20/09/2021,141.28,142.3,138.8,140.44,123039667,0.304,0.345
21/09/2021,141.41,142.07,140.28,140.92,75167095,0.49,0.367
22/09/2021,141.92,143.87,141.18,143.3,75476410,0.204,0.345
23/09/2021,144.08,144.5,143.09,144.26,64589748,0.278,0.328
24/09/2021,143.11,144.89,143.01,144.35,53194322,0.692,0.365
27/09/2021,142.92,143.4,141.3,142.82,74131810,0.603,0.532
28/09/2021,140.74,142.21,139.21,139.42,108444422,0.465,0.529
29/09/2021,139.97,141.92,139.54,140.33,74299723,0.191,0.527
30/09/2021,141.14,141.85,138.81,139.02,88765409,0.49,0.557
02/10/2021,133.66,134.16,131.62,132.59,72647988,0.865,0.763
03/10/2021,119.18,119.65,116.98,117.5,111943326,0.678,0.639
05/10/2021,126.95,127.08,124.4,124.44,87457656,0.668,0.62
06/10/2021,124.61,125.76,123.55,123.71,70606505,0.418,0.608
08/10/2021,143.87,145.12,142.75,143.05,69023081,0.642,0.454
09/10/2021,152.28,152.76,146.1,146.36,140155940,0.459,0.562
11/10/2021,147.61,147.71,145.47,145.54,65070159,0.256,0.516
12/10/2021,172.39,176.74,171.88,176.56,112749865,0.594,0.595
13/10/2021,138.76,138.92,136.76,138.44,77572276,0.045,0.329
14/10/2021,139.62,141.36,139.03,141.24,67204566,0.615,0.349
15/10/2021,141.25,142.36,141,142.3,67681353,0.423,0.343
18/10/2021,140.93,144.27,140.65,143.98,82914914,0.561,0.408
19/10/2021,144.43,146.56,143.98,146.15,74778881,0.39,0.379
20/10/2021,146.1,147.13,145.53,146.65,58085532,0.648,0.447
21/10/2021,146.2,147.02,145.28,146.86,61247633,0.389,0.496
22/10/2021,147.07,147.55,146.04,146.09,58703843,0.337,0.456
25/10/2021,146.08,146.75,145.04,146.04,50376102,0.626,0.507
26/10/2021,146.71,148.2,146.4,146.7,60630899,0.63,0.541
27/10/2021,146.74,147.11,145.89,146.24,55786500,0.566,0.529
28/10/2021,147.2,150.48,147.1,149.9,95522214,0.507,0.546
29/10/2021,144.64,147.31,143.85,147.18,120521424,0.286,0.539
02/11/2021,133.09,133.57,131.01,132.34,63734349,0.997,0.773
03/11/2021,120.01,120.67,118.76,119.44,103026514,0.727,0.625
05/11/2021,121.15,123.87,120.44,123.52,125668247,0.092,0.572
06/11/2021,124.13,125.02,123.7,124.93,52839952,0.586,0.616
08/11/2021,143.49,144.15,142.98,143.31,48493463,0.619,0.486
10/11/2021,139.78,142.27,139.33,140.31,64254640,0.598,0.404
11/11/2021,146.56,147.03,145.31,145.49,40840550,0.763,0.547
15/11/2021,147.95,149.44,147.03,147.59,55985956,0.82,0.488
16/11/2021,147.53,149.05,146.94,148.57,58616372,0.555,0.493
17/11/2021,148.57,152.51,148.56,151.02,88107637,0.358,0.507
18/11/2021,151.24,156.12,150.59,155.33,137214082,0.476,0.466
19/11/2021,155.11,158.43,154.01,157.97,116744360,0.458,0.48
22/11/2021,159.08,163.03,158.41,158.43,116197266,0.664,0.588
23/11/2021,158.53,159.2,156.5,158.81,95434007,0.45,0.573
24/11/2021,158.16,159.53,157.07,159.33,69463623,-0.019,0.519
26/11/2021,157,157.87,153.84,154.29,76083252,0.407,0.584
29/11/2021,156.81,158.6,156.24,157.66,87418284,0.598,0.574
30/11/2021,157.41,162.86,157.35,162.64,169984434,0.39,0.566
01/12/2021,125.66,126.82,124.05,125.95,90440255,0.918,0.871
02/12/2021,131.58,132.73,130.93,132.57,60145130,0.982,0.771
03/12/2021,117.91,118.67,116.7,118.53,88105050,0.73,0.625
04/12/2021,129.78,130.11,127.93,128.53,91419983,0.691,0.473
05/12/2021,121.06,122.27,119.93,120.44,112172282,0.212,0.511
07/12/2021,143.43,143.54,141.26,141.76,76299719,0.622,0.449
08/12/2021,143.63,146.44,143.29,146.28,73779113,0.345,0.504
10/12/2021,140.72,140.74,138.57,139.03,71977582,0.17,0.373
11/12/2021,146.04,147.98,145.11,147.58,63245197,0.359,0.527
13/12/2021,178.2,179.2,172.71,172.91,150646373,0.623,0.577
14/12/2021,172.43,174.88,169.44,171.53,132804392,0.487,0.571
15/12/2021,172.29,176.61,169.54,176.42,124270351,0.37,0.561
16/12/2021,176.4,178.23,168,169.49,148691636,0.292,0.526
17/12/2021,167.2,170.68,166.96,168.39,194409928,0.474,0.509
20/12/2021,165.57,167.84,164.77,167.02,105925359,0.227,0.352
21/12/2021,168.8,170.41,166.4,170.21,85114809,0.75,0.39
22/12/2021,170.26,173.03,169.38,172.81,90665524,0.6,0.423
23/12/2021,173.02,174,172.45,173.44,68356567,0.706,0.482
27/12/2021,174.24,177.52,174.22,177.43,73003211,0.673,0.621
28/12/2021,177.26,178.41,175.66,176.41,76892695,0.636,0.679
29/12/2021,176.44,177.72,175.27,176.49,61073305,0.374,0.626
30/12/2021,176.58,177.66,175.22,175.33,59354351,0.426,0.601
31/12/2021,175.22,176.35,174.41,174.71,61661433,0.458,0.565
02/01/2022,171.21,172.03,169.54,171.8,85300875,0.654,0.543
03/01/2022,162.25,164.13,159.57,160.78,83063644,-0.02,0.416
04/01/2022,171.45,172.29,169.39,171.72,75755805,0.464,0.566
06/01/2022,147.89,149.71,145.7,146.72,74046038,0.542,0.56
07/01/2022,134.22,137.18,133.84,137.07,71051552,0.414,0.419
08/01/2022,158.85,161.4,158.74,159.35,64516062,0.56,0.362
09/01/2022,154.76,156.52,152.81,156.06,73649928,0.357,0.415
11/01/2022,153.22,153.58,147.34,148.84,78929507,0.326,0.382
12/01/2022,146.67,147.58,145.09,146.77,71072573,-0.071,0.196
13/01/2022,172.95,173.78,169.03,169.42,82273231,0.677,0.596
14/01/2022,168.58,170.98,168.34,170.29,80440780,0.594,0.597
18/01/2022,168.75,169.76,166.68,167.07,90500236,0.644,0.618
19/01/2022,167.27,168.33,163.27,163.56,92914792,0.675,0.623
20/01/2022,164.29,166.95,161.54,161.86,91673327,0.483,0.596
21/01/2022,161.77,163.65,159.69,159.8,121664716,0.601,0.597
24/01/2022,157.45,159.69,152.21,159.02,161418376,0.485,0.556
25/01/2022,156.42,160.14,154.49,157.21,112684500,0.599,0.55
26/01/2022,160.87,161.74,155.28,157.12,107673206,0.443,0.517
27/01/2022,159.84,161.2,155.73,156.66,108389363,0.522,0.522
28/01/2022,163.04,167.61,160.18,167.59,175205170,0.454,0.501
31/01/2022,167.42,172.18,166.78,171.97,114773499,0.589,0.535
02/02/2022,171.93,173.05,170.54,173.01,76403783,0.598,0.565
03/02/2022,161.95,164.88,160.53,164.09,79505054,0.264,0.356
05/02/2022,154.39,155.88,151,155.62,122369159,0.123,0.371
06/02/2022,145.85,149.24,144.89,149.19,72095989,0.333,0.559
08/02/2022,157.96,160.24,157.49,157.87,58686282,0.395,0.374
09/02/2022,157.83,158.43,153.1,153.94,76957768,0.544,0.41
11/02/2022,147.15,150.34,143.26,143.29,92887619,0.284,0.371
12/02/2022,144.45,146.46,144.14,146.28,65334794,0.368,0.194
14/02/2022,164.89,167.06,164.09,166.38,85987949,0.496,0.537
15/02/2022,168.43,170.38,167.72,170.23,62467548,0.323,0.496
16/02/2022,169.3,170.77,167.53,169.99,61077508,0.641,0.497
17/02/2022,168.49,169.36,165.97,166.38,69229966,0.435,0.456
18/02/2022,167.3,168.01,163.73,164.82,82772674,0.294,0.402
22/02/2022,162.53,164.22,159.74,161.88,90457637,0.615,0.404
23/02/2022,163.08,163.69,157.38,157.7,88340259,0.684,0.41
24/02/2022,150.32,160.43,149.75,160.33,140071076,0.413,0.407
25/02/2022,161.41,162.67,158.49,162.4,90836505,0.546,0.443
28/02/2022,160.64,162.97,160.02,162.67,92550987,0.492,0.507
01/03/2022,174.97,179.94,174.85,179.08,96490749,0.739,0.514
02/03/2022,171.67,173.4,169.35,170.12,86758023,0.296,0.533
03/03/2022,165.97,166.4,163.09,163.76,75286261,0.294,0.339
05/03/2022,155.8,158.33,154,157.11,88721066,0.399,0.391
06/03/2022,144.93,145.99,142.53,143.43,87217120,0.347,0.547
08/03/2022,158.69,164.36,158.6,163.91,82314204,0.499,0.403
10/03/2022,136.55,141.35,136.03,140.74,113664225,0.519,0.422
11/03/2022,140.35,141.08,137.08,137.21,96746389,0.348,0.343
14/03/2022,149.2,151.83,147.87,148.39,107612320,0.016,0.305
15/03/2022,148.66,153.26,148.15,152.79,91851992,0.529,0.335
16/03/2022,154.72,157.63,152.17,157.22,101030439,0.334,0.327
17/03/2022,156.26,158.61,155.29,158.24,74392384,0.536,0.352
18/03/2022,158.13,162.04,157.39,161.55,123247366,0.544,0.356
21/03/2022,161.08,163.88,160.6,162.93,89029269,0.002,0.322
22/03/2022,163.06,166.91,162.46,166.32,81343431,0.597,0.332
23/03/2022,165.5,170.08,165.16,167.69,97142423,0.564,0.365
24/03/2022,168.52,171.56,167.69,171.49,89638657,0.523,0.363
25/03/2022,171.3,172.68,170.19,172.13,80281664,0.494,0.356
28/03/2022,169.62,173.12,169.45,173,90059845,0.565,0.604
29/03/2022,174.07,176.35,173.72,176.31,97849001,0.526,0.594
30/03/2022,175.9,176.95,174.08,175.13,89592832,0.64,0.605
31/03/2022,175.2,175.39,171.81,172.02,99941081,0.278,0.57
01/04/2022,179.69,180,176.24,176.81,92663116,0.601,0.509
02/04/2022,169.13,171.52,168.15,169.83,82465400,0.577,0.55
03/04/2022,162.05,163.09,159.7,160.75,83212402,0.169,0.285
04/04/2022,171.98,175.84,171.85,175.79,76204847,0.542,0.465
05/04/2022,157.3,164.01,156.9,163.56,107774959,0.382,0.397
08/04/2022,163.78,164.95,162.23,163.59,55242231,0.337,0.402
10/04/2022,143.29,144.46,142.53,144.34,87624512,0.448,0.398
11/04/2022,140.62,141.19,132.99,136.94,140634485,0.444,0.346
13/04/2022,164.91,168.5,164.3,167.87,70185112,0.477,0.4
14/04/2022,168.09,168.73,162.59,162.84,75329376,0.396,0.397
18/04/2022,161.49,164.13,161.14,162.62,67372249,0.753,0.451
19/04/2022,162.57,165.33,161.48,164.92,67422765,0.552,0.467
20/04/2022,166.26,166.38,163.64,164.75,67718110,0.557,0.483
21/04/2022,166.4,168.99,163.45,163.95,86931211,0.599,0.5
22/04/2022,163.99,165.38,159.1,159.39,84168799,0.443,0.507
25/04/2022,158.73,160.75,156.11,160.46,95355796,0.378,0.49
26/04/2022,159.84,159.93,154.4,154.47,94023694,0.262,0.448
27/04/2022,153.6,157.42,153.08,154.25,87210886,0.338,0.417
28/04/2022,156.89,162.07,156.57,161.21,115108073,0.323,0.378
29/04/2022,159.44,163.73,154.92,155.31,131145395,0.204,0.343
01/05/2022,176.72,177.27,171.83,172.11,94031550,0.432,0.517
04/05/2022,174.87,175.66,171.83,172.46,70902999,0.515,0.463
05/05/2022,161.42,161.65,152.65,154.44,129696442,0.25,0.387
07/05/2022,135.93,139.71,135.1,139.66,70944743,0.336,0.298
08/05/2022,161.25,163.86,161.04,163.36,56512825,0.354,0.376
10/05/2022,142.34,145.61,141.29,144.64,79143320,0.666,0.437
12/05/2022,146.24,149.35,144.26,145.11,68378455,0.152,0.147
13/05/2022,142.65,146.12,141.19,145.14,113127950,0.32,0.292
16/05/2022,143.6,145.54,142.25,143.59,85562821,0.312,0.4
17/05/2022,146.87,147.76,144.72,147.24,76165406,0.575,0.447
18/05/2022,144.88,145.39,138.03,138.93,108921523,0.288,0.419
19/05/2022,138.01,139.76,134.77,135.51,135333187,0.463,0.442
20/05/2022,137.23,138.82,130.83,135.75,135716107,0.412,0.455
23/05/2022,135.94,141.34,135.81,141.19,115753806,0.557,0.488
24/05/2022,138.92,140.07,135.49,138.48,103551905,0.459,0.472
25/05/2022,136.58,139.89,136.49,138.64,91841653,0.247,0.466
26/05/2022,135.55,142.41,135.3,141.85,90053257,0.34,0.448
27/05/2022,143.44,147.68,143.31,147.64,90978503,0.431,0.451
31/05/2022,147.07,148.64,144.87,146.85,103318020,0.279,0.518
01/06/2022,169.92,172.48,168.88,169.23,95415144,0.587,0.54
04/06/2022,169.8,171.05,167.61,169.28,88671014,0.457,0.437
05/06/2022,153.92,157.3,152.12,155.17,115897949,0.156,0.38
06/06/2022,145.06,146.58,142.96,144.18,71001995,0.602,0.398
07/06/2022,139.46,142.19,139.19,141.01,73550171,0.424,0.301
09/06/2022,154.59,155.2,151.84,152.67,73295539,0.392,0.421
10/06/2022,144.06,145.77,143.47,143.68,68104809,0.383,0.464
12/06/2022,145.55,145.77,140.45,141.43,64584423,0.364,0.193
13/06/2022,131.09,133.39,129.68,130.11,121222219,0.317,0.428
14/06/2022,131.35,132.1,129.72,130.98,83890976,0.551,0.446
15/06/2022,132.49,135.5,130.39,133.62,90901892,0.56,0.436
16/06/2022,130.31,130.62,127.31,128.32,107524908,0.471,0.441
17/06/2022,128.32,131.3,128.07,129.8,134520290,0.368,0.442
21/06/2022,131.63,135.22,131.53,134.05,80754096,0.588,0.576
22/06/2022,132.98,135.92,132.12,133.54,70722581,0.674,0.592
23/06/2022,134.99,136.73,133.81,136.42,70048235,0.499,0.596
24/06/2022,138.03,140.01,137.9,139.76,82839446,0.44,0.607
27/06/2022,140.78,141.57,139.08,139.76,63642792,0.56,0.522
28/06/2022,140.23,141.5,135.49,135.6,66752851,0.454,0.502
29/06/2022,135.62,138.79,134.84,137.37,66074990,0.407,0.464
30/06/2022,135.41,136.52,131.98,134.89,98625792,0.211,0.423
01/07/2022,170.11,171.34,168.28,169.4,85034450,0.652,0.568
02/07/2022,170.3,171.37,168.41,169.11,72835504,0.557,0.548
03/07/2022,160.94,162.57,156.68,156.94,95869645,0.126,0.24
04/07/2022,168.62,170.79,167.33,169.59,74944496,0.419,0.457
06/07/2022,142.41,147,142.17,146.72,67125547,0.43,0.419
07/07/2022,141.37,144.59,141.36,144.39,65730476,0.541,0.348
09/07/2022,152.96,154.79,151.76,154.09,87157032,0.524,0.444
10/07/2022,140.83,141.38,137.77,138.41,85464726,0.493,0.49
11/07/2022,135.69,137.7,134.26,137.48,83077678,0.117,0.252
12/07/2022,140.71,141.88,138.55,139.48,69501466,0.23,0.214
13/07/2022,141.08,144.49,140.22,143.54,70967304,0.528,0.332
14/07/2022,142.15,146.96,141.33,146.48,77644513,0.306,0.298
15/07/2022,147.77,148.84,146.22,148.16,76102959,0.367,0.315
18/07/2022,148.72,149.54,144.74,145.1,80974290,0.479,0.367
19/07/2022,145.94,149.2,144.94,148.98,82290549,0.318,0.354
20/07/2022,149.1,151.66,148.36,150.99,64605671,0.354,0.329
21/07/2022,152.43,153.49,149.91,153.27,64467893,0.424,0.346
22/07/2022,153.31,154.19,151.36,152.03,66408897,0.54,0.37
25/07/2022,151.95,152.96,150.24,150.9,53623945,0.347,0.41
26/07/2022,150.23,151.03,148.78,149.57,53964894,0.307,0.409
27/07/2022,150.54,155.22,150.12,154.69,78093938,0.295,0.4
28/07/2022,154.88,155.53,152.34,155.24,69665464,0.344,0.389
29/07/2022,159.08,161.44,157.36,160.33,100898879,0.54,0.389
02/08/2022,169.18,172.75,168.89,172.24,73442183,0.609,0.542
03/08/2022,156.46,160.46,153.49,155.1,129904038,0.322,0.288
04/08/2022,169.23,169.23,166.69,167.57,76189295,0.555,0.47
06/08/2022,146.59,147.86,145.49,145.98,53952730,0.624,0.431
07/08/2022,143.32,145.57,143.06,145.07,64301229,0.25,0.325
08/08/2022,164.37,165.79,162.23,162.89,60065759,0.341,0.402
09/08/2022,152.78,154.48,150.84,152.6,83842314,0.514,0.466
11/08/2022,138.95,139.96,136.06,138.05,89698636,0.399,0.262
12/08/2022,140.88,142.03,139.64,141.17,61907680,0.199,0.253
15/08/2022,169.46,171.31,169.29,171.11,53869717,0.523,0.4
16/08/2022,170.7,171.62,169.6,170.95,55468530,0.435,0.412
17/08/2022,170.69,174.03,170.5,172.45,78023216,0.223,0.365
18/08/2022,171.66,172.8,171.04,172.06,61591622,0.332,0.329
19/08/2022,170.95,171.65,169.25,169.46,69409796,0.657,0.373
22/08/2022,167.65,167.82,165.13,165.56,67755486,0.577,0.44
23/08/2022,165.07,166.68,164.65,165.22,53709564,0.382,0.432
24/08/2022,165.31,166.09,164.25,165.52,53841524,0.53,0.476
25/08/2022,166.75,168.1,166.33,167.99,50545678,0.43,0.49
26/08/2022,168.52,168.99,161.59,161.65,78321014,0.58,0.479
29/08/2022,159.21,160.94,157.9,159.44,72724452,0.458,0.43
30/08/2022,160.18,160.61,155.82,157,74687627,0.514,0.449
31/08/2022,158.38,158.65,155.25,155.33,86043717,0.365,0.426
02/09/2022,173.44,174.03,172.31,173.67,66537400,0.637,0.547
03/09/2022,159.08,160.99,157.05,160.53,90204656,0.389,0.306
05/09/2022,152.85,153.74,149.46,150.02,130291378,0.415,0.269
06/09/2022,145.11,145.97,140.62,140.73,68687994,0.436,0.446
08/09/2022,162.05,163.83,161.29,162.94,62421296,0.35,0.395
09/09/2022,153.6,155.92,152.89,155.48,67697911,0.447,0.452
11/09/2022,137.06,137.11,133.2,133.47,74589849,0.399,0.278
12/09/2022,140.86,144.06,139.44,140.68,75849520,0.282,0.24
13/09/2022,157.98,158.61,151.53,151.99,121848025,0.441,0.537
14/09/2022,152.92,155.21,151.76,153.44,87794885,0.522,0.537
15/09/2022,152.79,153.37,149.56,150.54,89846209,0.457,0.529
16/09/2022,149.39,149.53,146.59,148.89,162003604,0.296,0.507
19/09/2022,147.52,152.7,147.31,152.62,79599270,0.654,0.471
20/09/2022,151.56,156.18,151.24,155.01,107035944,0.489,0.478
21/09/2022,155.45,156.83,151.75,151.87,100244121,0.422,0.464
22/09/2022,150.55,152.61,149.1,150.9,86264792,0.566,0.479
23/09/2022,149.37,149.65,146.77,148.62,95673836,0.447,0.501
26/09/2022,147.86,151.92,147.84,148.96,92780453,0.578,0.523
27/09/2022,150.9,152.86,148.14,149.94,84079076,0.613,0.517
28/09/2022,145.87,148.83,143.1,148.04,145054435,0.392,0.503
29/09/2022,144.34,144.96,138.99,140.77,127300128,0.195,0.471
30/09/2022,139.58,141.38,136.34,136.54,123797858,0.313,0.434
01/10/2022,166.36,169.72,165.46,169.42,103822290,0.507,0.582
02/10/2022,171.56,172.88,169.01,169.57,88016443,0.725,0.609
03/10/2022,157.82,158.01,153.67,156.17,100465687,0.36,0.316
05/10/2022,153.44,154.64,150.88,152.44,114750399,0.246,0.247
06/10/2022,138.4,138.87,135.22,135.29,91161833,0.361,0.448
08/10/2022,165.66,167.3,164.89,167.21,69791404,0.55,0.403
10/10/2022,138.73,140.18,136.91,138.73,74588422,0.15,0.336
11/10/2022,139.77,145.35,138.05,145.35,117892008,0.483,0.298
13/10/2022,133.37,141.86,132.75,141.27,112874934,0.506,0.351
14/10/2022,142.58,142.78,136.53,136.72,88420512,0.604,0.367
17/10/2022,139.37,141.18,138.58,140.7,84681653,0.575,0.51
18/10/2022,143.74,144.94,138.92,142.02,98702752,0.551,0.518
19/10/2022,139.99,143.21,139.8,142.13,61512437,0.662,0.526
20/10/2022,141.3,144.14,140.94,141.67,64328245,0.458,0.52
21/10/2022,141.15,146.07,140.93,145.5,85732265,0.409,0.492
24/10/2022,145.42,148.42,144.25,147.65,75569074,0.511,0.575
25/10/2022,148.29,150.66,147.56,150.51,73583421,0.429,0.558
26/10/2022,149.15,150.16,146.26,147.55,87769611,0.364,0.515
27/10/2022,146.29,147.25,142.4,143.06,108110875,0.546,0.528
28/10/2022,146.42,155.61,146.04,153.87,164336019,0.421,0.529
31/10/2022,151.31,152.39,150.09,151.5,97584663,0.359,0.397
01/11/2022,169.55,172.36,168.07,172.26,75937685,0.559,0.556
02/11/2022,169.77,170.51,165.55,166.14,93223832,0.669,0.622
03/11/2022,156.57,156.92,152.21,152.43,95715216,0.517,0.365
04/11/2022,166.21,166.52,163.05,163.29,71545073,0.443,0.407
05/11/2022,151.44,153.37,143.86,144.54,141297226,0.483,0.261
07/11/2022,143.72,144.68,141.85,142.93,60113259,0.202,0.306
08/11/2022,168.02,168.93,166.17,166.46,56208903,0.585,0.438
10/11/2022,138.22,139.65,136.56,137.31,76836862,0.498,0.343
11/11/2022,144.31,148.45,142.87,148.15,93685440,0.707,0.335
14/11/2022,147.42,148.72,145.9,146.74,72824354,0.285,0.405
15/11/2022,150.64,152,147.02,148.48,89631107,0.405,0.405
16/11/2022,147.58,148.31,145.76,147.25,64050900,0.624,0.438
17/11/2022,144.91,149.91,144.63,149.16,80327557,0.613,0.456
18/11/2022,150.72,151.12,148.41,149.72,74415018,0.465,0.422
21/11/2022,148.6,148.81,146.18,146.47,58502958,0.54,0.422
22/11/2022,146.59,148.86,145.4,148.62,51611367,0.696,0.464
23/11/2022,147.9,150.25,147.79,149.5,58301395,0.1,0.389
25/11/2022,146.77,147.34,145.59,146.57,35116054,0.386,0.281
28/11/2022,143.63,145.12,141.89,142.72,68887670,-0.021,0.294
29/11/2022,142.79,143.31,138.9,139.71,83497766,0.04,0.2
30/11/2022,139.93,147.18,139.09,146.49,109250699,0.081,0.197
01/12/2022,173.29,174.33,172.01,172.71,72793796,0.64,0.561
04/12/2022,165.53,167.35,164.17,165.17,78986591,0.446,0.397
05/12/2022,140.86,144.24,136.94,140.65,182304202,0.303,0.269
07/12/2022,143.81,146.46,143.11,143.91,77383561,0.413,0.317
08/12/2022,167.78,170.1,167.36,170.03,67540795,0.348,0.437
09/12/2022,157.67,162.29,157.39,161.47,103334620,0.685,0.53
10/12/2022,137.46,138.67,136.5,136.68,69832209,0.602,0.334
12/12/2022,141.22,143,139.6,142.99,70306106,0.274,0.24
13/12/2022,147.95,148.41,142.74,143.96,93767863,0.656,0.282
14/12/2022,143.84,145.13,139.7,141.72,81191994,0.409,0.307
15/12/2022,139.65,140.33,134.61,135.08,97256675,0.147,0.3
16/12/2022,135.27,136.22,132.34,133.11,160132358,0.608,0.346
19/12/2022,133.71,133.8,129.96,131,79290492,0.469,0.482
20/12/2022,130.03,131.87,128.54,130.93,77103331,0.398,0.445
21/12/2022,131.6,135.39,131.37,134.04,85794913,0.469,0.453
22/12/2022,132.96,133.16,128.95,130.86,77623814,0.379,0.486
23/12/2022,129.56,131.04,128.29,130.49,63814893,0.459,0.465
27/12/2022,130.02,130.05,127.38,128.68,68431479,0.255,0.353
28/12/2022,128.32,129.67,124.56,124.73,85107711,0.265,0.324
29/12/2022,126.66,129.13,126.4,128.27,75477458,0.394,0.326
30/12/2022,127.08,128.6,126.11,128.58,77034209,0.236,0.294
02/01/2023,142.48,145.09,139.85,143.92,76744722,0.512,0.445
03/01/2023,145.53,145.92,143.72,144.02,55210651,0.462,0.553
05/01/2023,167.78,168.94,167.14,168.09,49391604,0.333,0.616
06/01/2023,176.37,178.77,175.61,178.74,65407833,0.481,0.869
08/01/2023,194.76,195.26,193.82,194.14,34727848,0.74,0.652
09/01/2023,188.32,188.75,187.12,188.29,45766503,0.842,0.685
11/01/2023,169.95,173.16,169.07,172.9,56202662,0.558,0.493
12/01/2023,189.4,190.63,188.31,190.31,41341666,0.428,0.614
13/01/2023,130.66,133.52,130.29,133.36,57809719,0.379,0.476
17/01/2023,133.43,135.87,132.74,134.53,63413180,0.561,0.361
18/01/2023,135.4,137.17,133.63,133.81,68708475,0.244,0.341
19/01/2023,132.69,134.84,132.38,133.87,58069186,0.724,0.39
20/01/2023,133.88,136.59,132.83,136.44,79804704,0.343,0.384
23/01/2023,136.69,141.83,136.47,139.65,81560240,0.564,0.517
24/01/2023,138.85,141.67,138.84,141.05,63683440,0.631,0.527
25/01/2023,139.43,140.95,137.37,140.39,64686224,0.43,0.554
26/01/2023,141.68,142.75,140.43,142.47,53629541,0.519,0.524
27/01/2023,141.67,145.7,141.6,144.42,70387223,0.304,0.519
30/01/2023,143.45,144.04,141.37,141.52,62974413,0.351,0.481
31/01/2023,141.22,142.84,140.8,142.79,65560459,0.292,0.433
02/02/2023,147.35,149.61,146.63,149.25,102384003,0.334,0.418
03/02/2023,143.1,145.41,142.62,144.62,51791603,0.391,0.508
05/02/2023,168.58,168.84,166.05,167.05,47986184,0.238,0.568
06/02/2023,179.67,180.42,177.92,179.59,59941942,0.553,0.813
08/02/2023,193.58,193.72,190.41,191.14,48895815,0.72,0.673
10/02/2023,170.17,173.23,169.88,172.68,51959756,0.429,0.436
11/02/2023,174.44,176.69,174.38,176.48,66757484,0.458,0.509
13/02/2023,149.61,152.89,149.58,152.49,61854314,0.724,0.561
14/02/2023,150.77,152.41,149.52,151.84,60250160,0.412,0.557
15/02/2023,151.75,154.12,151.52,153.95,65470978,0.659,0.572
16/02/2023,152.15,154.94,151.99,152.35,66819418,0.607,0.573
17/02/2023,151,151.64,149.51,151.2,59144118,0.593,0.587
21/02/2023,148.87,149.96,147.09,147.16,62154441,0.163,0.468
22/02/2023,147.55,148.62,145.85,147.59,50709507,0.475,0.442
23/02/2023,148.76,149.01,145.93,148.07,48310635,0.705,0.456
24/02/2023,145.81,145.88,144.43,145.41,55215775,0.646,0.463
27/02/2023,146.4,147.85,146.14,146.61,44881116,0.557,0.535
28/02/2023,145.75,147.76,145.53,146.1,50344972,0.302,0.555
01/03/2023,128.93,129.54,122.88,123.77,111895669,0.198,0.382
02/03/2023,146.49,155.75,146.3,152.9,153457010,0.255,0.411
03/03/2023,146.73,149.77,146.02,149.69,70489574,0.313,0.46
04/03/2023,162.81,164.82,162.76,164.7,54893192,0.382,0.487
05/03/2023,168,169.4,165.68,165.96,59438769,0.685,0.546
07/03/2023,192.33,192.43,190.32,191.02,31458198,0.67,0.436
08/03/2023,190.13,190.93,189.26,189.74,52410140,0.462,0.634
10/03/2023,171.2,172.56,169.77,171.34,49040378,0.501,0.479
11/03/2023,173.17,175.73,172.28,175.56,79019981,0.419,0.515
13/03/2023,146.49,151.78,146.39,149.14,84311682,0.514,0.383
14/03/2023,149.94,152.04,148.77,151.24,73014818,0.477,0.354
15/03/2023,149.85,151.89,148.59,151.63,75960127,0.119,0.327
16/03/2023,150.81,155.07,150.29,154.47,76016995,0.698,0.361
17/03/2023,154.7,155.35,152.91,153.63,98421296,0.604,0.422
20/03/2023,153.69,156.42,152.78,156,73514180,0.785,0.56
21/03/2023,155.92,157.99,155.15,157.87,73755983,0.539,0.569
22/03/2023,157.89,160.7,156.41,156.43,69164919,0.49,0.622
23/03/2023,157.42,160.12,156.28,157.52,67219852,0.417,0.582
24/03/2023,157.45,158.92,156.45,158.83,57078234,0.692,0.595
27/03/2023,158.52,159.34,156.47,156.88,50400777,0.696,0.54
28/03/2023,156.57,157.08,154.6,156.25,45580412,0.557,0.543
29/03/2023,157.96,159.62,157.94,159.34,50415453,0.503,0.545
30/03/2023,160.1,161.03,159.84,160.92,46805370,0.473,0.553
31/03/2023,161,163.54,160.47,163.44,68305010,0.592,0.539
01/04/2023,125.57,127.32,123.78,125.05,88452110,0.141,0.364
04/04/2023,165.12,165.36,163.65,164.16,44435155,0.569,0.489
05/04/2023,163.43,165.56,162.85,164.32,70216187,0.534,0.515
08/04/2023,184.13,185.98,180.56,180.63,114896210,0.584,0.622
10/04/2023,170.04,173.14,169.92,172.59,52738576,0.45,0.443
12/04/2023,189.05,189.12,186.54,188.51,43074734,0.577,0.56
13/04/2023,160.2,164.33,159.99,164.09,67156588,0.498,0.371
14/04/2023,163.13,164.84,162.37,163.74,48081262,0.534,0.304
17/04/2023,163.63,163.92,162.58,163.76,40713618,0.602,0.417
18/04/2023,164.63,165.93,164.18,164.99,48417320,0.453,0.411
19/04/2023,164.33,166.67,164.07,166.14,47237478,0.666,0.464
20/04/2023,164.62,166.38,164.09,165.17,52216709,0.663,0.488
21/04/2023,163.59,164.98,163.03,163.56,56828963,0.664,0.507
24/04/2023,163.54,164.13,162.44,163.86,38958536,0.618,0.512
25/04/2023,163.72,164.83,162.28,162.32,48166078,0.576,0.53
26/04/2023,161.61,163.81,161.36,162.31,44122192,0.839,0.555
27/04/2023,163.72,167.06,163.72,166.92,64232732,0.75,0.567
28/04/2023,167,168.34,166.39,168.17,55096276,0.51,0.545
01/05/2023,125.81,126.44,123.47,123.72,79945171,0.364,0.36
04/05/2023,163.28,163.59,160.36,162.31,51416166,0.404,0.475
05/05/2023,169.46,172.75,169.25,172.03,112913525,0.628,0.532
06/05/2023,181.26,183.57,176.7,178.23,121391117,0.565,0.707
07/05/2023,190.13,191.53,189.19,189.9,46585212,0.604,0.5
09/05/2023,187.12,188.81,186.46,188.53,44733122,0.536,0.702
10/05/2023,172.72,174.37,171.62,173.83,48378836,0.476,0.447
12/05/2023,189.28,193.45,189.25,192.48,65346956,0.509,0.534
15/05/2023,171.86,171.91,170.19,170.78,37184744,0.657,0.646
16/05/2023,170.7,171.84,170.51,170.78,41997436,0.362,0.568
17/05/2023,170.42,171.63,169.14,171.4,57804727,0.631,0.578
18/05/2023,171.7,173.93,171.29,173.74,65090199,0.531,0.579
19/05/2023,175.07,175.07,173.63,173.85,55592970,0.402,0.582
22/05/2023,172.68,173.4,172.15,172.89,43290759,0.412,0.498
23/05/2023,171.83,172.08,169.99,170.27,49178391,0.402,0.503
24/05/2023,169.81,171.13,169.24,170.55,43488585,0.954,0.55
25/05/2023,171.12,172.59,170.4,171.69,55919420,0.847,0.595
26/05/2023,172.02,174.45,171.81,174.12,54834975,0.948,0.673
30/05/2023,175.63,177.65,175.25,175.97,55768902,0.907,0.95
31/05/2023,176,178.01,175.44,175.92,99466662,0.752,0.921
01/06/2023,124.7,128.94,123.59,128.27,86818559,0.606,0.413
02/06/2023,150.99,151.51,149.22,150.16,68013573,0.034,0.375
03/06/2023,152.42,154.91,152.1,152.47,87250103,0.542,0.435
04/06/2023,160.99,163.5,160.56,163.2,45390123,0.643,0.499
06/06/2023,178.62,178.77,176.1,177.87,64341275,0.419,0.624
07/06/2023,188.42,190.58,187.78,190.37,44995399,0.565,0.535
09/06/2023,187.24,187.69,180.35,181.78,81162126,0.227,0.651
10/06/2023,172.73,176.9,172.11,176.4,57089775,0.433,0.445
11/06/2023,175.29,178.33,175.13,178.13,63809232,0.494,0.504
12/06/2023,193.5,193.81,191.17,191.38,40895115,0.499,0.544
13/06/2023,181.43,182.77,181.07,181.94,54648141,0.629,0.533
14/06/2023,182,183.01,180.66,182.57,56522724,0.759,0.541
15/06/2023,182.58,185.12,182.4,184.62,65278114,0.767,0.567
16/06/2023,185.33,185.59,182.89,183.53,101256225,0.847,0.637
20/06/2023,183.03,184.71,183.03,183.62,49702249,0.861,0.679
21/06/2023,183.51,184.02,181.22,182.58,49358723,0.534,0.647
22/06/2023,182.36,185.64,182.29,185.6,50841516,0.705,0.638
23/06/2023,184.16,186.15,183.62,185.28,53079244,0.611,0.604
26/06/2023,185.43,186.64,183.84,183.88,47877203,0.441,0.658
27/06/2023,184.5,186.98,184.28,186.65,49726579,0.118,0.552
28/06/2023,186.52,188.48,186.19,187.83,50900483,0.48,0.544
29/06/2023,187.66,188.65,187.52,188.17,45489346,0.319,0.489
30/06/2023,190.19,193.02,189.83,192.52,84376271,0.504,0.474
02/07/2023,149.08,153.62,149.08,153.05,83109099,0.445,0.397
03/07/2023,152.34,152.66,149.79,150.26,55563349,0.68,0.489
06/07/2023,177.1,179.85,175.99,176.49,61622174,0.705,0.595
07/07/2023,189.98,191.23,188.81,189.25,46599545,0.633,0.553
08/07/2023,180.77,181.76,176.02,177.51,96954226,0.751,0.647
09/07/2023,174.1,177.11,172.47,176.47,112197428,0.082,0.569
11/07/2023,178.08,181.32,177.87,180.7,69710698,0.452,0.492
12/07/2023,192.69,194.05,192.65,193.32,47338824,0.549,0.509
13/07/2023,189.07,189.76,188.36,189.11,40134339,0.692,0.605
14/07/2023,188.8,189.75,188.21,189.26,41519265,0.748,0.621
17/07/2023,190.46,192.86,190.37,192.54,49842865,0.742,0.585
18/07/2023,191.9,192.87,190.97,192.28,48187148,0.544,0.558
19/07/2023,191.65,196.74,191.21,193.64,77218986,0.586,0.566
20/07/2023,193.63,195,191.05,191.68,59055824,0.743,0.573
21/07/2023,192.65,193.51,189.8,190.5,63947142,0.701,0.567
24/07/2023,191.96,193.45,190.81,191.31,44861236,0.426,0.621
25/07/2023,191.88,192.98,191.47,192.17,36356266,0.531,0.619
26/07/2023,192.22,194.17,191.87,193.04,45928452,0.578,0.618
27/07/2023,194.55,195.72,191.11,191.77,46914165,0.731,0.616
28/07/2023,193.21,195.15,192.69,194.36,47037076,0.672,0.612
31/07/2023,194.59,195.02,193.8,194.98,38586803,0.688,0.622
02/08/2023,152.28,152.98,149.6,150.34,63384498,0.55,0.403
03/08/2023,151.45,152.11,150.48,151.51,47065988,0.309,0.467
05/08/2023,170.95,172.31,170.58,171.96,50868643,0.602,0.54
06/08/2023,176.56,179.49,176.13,179.22,50046191,0.584,0.571
08/08/2023,178.34,178.92,176.25,178.45,67602743,0.692,0.641
09/08/2023,177.25,179.13,176.7,177.08,65265836,0.254,0.485
11/08/2023,181.23,182.32,180.47,181.76,49175704,0.414,0.472
12/08/2023,193.25,195.04,192.73,194.76,52364789,0.444,0.511
14/08/2023,176.88,178.58,176.21,178.36,43470268,0.435,0.672
15/08/2023,177.78,178.38,175.96,176.36,43372391,0.547,0.651
16/08/2023,176.04,177.44,175.41,175.48,45598746,0.736,0.697
17/08/2023,176.05,176.41,172.41,172.93,61241625,0.409,0.636
18/08/2023,171.24,174.02,170.9,173.42,57974528,0.794,0.66
21/08/2023,173.99,175.05,172.67,174.76,44990232,0.61,0.649
22/08/2023,175.97,176.59,175.17,176.14,41383686,0.66,0.665
23/08/2023,177.42,180.43,177.23,180.01,51467409,0.67,0.656
24/08/2023,179.56,179.99,174.93,175.29,53224762,0.628,0.687
25/08/2023,176.29,178.05,174.74,177.51,49261435,0.548,0.652
28/08/2023,178.98,179.48,177.45,179.08,42720722,0.588,0.654
29/08/2023,178.59,183.76,178.4,182.99,52363480,0.64,0.651
30/08/2023,183.8,186.69,183.6,186.5,60585683,0.585,0.639
31/08/2023,186.68,187.96,186.33,186.71,60205084,0.657,0.643
01/09/2023,129.11,132.03,128.54,128.8,70496600,0.394,0.432
02/09/2023,152.18,152.73,148.86,149.3,54893763,0.6,0.441
03/09/2023,152.2,153.16,148.89,149.25,53450431,0.463,0.477
05/09/2023,171.52,172,170.08,170.25,45129781,0.913,0.637
06/09/2023,180.14,180.86,179.28,179.6,48781462,0.36,0.554
08/09/2023,179.51,179.57,175.68,176.86,57796758,0.413,0.597
10/09/2023,175.72,177.95,174.72,177.89,42260804,0.524,0.431
11/09/2023,181.83,182.99,180.69,181.29,52447104,0.481,0.475
13/09/2023,175.42,176.21,172.91,173.14,83448143,0.498,0.37
14/09/2023,172.93,175.02,172.51,174.66,59632609,0.518,0.433
15/09/2023,175.39,175.41,172.75,173.93,106446367,0.368,0.449
18/09/2023,175.39,178.28,175.09,176.88,65111659,0.615,0.541
19/09/2023,176.43,178.52,176.04,177.97,50487694,0.6,0.562
20/09/2023,178.16,178.59,174.32,174.41,55703295,0.548,0.569
21/09/2023,173.48,175.22,172.79,172.86,63074590,0.588,0.579
22/09/2023,173.6,175.99,172.98,173.71,56410389,0.492,0.597
25/09/2023,173.13,175.88,173.08,175,45986485,0.484,0.533
26/09/2023,173.74,174.12,170.6,170.9,64233121,0.202,0.476
27/09/2023,171.56,171.98,168.01,169.38,66863167,0.701,0.498
28/09/2023,168.3,170.97,166.59,169.64,56139626,0.446,0.478
29/09/2023,170.96,172.01,169.29,170.16,51623525,0.45,0.472
01/10/2023,128.91,129.9,126.79,129.37,63427651,0.465,0.47
02/10/2023,148.13,150,147.9,149.67,57344154,0.494,0.475
03/10/2023,148.88,149.6,146.3,147.18,68163699,0.172,0.457
04/10/2023,159.99,160.59,158.66,160.59,47026287,0.328,0.418
05/10/2023,171.49,172.49,170.38,172.02,53596681,0.559,0.619
07/10/2023,187.84,188.57,185.63,187.2,59094573,0.488,0.556
08/10/2023,178.14,179.4,176.27,176.64,52636167,0.841,0.651
10/10/2023,177,178.61,176.86,177.29,43602886,0.662,0.454
11/10/2023,183.07,185.66,182.64,185.49,66073589,0.557,0.495
13/10/2023,180.3,180.81,177.04,177.75,51080321,0.479,0.492
16/10/2023,175.66,177.97,175.42,177.62,52170957,0.554,0.557
17/10/2023,175.56,177.32,173.72,176.06,57417681,0.523,0.537
18/10/2023,174.5,176.48,174.03,174.76,54488404,0.649,0.532
19/10/2023,174.96,176.75,174.11,174.38,57623744,0.548,0.544
20/10/2023,174.23,174.34,171.58,171.82,63071326,0.614,0.563
23/10/2023,169.86,172.94,168.88,171.94,55238499,0.341,0.533
24/10/2023,171.99,172.6,170.4,172.37,43579252,0.666,0.554
25/10/2023,170.82,172,169.6,170.05,56547398,0.522,0.536
26/10/2023,169.32,170.32,164.65,165.86,69284597,0.35,0.507
27/10/2023,165.88,167.92,165.8,167.19,58295508,0.376,0.473
30/10/2023,167.98,170.12,167.83,169.24,50469710,0.572,0.507
31/10/2023,168.31,169.85,166.87,169.72,44528033,0.532,0.488
01/11/2023,129.89,132.12,129.11,132.1,69114397,0.387,0.505
04/11/2023,160.91,160.92,159.09,159.37,46298026,0.494,0.407
05/11/2023,172.31,173.04,170.64,172.21,49376730,0.524,0.617
07/11/2023,187.74,187.88,185.2,186.67,46485870,0.731,0.597
08/11/2023,176.23,177.52,175.46,176.7,51913070,0.625,0.657
09/11/2023,178.96,179.19,176.25,178.26,58332032,0.55,0.344
10/11/2023,177.1,178.74,176.51,178.69,47037628,0.685,0.487
12/11/2023,192.17,192.55,190.49,192.24,60777522,0.4,0.558
13/11/2023,184.91,185.12,183.31,183.9,41970511,0.572,0.58
14/11/2023,186.79,187.19,185.39,186.53,59705389,0.653,0.609
15/11/2023,186.93,188.58,186.87,187.09,53226711,0.758,0.658
16/11/2023,188.65,190.03,187.73,188.79,54245406,0.733,0.694
17/11/2023,189.32,189.45,187.65,188.77,50931623,0.572,0.696
20/11/2023,188.96,190.97,188.95,190.52,46238313,0.131,0.581
21/11/2023,190.48,190.59,188.82,189.71,37918970,0.436,0.55
22/11/2023,190.56,191.99,189.9,190.38,39630011,0.586,0.525
24/11/2023,189.94,189.97,188.33,189.04,24042745,0.656,0.544
27/11/2023,188.99,189.74,187.98,188.87,40396466,0.704,0.63
28/11/2023,188.86,190.15,188.48,189.47,37787024,0.691,0.667
29/11/2023,189.97,191.15,188.05,188.45,37939466,0.43,0.644
30/11/2023,188.92,189.39,187.27,189.02,47386990,0.799,0.647
01/12/2023,132.49,132.87,130.08,132.03,71247695,0.382,0.508
04/12/2023,159.79,160.62,158.36,158.68,48348151,0.294,0.391
05/12/2023,172.32,172.76,169.72,171.28,45360284,0.38,0.582
06/12/2023,179.91,182.51,179.61,182.41,53563704,0.596,0.503
07/12/2023,188.26,190.26,187.06,188.35,59702142,0.531,0.587
09/12/2023,178.39,179.02,173.74,175.22,89819406,0.449,0.332
10/12/2023,178.96,181.22,177.94,179.6,56546076,0.463,0.485
12/12/2023,192.14,193.77,190.79,193.76,51288473,0.488,0.555
13/12/2023,194.14,197.04,193.9,197,67759874,0.376,0.537
14/12/2023,197.06,198.65,195.2,197.14,65964117,0.738,0.564
15/12/2023,196.57,197.43,196.04,196.61,115071309,0.597,0.586
18/12/2023,195.13,195.67,193.44,194.94,54182148,0.181,0.536
19/12/2023,195.2,195.99,194.94,195.98,40252787,0.52,0.541
20/12/2023,195.94,196.72,193.88,193.88,50130263,0.332,0.534
21/12/2023,195.14,196.12,192.56,193.73,44113595,0.421,0.489
22/12/2023,194.23,194.46,192.03,192.66,37149570,0.532,0.48
26/12/2023,192.67,192.95,191.89,192.11,28810197,0.197,0.56
27/12/2023,191.55,192.56,190.16,192.21,47843204,0.111,0.528
28/12/2023,193.19,193.71,192.23,192.64,33831111,0.414,0.527
29/12/2023,192.96,193.45,190.79,191.59,42672148,0.705,0.552
02/01/2024,183.09,186.04,182.92,185.95,53213186,0.699,0.633
03/01/2024,178.9,179.88,176.74,179.01,72226972,0.742,0.73
04/01/2024,170.57,170.63,168.86,169.42,43772506,0.624,0.672
05/01/2024,168.97,172.08,168.5,168.69,49390234,0.665,0.574
07/01/2024,211.61,217.02,211.44,216.26,60053404,0.645,0.678
08/01/2024,223.87,223.98,216.53,217.87,55106285,0.568,0.691
10/01/2024,229.27,229.4,223.49,225.96,62297233,0.524,0.582
11/01/2024,220.72,225.1,220.03,222.66,63401021,0.282,0.491
16/01/2024,181.27,183.36,180.05,182.74,65435578,0.42,0.575
17/01/2024,180.39,182.04,179.42,181.79,47189509,0.449,0.543
18/01/2024,185.18,188.22,184.92,187.71,77401255,0.556,0.535
19/01/2024,188.41,191.01,187.9,190.63,68471189,0.596,0.547
22/01/2024,191.36,194.38,191.32,192.95,59807280,0.587,0.6
23/01/2024,194.07,194.8,192.89,194.23,42196011,0.461,0.606
24/01/2024,194.47,195.42,193.39,193.55,53460311,0.775,0.653
25/01/2024,194.27,195.31,192.17,193.22,54526350,0.57,0.655
26/01/2024,193.32,193.81,191,191.48,44292567,0.663,0.664
29/01/2024,191.07,191.26,188.66,190.8,46893877,0.745,0.599
30/01/2024,190.01,190.87,186.56,187.12,55270086,0.654,0.627
31/01/2024,186.13,186.18,183.45,183.5,54825306,0.687,0.614
01/02/2024,186.24,187.52,182.99,184.74,79823882,0.286,0.584
02/02/2024,178.98,186.42,178.38,184.94,101116081,0.631,0.628
04/02/2024,168.47,168.73,167.62,168.23,49013991,0.704,0.652
05/02/2024,171.89,172.79,170.27,172.41,70750138,0.687,0.674
07/02/2024,215.66,219.88,214.62,219.78,57518408,0.531,0.649
08/02/2024,218.66,225.09,217.22,219.37,96431733,0.588,0.695
10/02/2024,225.64,227.12,222.77,226.53,32669705,0.654,0.563
12/02/2024,237.27,240.79,237.16,239.59,41369498,0.1,0.158
13/02/2024,185.1,185.54,182.85,184.37,54121050,0.599,0.618
14/02/2024,184.65,184.86,181.78,183.49,53092352,0.587,0.627
15/02/2024,182.89,183.82,180.7,183.2,62320417,0.661,0.61
16/02/2024,182.76,184.18,181.01,181.65,49752465,0.776,0.634
20/02/2024,181.13,181.77,179.35,180.91,49383241,0.63,0.585
21/02/2024,181.28,182.23,180.01,181.66,39093712,0.585,0.585
22/02/2024,182.82,184.29,181.8,183.7,51764316,0.68,0.588
23/02/2024,184.34,184.37,181.57,181.86,43841239,0.926,0.609
26/02/2024,181.58,182.1,180,180.51,40715100,0.748,0.731
27/02/2024,180.45,183.26,178.91,181.97,53497843,0.611,0.728
28/02/2024,181.85,182.46,179.48,180.77,48838553,0.766,0.754
29/02/2024,180.62,181.91,178.88,180.1,135399206,0.693,0.756
01/03/2024,183.32,184.97,182.54,183.35,56441924,0.522,0.643
04/03/2024,168.18,170.06,167.97,169.04,45571129,0.4,0.651
05/03/2024,185.97,186.33,182,182.72,157883681,0.52,0.675
06/03/2024,192.47,194.55,192.09,193.59,49880844,0.662,0.689
07/03/2024,219.51,221.05,218.54,221.05,37369801,0.705,0.664
09/03/2024,228.3,228.75,220.93,222.52,48184432,0.742,0.668
10/03/2024,224.89,226.56,223.07,225.42,33646100,0.828,0.602
12/03/2024,239.81,242.76,238.9,242.65,37814259,0.1,0.172
13/03/2024,172.15,172.56,170.14,170.51,51944302,0.59,0.533
14/03/2024,172.29,173.68,171.43,172.38,72571635,0.599,0.543
15/03/2024,170.55,172,169.67,172,119991025,0.322,0.521
18/03/2024,174.94,177.07,172.89,173.09,75076543,0.786,0.637
19/03/2024,173.71,175.97,172.41,175.44,54851348,0.678,0.681
20/03/2024,175.09,178.03,174.46,178.03,52305788,0.452,0.661
21/03/2024,176.41,176.85,170.22,170.75,105277427,0.428,0.637
22/03/2024,171.14,172.43,169.45,171.66,70485223,0.591,0.675
25/03/2024,169.95,171.32,168.84,170.23,53909125,0.611,0.579
26/03/2024,169.39,170.8,168.97,169.1,57024082,0.84,0.602
27/03/2024,169.8,172.97,169.5,172.68,58623507,0.409,0.596
28/03/2024,171.13,171.61,169.89,170.86,65672690,0.672,0.63
01/04/2024,181.26,182.2,180,181.02,70651604,0.324,0.63
03/04/2024,175.51,176.26,173.16,174.47,80303278,0.347,0.618
04/04/2024,169.68,171.3,168.21,168.21,53300017,0.001,0.555
06/04/2024,194.2,194.88,192.6,193.91,45372856,0.794,0.684
09/04/2024,221.42,221.54,217.24,220.61,43262758,0.79,0.684
10/04/2024,227.65,227.75,223.88,226.55,37140165,0.806,0.64
11/04/2024,220.75,222.54,219.47,221.77,41757060,-0.141,0.367
15/04/2024,174.73,175.99,171.88,172.07,73126442,0.566,0.594
16/04/2024,171.13,173.13,167.66,168.77,72689488,0.628,0.602
17/04/2024,169,170.03,167.39,167.39,49723504,0.604,0.583
18/04/2024,167.42,168.03,165.95,166.44,41527398,0.621,0.638
19/04/2024,165.61,165.8,163.48,164.4,67458928,0.653,0.655
22/04/2024,164.92,166.66,164.18,165.24,47934097,0.632,0.636
23/04/2024,164.75,166.45,164.33,166.3,48874718,0.347,0.596
24/04/2024,165.94,168.69,165.61,168.41,47431391,0.726,0.614
25/04/2024,168.91,169.99,167.54,169.28,49826083,-0.013,0.523
26/04/2024,169.27,170.72,168.57,168.69,44516922,0.513,0.503
29/04/2024,172.74,175.39,172.48,172.87,66161781,0.811,0.544
30/04/2024,172.7,174.36,169.39,169.72,65871620,0.616,0.582
01/05/2024,181.1,181.87,179.29,180.3,61866062,0.507,0.602
02/05/2024,187.23,188.33,184.93,186.77,68926580,0.675,0.717
03/05/2024,170.14,171.42,169.01,169.51,93548587,0.671,0.627
04/05/2024,168.98,169.78,168.34,168.97,41975776,0.512,0.526
06/05/2024,194.96,196.46,194.43,195.43,53139253,0.943,0.702
07/05/2024,221.15,225.94,221.15,225.83,60000077,0.68,0.72
08/05/2024,198.64,213.02,195.56,208.8,119418617,0.364,0.653
09/05/2024,221.38,225.23,221.28,222.14,35864943,0.794,0.705
11/05/2024,221.55,223.7,220.9,223.2,27851162,0.304,0.364
12/05/2024,243.99,244.54,242.13,243.04,37458628,0,0.143
13/05/2024,185.02,186.68,184.21,185.86,70199772,0.572,0.597
14/05/2024,187.09,187.88,185.87,187.01,50477799,0.742,0.624
15/05/2024,187.49,190.22,186.95,189.29,70208622,0.764,0.646
16/05/2024,190.04,190.67,189.23,189.41,52155216,0.795,0.63
17/05/2024,189.08,190.38,188.75,189.44,40781199,0.757,0.664
20/05/2024,188.9,191.49,188.59,190.61,44225876,0.765,0.689
21/05/2024,190.66,192.3,190.49,191.92,41950599,0.608,0.67
22/05/2024,191.83,192.39,189.84,190.47,34124703,0.79,0.673
23/05/2024,190.55,190.57,186.21,186.46,50502587,0.677,0.657
24/05/2024,188.4,190.15,187.62,189.55,36326975,0.645,0.641
28/05/2024,191.08,192.57,188.68,189.56,52142527,0.834,0.669
29/05/2024,189.18,191.82,189.08,189.86,52711872,0.817,0.673
30/05/2024,190.33,191.75,190.2,190.86,49636372,0.459,0.642
31/05/2024,191.01,192.14,189.48,191.82,74880836,0.671,0.646
02/06/2024,185.95,188.39,185.86,188.38,42802341,0.739,0.729
03/06/2024,170.44,170.62,168.07,168.51,66978120,0.295,0.56
05/06/2024,181.7,183.54,179.77,181.05,76588786,0.718,0.696
06/06/2024,195.25,196.06,193.73,194.04,40980338,0.706,0.737
08/06/2024,204.84,209.52,200.62,206.76,66831777,0.523,0.629
09/06/2024,223.7,224.99,219.53,220.58,46816945,0.513,0.675
11/06/2024,222.37,225.82,220.95,222.47,54322760,0.076,0.262
13/06/2024,214.26,216.26,211.12,213.76,96544194,0.687,0.758
14/06/2024,213.37,214.69,210.83,212.01,69175591,0.676,0.767
17/06/2024,212.89,218.46,212.24,216.18,93199891,0.568,0.675
18/06/2024,217.1,218.14,212.52,213.81,79943254,0.634,0.664
20/06/2024,213.45,213.76,208.38,209.21,86028144,0.824,0.688
21/06/2024,209.92,211.41,206.64,207.02,241461521,0.832,0.71
24/06/2024,207.25,212.22,206.13,207.67,79910450,0.508,0.692
25/06/2024,208.68,210.91,208.14,208.6,55588730,0.736,0.706
26/06/2024,211.02,214.38,210.17,212.77,64292200,0.6,0.68
27/06/2024,214.21,215.25,211.87,213.62,49616719,0.583,0.645
28/06/2024,215.29,215.58,209.83,210.15,80921911,0.568,0.608
02/07/2024,189.71,190.12,187.69,188.49,51372895,0.522,0.706
03/07/2024,168.54,170.11,167.88,168.39,69368465,0.527,0.536
05/07/2024,182.79,184.23,180.67,181.74,77166938,0.556,0.688
06/07/2024,194.21,196.5,193.7,196.45,52762886,0.613,0.729
08/07/2024,206.44,213.16,205.93,209.35,59194962,0.71,0.594
10/07/2024,224.25,225.44,221.09,221.45,38980161,0.564,0.724
11/07/2024,224.38,227.62,224.32,227.23,41066379,0.424,0.229
15/07/2024,235.95,236.7,232.57,233.87,58407832,0.772,0.732
16/07/2024,234.47,235.74,231.81,234.29,41833564,0.73,0.714
17/07/2024,228.93,230.94,226.13,228.37,56678368,0.728,0.717
18/07/2024,229.76,229.92,221.77,223.68,61748220,0.822,0.73
19/07/2024,224.31,226.29,222.77,223.81,48079869,0.906,0.78
22/07/2024,226.5,227.27,222.59,223.46,45988065,0.67,0.782
23/07/2024,223.86,226.43,222.18,224.5,36559730,0.691,0.776
24/07/2024,223.5,224.29,216.64,218.05,59588780,0.798,0.786
25/07/2024,218.44,220.35,214.14,217,51173503,0.607,0.756
26/07/2024,218.21,219,215.52,217.47,41517896,0.563,0.707
29/07/2024,216.47,218.81,215.27,217.75,36107793,0.674,0.675
30/07/2024,218.7,219.83,215.63,218.31,40058451,0.688,0.675
31/07/2024,220.94,223.32,220.13,221.58,48991026,0.953,0.697
01/08/2024,181.2,184.7,180.62,184.66,58154764,0.566,0.488
02/08/2024,188.46,188.61,186.44,187.4,39266250,0.78,0.717
03/08/2024,168.39,173.07,168.33,170.11,75923017,0.48,0.498
04/08/2024,168.42,168.59,167.63,167.84,37216858,0.596,0.463
05/08/2024,182.19,182.41,180.8,182.08,44046624,0.606,0.679
07/08/2024,226.58,227.34,222.75,227.31,58779949,0.587,0.686
08/08/2024,212.63,213.72,208.36,212.83,44598412,0.453,0.578
10/08/2024,224.05,225.73,223,225.52,31121917,0.87,0.773
11/08/2024,227.17,228.66,226.41,226.96,37914424,0.422,0.249
13/08/2024,218.77,221.65,218.77,221.03,41461855,0.781,0.702
14/08/2024,220.33,222.78,219.46,221.48,39839024,0.736,0.706
15/08/2024,224.35,225.1,222.51,224.47,45233854,0.923,0.773
16/08/2024,223.67,226.58,223.4,225.8,42486320,0.892,0.797
19/08/2024,225.47,225.74,222.79,225.64,39967148,0.639,0.767
20/08/2024,225.52,226.92,225.2,226.26,29785001,0.807,0.77
21/08/2024,226.27,227.73,224.8,226.15,33370684,0.651,0.758
22/08/2024,227.54,228.09,223.65,224.28,42275028,0.733,0.731
23/08/2024,225.41,227.97,224.08,226.59,35721828,0.681,0.701
26/08/2024,226.51,227.03,223.64,226.93,29851875,0.76,0.738
27/08/2024,225.75,228.6,224.64,227.78,33210640,0.625,0.712
28/08/2024,227.67,229.61,225.43,226.24,37545018,0.683,0.717
29/08/2024,229.85,232.66,228.63,229.54,51371779,0.644,0.704
30/08/2024,229.94,230.15,227.23,228.75,52990770,0.725,0.71
01/09/2024,183.02,184.25,181.84,184.24,42395055,0.624,0.537
02/09/2024,187.97,189.3,187.32,188.17,43758273,0.607,0.714
04/09/2024,168.09,169.47,167.74,169.06,42231444,0.574,0.445
05/09/2024,181.9,183.99,181.45,183.9,47090667,0.909,0.711
07/09/2024,227.42,228.88,225.86,228.17,47949335,0.862,0.733
08/09/2024,211.62,216.29,211.49,215.75,39771103,0.721,0.597
09/09/2024,220.58,221.03,216.47,220.67,66385816,0.68,0.718
10/09/2024,224.98,229.5,224.58,229.29,32123988,0.597,0.765
12/09/2024,241.83,247.24,241.75,246.75,42374146,0.101,0.106
13/09/2024,223.33,223.79,221.67,222.26,35441006,0.535,0.695
16/09/2024,216.3,216.98,213.68,216.08,58335018,0.476,0.679
17/09/2024,215.51,216.66,214.26,216.55,44373593,0.758,0.701
18/09/2024,217.31,222.47,217.3,220.45,58877145,0.695,0.701
19/09/2024,224.74,229.57,224.38,228.62,66340149,0.649,0.674
20/09/2024,229.72,232.83,227.37,227.95,317435558,0.714,0.699
23/09/2024,227.09,229.2,225.56,226.22,48922348,0.844,0.763
24/09/2024,228.39,229.1,225.48,227.12,41719838,0.588,0.739
25/09/2024,224.68,227.04,223.77,226.12,41543925,0.784,0.751
26/09/2024,227.05,228.25,225.16,227.27,36358772,0.558,0.738
27/09/2024,228.21,229.27,227.05,227.54,33730531,0.536,0.713
30/09/2024,229.79,232.74,229.4,232.74,52781822,0.508,0.591
01/10/2024,183.45,185.49,183.02,185.28,45896643,0.673,0.558
04/10/2024,168.19,168.48,166.51,167.17,49439047,0.735,0.493
05/10/2024,184.48,184.67,181.72,182.64,48806772,0.522,0.711
06/10/2024,196.46,196.86,191.72,192.69,95326543,0.633,0.8
07/10/2024,228.78,232.56,228.73,232.46,62352088,0.701,0.733
09/10/2024,218.68,221.24,216.49,219.87,51402009,0.603,0.698
10/10/2024,227.53,229.25,226.92,228.79,28008796,0.797,0.761
14/10/2024,228.45,231.48,228.35,231.05,39850960,0.718,0.673
15/10/2024,233.35,237.23,232.11,233.59,62157159,0.949,0.684
16/10/2024,231.35,231.86,229.59,231.53,33782884,0.821,0.716
17/10/2024,233.17,233.59,230.27,231.89,32290873,0.838,0.722
18/10/2024,235.92,235.92,233.75,234.74,45466512,0.917,0.798
21/10/2024,234.19,236.59,234.19,236.22,35068448,0.655,0.823
22/10/2024,233.63,235.96,232.34,235.6,38520448,0.395,0.744
23/10/2024,233.82,234.89,227.51,230.51,50745515,-0.262,0.589
24/10/2024,229.73,230.57,228.16,230.32,29663654,0.534,0.546
25/10/2024,229.49,232.96,229.32,231.16,37932621,0.466,0.481
28/10/2024,233.06,234.47,232.29,233.14,34756241,0.329,0.359
29/10/2024,232.84,234.07,232.06,233.41,30847178,0.323,0.349
30/10/2024,232.35,233.21,229.3,229.85,45922053,0.791,0.5
31/10/2024,229.09,229.58,225.12,225.66,56368540,0.66,0.518
01/11/2024,185.63,186.14,182.73,184.69,48583839,0.612,0.599
03/11/2024,172.32,173.75,171.43,172.13,58929918,0.534,0.534
04/11/2024,167.73,174.83,167.55,174.41,90285017,0.236,0.526
06/11/2024,193.21,206.69,193.19,206.68,170143580,0.711,0.788
07/11/2024,230.87,231.87,225.26,227.06,64275108,0.734,0.715
09/11/2024,221.21,222.84,217.65,222.42,43385248,0.698,0.685
10/11/2024,229.05,229.16,227.09,227.3,30821365,0.385,0.701
11/11/2024,225,225.7,221.5,224.23,41345521,0.426,0.313
13/11/2024,224.01,226.65,222.76,225.12,48544030,0.324,0.276
14/11/2024,225.02,228.87,225,228.22,43440711,0.17,0.24
15/11/2024,226.4,226.92,224.27,225,46937554,0.544,0.257
20/11/2024,228.06,229.93,225.89,229,33098494,0,0.111
22/11/2024,228.06,230.72,228.06,229.87,38129172,0.318,0.185
25/11/2024,231.46,233.25,229.74,232.87,86433163,0,0.146
26/11/2024,233.33,235.57,233.33,235.06,45315649,0.2,0.097
27/11/2024,234.47,235.69,233.81,234.93,33290248,0.366,0.158
29/11/2024,234.81,237.81,233.97,237.33,28421019,0.997,0.3
01/12/2024,185.15,185.83,184.29,185.01,40477782,0.509,0.6
02/12/2024,187.74,187.99,186.12,186.47,40937979,0.817,0.638
03/12/2024,172.53,173.4,170.39,172.61,58554556,0.369,0.491
04/12/2024,173.63,177.72,173.58,175.91,101207417,0.535,0.529
06/12/2024,206.9,219.71,206.44,212.59,194541049,0.754,0.761
07/12/2024,228.41,232.12,228.17,230.02,52721791,0.558,0.697
08/12/2024,215.83,219.27,215.36,217.29,37605293,0.835,0.665
09/12/2024,222.26,223.3,219.58,222.52,37286991,0.84,0.692
11/12/2024,224.55,225.59,223.36,224.23,40272671,-0.201,0.241
