Date,Close,Volume,Open,High,Low,Avg,7MA,Average Score,7 MA
27/08/2015,1.78,11834720,1.74,1.835,1.74,0.995,0.967,0.995,0.967
31/08/2015,1.81,6513566,1.82,1.87,1.79,0.996,0.992,0.996,0.992
03/09/2015,1.79,7154181,1.76,1.85,1.76,0.998,0.992,0.998,0.992
08/09/2015,1.88,6009499,1.85,1.88,1.83,0.996,0.991,0.996,0.991
09/09/2015,1.85,12606140,1.9,1.97,1.83,0.997,0.991,0.997,0.991
16/09/2015,1.89,4926411,1.87,1.9,1.85,0.998,0.997,0.998,0.997
17/09/2015,1.89,5824857,1.9,1.94,1.87,0.998,0.997,0.998,0.997
29/09/2015,1.67,7004223,1.67,1.69,1.65,0.997,0.997,0.997,0.997
01/10/2015,1.74,5514019,1.77,1.77,1.72,0.997,0.997,0.997,0.997
05/10/2015,1.8,7595260,1.82,1.87,1.77,0.996,0.997,0.996,0.997
08/10/2015,1.93,9197867,1.87,1.9475,1.85,0.979,0.995,0.979,0.995
15/10/2015,1.97,27268150,1.97,2.06,1.95,0.999,0.995,0.999,0.995
20/10/2015,2.02,5574769,2,2.03,1.97,0.965,0.99,0.965,0.99
21/10/2015,2.1,14961000,2.02,2.12,2.01,1,0.99,1,0.99
11/11/2015,2.07,3530645,2.02,2.09,2.02,0.997,0.99,0.997,0.99
12/11/2015,2,3576405,2.05,2.07,2,0.968,0.986,0.968,0.986
16/11/2015,1.99,4027291,1.99,2.02,1.95,0.998,0.987,0.998,0.987
24/11/2015,2.34,15858610,2.2,2.4,2.17,0.984,0.987,0.984,0.987
30/11/2015,2.36,9915362,2.34,2.37,2.25,0.991,0.986,0.991,0.986
01/12/2015,2.34,5646342,2.36,2.37,2.31,0.996,0.991,0.996,0.991
09/12/2015,2.35,8694560,2.37,2.4,2.32,0.996,0.99,0.996,0.99
04/01/2016,2.77,32356640,2.77,2.82,2.63,0.989,0.989,0.989,0.989
12/01/2016,2.39,17979540,2.4,2.46,2.28,0.986,0.991,0.986,0.991
14/01/2016,2.21,15568560,2.29,2.35,2.21,0.999,0.992,0.999,0.992
19/01/2016,1.95,18935550,2.08,2.11,1.9,0.998,0.994,0.998,0.994
20/01/2016,1.8,29229490,1.81,1.95,1.75,0.998,0.995,0.998,0.995
01/02/2016,2.14,8816117,2.17,2.19,2.11,1,0.995,1,0.995
02/02/2016,1.99,11214710,2.11,2.14,1.96,0.999,0.996,0.999,0.996
10/02/2016,1.84,9466004,1.92,1.98,1.83,0.998,0.997,0.998,0.997
11/02/2016,1.86,7858282,1.82,1.94,1.81,0.96,0.993,0.96,0.993
17/02/2016,1.9,13765170,1.85,1.94,1.85,0.996,0.993,0.996,0.993
23/02/2016,1.97,6709579,2.04,2.06,1.97,0.999,0.993,0.999,0.993
01/03/2016,2.18,9009785,2.16,2.2,2.12,0.998,0.993,0.998,0.993
02/03/2016,2.32,10843670,2.2,2.33,2.18,0.998,0.993,0.998,0.993
07/03/2016,2.47,8794854,2.36,2.47,2.36,0.974,0.989,0.974,0.989
10/03/2016,2.26,9622544,2.29,2.31,2.15,0.999,0.989,0.999,0.989
14/03/2016,2.72,33838770,2.53,2.75,2.5,0.999,0.995,0.999,0.995
15/03/2016,2.49,21564540,2.67,2.69,2.45,0.998,0.995,0.998,0.995
23/03/2016,2.68,10161830,2.8,2.825,2.68,0.998,0.995,0.998,0.995
29/03/2016,2.86,13611540,2.74,2.88,2.7,0.999,0.995,0.999,0.995
31/03/2016,2.85,9068395,2.84,2.88,2.8,0.999,0.995,0.999,0.995
05/04/2016,2.76,9638433,2.76,2.84,2.72,0.993,0.998,0.993,0.998
07/04/2016,2.64,13403710,2.76,2.83,2.61,0.979,0.995,0.979,0.995
12/04/2016,2.81,16117070,2.79,2.85,2.76,0.98,0.992,0.98,0.992
14/04/2016,2.72,8979330,2.77,2.79,2.7,0.998,0.992,0.998,0.992
21/04/2016,2.62,13457330,2.65,2.7,2.6,0.999,0.992,0.999,0.992
29/04/2016,3.55,17712050,3.69,3.69,3.45,0.988,0.991,0.988,0.991
11/05/2016,3.65,7537126,3.61,3.68,3.6,0.963,0.986,0.963,0.986
12/05/2016,3.59,9236210,3.65,3.68,3.55,0.989,0.985,0.989,0.985
19/05/2016,3.77,17624020,3.83,3.85,3.69,0.974,0.984,0.974,0.984
25/05/2016,4.18,24718920,4.24,4.35,4.15,0.999,0.987,0.999,0.987
01/06/2016,4.43,29675440,4.6,4.64,4.38,0.996,0.987,0.996,0.987
13/06/2016,4.4,13535210,4.32,4.48,4.32,0.996,0.986,0.996,0.986
14/06/2016,4.39,16748840,4.4,4.51,4.33,0.995,0.987,0.995,0.987
21/06/2016,5.45,35828650,5.1,5.5,5.09,0.999,0.993,0.999,0.993
29/06/2016,5.13,33081670,5.31,5.4,5.1,0.99,0.993,0.99,0.993
07/07/2016,5.02,15772980,5.07,5.1,4.94,0.979,0.993,0.979,0.993
13/07/2016,5.09,13987340,5.14,5.19,5.04,0.992,0.992,0.992,0.992
21/07/2016,5.22,39520180,5.43,5.45,5.1,0.999,0.993,0.999,0.993
25/07/2016,6.7,118273300,5.93,6.95,5.92,0.993,0.992,0.993,0.992
26/07/2016,6.98,81172410,6.76,7.1599,6.71,0.997,0.993,0.997,0.993
04/08/2016,6.47,22400200,6.39,6.61,6.37,0.998,0.993,0.998,0.993
08/08/2016,6.68,21442770,6.7,6.85,6.65,0.999,0.994,0.999,0.994
12/08/2016,6.73,25464680,6.6,6.79,6.55,0.995,0.996,0.995,0.996
18/08/2016,7.04,30704860,6.74,7.07,6.725,0.993,0.996,0.993,0.996
29/08/2016,7.59,16909330,7.72,7.79,7.57,0.997,0.996,0.997,0.996
31/08/2016,7.4,18344870,7.52,7.52,7.28,0.993,0.996,0.993,0.996
06/09/2016,7.34,24803060,7.56,7.6,7.25,0.998,0.996,0.998,0.996
07/09/2016,6.84,57654100,7.05,7.07,6.78,0.98,0.993,0.98,0.993
09/09/2016,5.9,170721100,6.23,6.24,5.85,0.999,0.994,0.999,0.994
13/09/2016,5.74,50735660,5.92,5.95,5.66,0.996,0.994,0.996,0.994
23/09/2016,6.55,60987860,6.31,6.65,6.31,0.999,0.995,0.999,0.995
27/09/2016,6.54,30026660,6.45,6.58,6.29,0.998,0.995,0.998,0.995
03/10/2016,6.95,30439500,6.95,7.15,6.87,0.999,0.996,0.999,0.996
06/10/2016,6.96,27049420,6.72,6.98,6.63,0.979,0.995,0.979,0.995
07/10/2016,6.75,33050370,6.92,6.96,6.62,0.996,0.995,0.996,0.995
14/10/2016,6.75,66892790,6.92,7.12,6.74,0.994,0.994,0.994,0.994
20/10/2016,6.96,63892740,6.81,6.98,6.77,1,0.995,1,0.995
24/10/2016,7.005,52974070,6.57,7.01,6.54,0.999,0.995,0.999,0.995
25/10/2016,7.5,78807250,6.9,7.5,6.87,0.997,0.995,0.997,0.995
27/10/2016,7.11,37679300,7.44,7.46,7.1,0.997,0.995,0.997,0.995
07/11/2016,6.96,36971240,6.79,6.99,6.76,0.999,0.997,0.999,0.997
14/11/2016,6.79,29579310,6.83,6.84,6.61,0.999,0.998,0.999,0.998
15/11/2016,6.97,28829650,6.82,7.08,6.79,0.986,0.997,0.986,0.997
17/11/2016,8.46,124134000,7.79,8.77,7.77,0.965,0.992,0.965,0.992
30/11/2016,8.91,36459680,9.02,9.12,8.9,0.982,0.989,0.982,0.989
05/12/2016,8.68,31381360,8.69,8.71,8.45,0.998,0.989,0.998,0.989
08/12/2016,10.34,104504900,9.9,10.66,9.8,1,0.99,1,0.99
09/12/2016,10.34,60536690,10.38,10.54,9.87,0.999,0.99,0.999,0.99
12/12/2016,10.68,63255660,10.4,10.93,10.38,0.997,0.99,0.997,0.99
13/12/2016,10.54,46660430,10.75,10.8,10.4,0.995,0.991,0.995,0.991
03/01/2017,11.43,55114820,11.42,11.65,11.02,0.998,0.996,0.998,0.996
05/01/2017,11.24,38777380,11.43,11.69,11.23,0.998,0.998,0.998,0.998
12/01/2017,10.76,75178900,10.98,11.0376,10.33,0.976,0.995,0.976,0.995
31/01/2017,10.37,51993490,10.6,10.67,10.22,0.999,0.995,0.999,0.995
07/02/2017,13.29,158507200,14.05,14.27,13.06,0.999,0.995,0.999,0.995
21/02/2017,14,66250920,13.41,14.1,13.4,0.992,0.994,0.992,0.994
22/02/2017,14.28,71394390,14.3,14.5,14.04,0.995,0.994,0.995,0.994
02/03/2017,13.9,103970100,14.59,14.78,13.87,0.997,0.994,0.997,0.994
07/03/2017,13.05,76518390,13.07,13.37,12.79,0.988,0.992,0.988,0.992
08/03/2017,13.22,71231410,13.25,13.55,13.1,0.986,0.994,0.986,0.994
16/03/2017,13.65,44356700,13.79,13.88,13.65,0.995,0.993,0.995,0.993
30/03/2017,14.05,43964720,13.73,14.05,13.65,0.986,0.991,0.986,0.991
04/04/2017,14.16,58271440,14.31,14.67,14.03,0.952,0.986,0.952,0.986
10/04/2017,13.1,47083720,13.52,13.59,13.04,0.978,0.983,0.978,0.983
11/04/2017,13.1,59818640,13.02,13.29,12.71,0.997,0.983,0.997,0.983
18/04/2017,12.95,37128380,12.63,12.97,12.58,0.995,0.984,0.995,0.984
24/04/2017,13.13,36090980,13.23,13.23,13.045,0.998,0.986,0.998,0.986
01/05/2017,13.62,63863980,13.43,13.63,13.25,0.999,0.986,0.999,0.986
16/05/2017,12.75,160810600,11.66,12.77,11.63,0.992,0.987,0.992,0.987
17/05/2017,11.2,159885600,11.81,12.2855,11.16,0.999,0.994,0.999,0.994
18/05/2017,11.275,86807510,10.99,11.49,10.81,0.96,0.991,0.96,0.991
25/05/2017,10.98,33492590,11.01,11.01,10.8,0.974,0.988,0.974,0.988
31/05/2017,11.19,42903690,11.29,11.49,11.1,0.999,0.989,0.999,0.989
05/06/2017,11.24,66145900,10.84,11.34,10.8,0.997,0.989,0.997,0.989
15/06/2017,11.5,61368550,11.34,11.58,11.21,0.996,0.988,0.996,0.988
20/06/2017,12.64,117641600,12.19,12.93,12.18,0.999,0.989,0.999,0.989
27/06/2017,13.4,89113140,13.76,14.04,13.37,0.998,0.989,0.998,0.989
29/06/2017,12.6,87268080,13.06,13.15,12.45,0.996,0.994,0.996,0.994
03/07/2017,12.15,39929100,12.57,12.73,12.13,0.974,0.994,0.974,0.994
10/07/2017,13.81,78224060,13.61,13.88,13.27,0.974,0.991,0.974,0.991
11/07/2017,13.89,70990560,13.77,14.099,13.62,1,0.991,1,0.991
25/07/2017,14.11,92517550,14.29,14.32,13.87,0.999,0.991,0.999,0.991
27/07/2017,14.12,130072800,14.99,15.04,13.7,0.999,0.991,0.999,0.991
31/07/2017,13.61,68989860,14.09,14.22,13.47,0.998,0.991,0.998,0.991
03/08/2017,13.24,52390000,13.42,13.52,13.08,0.984,0.99,0.984,0.99
10/08/2017,12.12,82513300,12.7,12.92,12.11,0.998,0.993,0.998,0.993
14/08/2017,12.76,64296850,12.58,12.845,12.58,0.99,0.995,0.99,0.995
23/08/2017,12.48,44193270,12,12.535,11.95,0.996,0.995,0.996,0.995
28/08/2017,12.23,35326790,12.53,12.55,12.16,0.992,0.994,0.992,0.994
31/08/2017,13,51532900,12.82,13.16,12.79,0.999,0.994,0.999,0.994
03/10/2017,13.42,84929460,12.73,13.48,12.7,0.999,0.994,0.999,0.994
09/10/2017,13.47,53875890,13.26,13.83,13.26,0.974,0.993,0.974,0.993
24/10/2017,14.25,78891200,14.2,14.36,14.15,1,0.993,1,0.993
26/10/2017,12.005,87296580,12.45,12.46,12,0.999,0.994,0.999,0.994
01/11/2017,10.8,66738370,11.25,11.29,10.72,0.978,0.992,0.978,0.992
02/11/2017,10.85,47849240,10.87,10.99,10.66,0.968,0.988,0.968,0.988
06/11/2017,11.93,96003560,12.04,12.09,11.64,0.986,0.986,0.986,0.986
09/11/2017,11.12,76527680,11.25,11.35,11.03,0.998,0.986,0.998,0.986
13/11/2017,11.09,54003220,11.18,11.2,10.92,0.999,0.99,0.999,0.99
20/11/2017,11.34,35873840,11.47,11.505,11.19,0.995,0.989,0.995,0.989
05/12/2017,9.91,67167770,9.89,10.34,9.7,0.994,0.988,0.994,0.988
12/12/2017,9.9,36120990,10.13,10.14,9.88,1,0.991,1,0.991
13/12/2017,10.11,41379990,9.97,10.21,9.95,0.994,0.995,0.994,0.995
08/01/2018,12.28,63143340,12.01,12.3,11.85,0.997,0.997,0.997,0.997
09/01/2018,11.82,62426620,12,12.02,11.71,0.974,0.993,0.974,0.993
10/01/2018,11.96,52335790,11.63,12.15,11.56,0.988,0.992,0.988,0.992
16/01/2018,11.91,41879890,12.05,12.2,11.8,0.896,0.978,0.896,0.978
19/01/2018,12.59,46279510,12.56,12.88,12.54,0.948,0.971,0.948,0.971
23/01/2018,12.94,46348240,12.82,12.995,12.76,0.995,0.97,0.995,0.97
30/01/2018,12.87,87660690,13.12,13.27,12.69,0.999,0.971,0.999,0.971
31/01/2018,13.74,140571100,13.24,13.85,13.15,-0.272,0.79,-0.272,0.79
02/02/2018,12.45,79195600,13.05,13.06,12.43,-0.924,0.519,-0.924,0.519
06/02/2018,11.65,86285130,11.04,11.74,11,0.994,0.519,0.994,0.519
07/02/2018,11.6,55582730,11.7,11.9,11.53,-0.77,0.274,-0.77,0.274
08/02/2018,11.22,56168660,11.72,11.85,11.21,0.839,0.252,0.839,0.252
12/02/2018,11.68,62932090,11.47,11.8,11.43,0.994,0.251,0.994,0.251
20/02/2018,12.02,46848120,11.72,12.19,11.71,0.96,0.427,0.96,0.427
21/02/2018,11.72,40069650,12.12,12.12,11.72,1,0.702,1,0.702
23/02/2018,12.07,33161500,11.95,12.16,11.94,0.885,0.7,0.885,0.7
26/02/2018,12.42,42103360,12.14,12.43,12.05,-0.272,0.519,-0.272,0.519
27/02/2018,12.53,55817200,12.43,12.88,12.39,1,0.772,1,0.772
01/03/2018,11.9,62981050,12.26,12.27,11.66,0.035,0.657,0.035,0.657
05/03/2018,11.91,43673270,11.69,12.055,11.61,-0.709,0.414,-0.709,0.414
07/03/2018,12.24,127314100,11.58,12.82,11.55,0.967,0.415,0.967,0.415
08/03/2018,11.97,75963420,12.395,12.59,11.74,-0.831,0.154,-0.831,0.154
15/03/2018,11.46,63112840,11.43,11.55,11.19,0.997,0.336,0.997,0.336
21/03/2018,11.26,44650310,11.16,11.34,11.11,0.998,0.336,0.998,0.336
03/04/2018,9.55,54856380,9.63,9.77,9.3,0.998,0.474,0.998,0.474
13/04/2018,9.93,38889900,10.2,10.22,9.88,0.993,0.717,0.993,0.717
16/04/2018,10.09,28771670,10,10.17,9.9,0.982,0.979,0.982,0.979
19/04/2018,10.11,57742160,10.18,10.3284,9.99,0.992,0.993,0.992,0.993
23/04/2018,10.04,42906640,10.09,10.19,9.97,0.974,0.99,0.974,0.99
25/04/2018,9.71,85940620,10.06,10.09,9.56,0.999,0.99,0.999,0.99
30/04/2018,10.88,50529070,11.055,11.14,10.87,0.999,0.99,0.999,0.99
03/05/2018,10.93,33257430,10.902,11.06,10.83,0.952,0.984,0.952,0.984
10/05/2018,12.13,49269010,11.98,12.18,11.95,0.991,0.984,0.991,0.984
14/05/2018,12.23,50149830,12.14,12.36,12.11,0.999,0.987,0.999,0.987
31/05/2018,13.73,46699110,13.74,13.93,13.69,0.973,0.984,0.973,0.984
05/06/2018,14.85,56008480,14.85,14.9185,14.63,0.997,0.987,0.997,0.987
06/06/2018,15.67,96957660,15.07,15.74,15.04,0.997,0.987,0.997,0.987
11/06/2018,15.73,80610500,15.21,15.89,15.01,0.974,0.983,0.974,0.983
21/06/2018,15.65,95440270,16.65,16.87,15.46,0.997,0.99,0.997,0.99
25/06/2018,15.11,94289130,15.64,15.74,14.54,0.991,0.99,0.991,0.99
12/07/2018,16.56,44077820,16.41,16.79,16.38,0.997,0.989,0.997,0.989
16/07/2018,16.58,64916850,16.42,17,16.41,0.97,0.989,0.97,0.989
25/07/2018,16.05,80578490,16.3,16.39,15.72,0.999,0.989,0.999,0.989
06/08/2018,19.43,83336110,18.89,19.44,18.46,0.975,0.986,0.975,0.986
13/08/2018,19.73,81226280,19.16,19.93,19.12,0.993,0.989,0.993,0.989
24/08/2018,23.98,163473500,22.91,24,22.67,0.998,0.99,0.998,0.99
27/08/2018,25.26,323844500,24.94,27.3,24.6261,0.997,0.994,0.997,0.994
05/09/2018,28.51,256903900,29.41,29.94,26.84,0.963,0.989,0.963,0.989
06/09/2018,27.84,143349900,28.12,28.58,27.19,0.998,0.992,0.998,0.992
19/09/2018,31.21,123939700,31.52,31.83,30.51,0.999,0.992,0.999,0.992
03/10/2018,28.43,189940600,29.035,29.22,26.54,0.994,0.992,0.994,0.992
10/10/2018,25,146250000,27.38,27.4,24.91,0.97,0.988,0.97,0.988
23/10/2018,25.09,101347900,24.18,25.26,23.85,0.994,0.988,0.994,0.988
24/10/2018,22.79,125703600,25.04,25.1,22.75,1,0.988,1,0.988
29/10/2018,16.85,94204080,18.21,18.23,16.27,0.998,0.993,0.998,0.993
30/10/2018,17.2,98693880,16.38,17.24,16.17,0.997,0.993,0.997,0.993
02/11/2018,20.23,123512800,20.59,21.06,19.47,0.994,0.992,0.994,0.992
06/11/2018,20.68,144761700,19.5,21.65,19.48,0.992,0.992,0.992,0.992
08/11/2018,21.2,92265540,21.77,22.08,20.97,0.999,0.996,0.999,0.996
12/11/2018,19.03,95665980,20.68,20.85,18.8,0.996,0.997,0.996,0.997
13/11/2018,19.61,75852920,19.28,20.02,18.97,0.995,0.996,0.995,0.996
15/11/2018,21.49,96460050,20.72,21.77,20.42,0.999,0.996,0.999,0.996
19/11/2018,19.11,93169460,20.4,20.59,19.09,0.979,0.993,0.979,0.993
07/12/2018,19.46,105527100,21.3,21.3799,19.17,0.997,0.994,0.997,0.994
13/12/2018,19.86,87940320,20.63,20.865,19.76,0.999,0.995,0.999,0.995
20/12/2018,17.94,119056000,18.11,18.86,17.34,0.986,0.993,0.986,0.993
02/01/2019,18.83,86497360,18.01,19,17.98,0.96,0.988,0.96,0.988
09/01/2019,20.19,163680500,20.89,21.44,20.07,0.997,0.99,0.997,0.99
14/01/2019,20.23,71053050,19.96,20.62,19.75,0.998,0.99,0.998,0.99
16/01/2019,19.73,70533680,20.4,20.54,19.71,0.97,0.986,0.97,0.986
17/01/2019,20.25,84502560,19.49,20.51,19.02,0.993,0.986,0.993,0.986
25/01/2019,21.93,110161400,20.99,22.03,20.79,0.994,0.987,0.994,0.987
28/01/2019,20.18,134743600,20.315,21.01,20.02,0.557,0.93,0.557,0.93
29/01/2019,19.25,126418900,20.26,20.39,19.05,1,0.93,1,0.93
05/02/2019,23.31,121159200,23.42,23.86,22.98,0.967,0.926,0.967,0.926
06/02/2019,23.26,78457780,23.63,24.14,23.22,0.998,0.926,0.998,0.926
26/02/2019,24.21,44622530,24.65,24.72,24.15,0.999,0.93,0.999,0.93
01/03/2019,23.68,45049370,23.97,24.19,23.45,0.999,0.931,0.999,0.931
19/03/2019,26,154214600,23.6,26.08,23.59,0.998,0.931,0.998,0.931
26/03/2019,25.69,75291650,26.69,26.98,25.46,0.996,0.994,0.996,0.994
02/04/2019,26.75,52823610,26.51,26.8,26.09,0.995,0.993,0.995,0.993
08/04/2019,28.53,57868370,28.69,28.95,28.18,0.996,0.997,0.996,0.997
16/04/2019,27.93,47212740,27.72,28.18,27.49,0.984,0.995,0.984,0.995
29/04/2019,27.69,44265600,27.9,28.14,27.5,0.999,0.995,0.999,0.995
30/04/2019,27.63,68499770,27.59,27.8,26.94,0.999,0.995,0.999,0.995
07/05/2019,26.66,75868820,27.2,27.35,26.21,0.997,0.995,0.997,0.995
08/05/2019,27.09,65967540,26.41,27.71,26.27,0.961,0.99,0.961,0.99
13/05/2019,26.24,99017890,26.98,27.23,26.1,0.952,0.984,0.952,0.984
14/05/2019,27.32,82980400,26.53,27.48,26.15,0.982,0.982,0.982,0.982
22/05/2019,27.41,40035290,27.12,27.59,27.07,0.96,0.979,0.96,0.979
03/06/2019,27.58,147532200,28.75,29.62,27.29,0.982,0.976,0.982,0.976
10/06/2019,33.23,97668790,33.53,34.3,33.08,0.999,0.976,0.999,0.976
14/06/2019,30.36,70373020,30.7,30.96,30.02,0.9,0.967,0.9,0.967
16/07/2019,33.85,66912700,34.3,34.86,33.8,0.97,0.972,0.97,0.972
22/07/2019,32.85,37777310,32.8,33.31,32.735,0.992,0.977,0.992,0.977
30/07/2019,33.87,72198880,33.21,33.94,32.94,0.999,0.977,0.999,0.977
05/08/2019,27.99,74333240,28.26,28.49,27.65,0.991,0.979,0.991,0.979
07/08/2019,29.19,58577540,28.47,29.28,28.37,1,0.979,1,0.979
05/09/2019,31.5,57932080,31.79,32.05,31.12,0.956,0.987,0.956,0.987
18/09/2019,30.42,47277310,30.75,30.893,29.88,0.997,0.986,0.997,0.986
30/09/2019,28.99,40332050,28.89,29.05,28.36,0.998,0.99,0.998,0.99
02/10/2019,28.31,44048750,28.5,28.85,28.03,0.994,0.991,0.994,0.991
03/10/2019,28.68,56905410,28.28,28.778,27.43,1,0.991,1,0.991
07/10/2019,28.93,39745270,28.9,29.63,28.8431,0.996,0.992,0.996,0.992
15/10/2019,30.72,42142390,30.7,30.92,30.17,0.97,0.987,0.97,0.987
29/10/2019,33.03,78700080,33.73,33.9,32.7,0.999,0.993,0.999,0.993
01/11/2019,34.89,64238610,34.37,35,34.1,0.964,0.989,0.964,0.989
07/11/2019,36.28,54350180,36.52,36.99,36.03,0.992,0.988,0.992,0.988
13/11/2019,37.52,69178090,36.65,37.96,36.5779,0.99,0.987,0.99,0.987
18/11/2019,39.88,66332770,38.65,39.985,38.6,1,0.987,1,0.987
19/11/2019,41.29,94600240,40.14,41.79,39.685,0.998,0.988,0.998,0.988
03/12/2019,38.9,52991200,37.34,38.93,37.15,0.999,0.992,0.999,0.992
10/12/2019,39.44,33863030,39.2,39.73,38.82,0.996,0.991,0.996,0.991
12/12/2019,42.59,87398170,39.4,42.62,39.25,0.995,0.996,0.995,0.996
13/12/2019,41.15,79985410,42.35,42.95,41.06,0.995,0.996,0.995,0.996
16/12/2019,42.35,58890780,41.73,42.98,41.73,0.981,0.995,0.981,0.995
31/12/2019,45.86,31791200,45.07,46.09,44.9223,0.96,0.989,0.96,0.989
06/01/2020,48.39,48176290,48.02,48.86,47.86,0.998,0.989,0.998,0.989
13/01/2020,48.745,34474730,48.66,48.86,48.24,0.996,0.989,0.996,0.989
15/01/2020,48.545,40199940,48.23,49.08,48.12,0.97,0.985,0.97,0.985
16/01/2020,49.77,58898930,49.17,50.31,48.99,0.996,0.985,0.996,0.985
28/01/2020,50.53,62343840,50.03,50.85,49.48,0.999,0.986,0.999,0.986
04/02/2020,49.45,46302080,49.21,49.75,48.61,0.997,0.988,0.997,0.988
05/02/2020,49.84,42737100,50.29,50.42,49.31,0.952,0.987,0.952,0.987
10/02/2020,52.26,60971720,49.47,52.3,49.35,0.997,0.987,0.997,0.987
18/02/2020,56.89,70346390,54.94,58.13,54.84,0.997,0.987,0.997,0.987
25/02/2020,47.57,88699380,51.14,51.24,47.12,0.986,0.989,0.986,0.989
04/03/2020,50.11,93311780,48.25,50.14,47.2101,0.995,0.989,0.995,0.989
06/03/2020,48.59,124590900,49.44,49.54,46.74,0.998,0.989,0.998,0.989
25/03/2020,44.63,93760390,46.79,47.875,44.425,0.998,0.989,0.998,0.989
01/04/2020,43.66,92083080,44.18,46.85,43.16,0.996,0.995,0.996,0.995
14/04/2020,54.93,85306750,52.235,55.14,52.11,0.999,0.996,0.999,0.996
15/04/2020,54.99,83814030,53.73,55.5699,53.41,0.97,0.992,0.97,0.992
21/04/2020,52.92,123906400,56.9,57.73,51.41,0.975,0.99,0.975,0.99
28/04/2020,55.51,80501820,57.16,57.35,55.3,0.99,0.989,0.99,0.989
29/04/2020,53.66,110800900,54.53,54.86,52.74,0.996,0.989,0.996,0.989
30/04/2020,52.39,65543940,53.43,54.29,52.03,0.993,0.988,0.993,0.988
07/05/2020,51.95,48956640,52.93,52.9666,51.62,0.997,0.989,0.997,0.989
13/05/2020,52.18,76824710,54.04,55.22,51.295,0.997,0.988,0.997,0.988
18/05/2020,54.59,48679060,54.98,55.25,54.24,0.996,0.992,0.996,0.992
26/05/2020,53.19,51618870,56.01,56.08,53.02,0.952,0.989,0.952,0.989
28/05/2020,51.74,53754230,52.25,53.54,51.25,0.968,0.986,0.968,0.986
01/06/2020,53.63,36949860,53.31,54.11,52.89,0.997,0.986,0.997,0.986
04/06/2020,52.63,44869090,52.59,53.74,52.2,0.998,0.986,0.998,0.986
08/06/2020,52.97,39681750,53.3,53.35,52.26,0.994,0.986,0.994,0.986
15/06/2020,54.68,56740680,52.58,54.73,52.4128,0.996,0.986,0.996,0.986
16/06/2020,54.46,50949750,55.72,56.07,53.59,0.998,0.986,0.998,0.986
22/06/2020,54.76,44704780,54.67,55.17,53.74,0.997,0.993,0.997,0.993
25/06/2020,51.93,51129610,52.56,52.7,50.54,1,0.997,1,0.997
14/07/2020,54.72,54890110,53.3,54.86,52.26,0.997,0.997,0.997,0.997
15/07/2020,55.34,42360280,54.96,55.37,53.59,0.97,0.993,0.97,0.993
16/07/2020,54.92,36887080,54.68,55.15,53.74,0.989,0.992,0.989,0.992
21/07/2020,57,44800690,57.805,58.5,56.3173,0.997,0.993,0.997,0.993
28/07/2020,67.61,94181370,68.1,69.8,67.02,0.999,0.993,0.999,0.993
30/07/2020,78.2,80286890,75.37,78.96,75.07,0.999,0.993,0.999,0.993
04/08/2020,85.04,155676100,78.03,85.805,77.99,0.993,0.992,0.993,0.992
21/08/2020,83.81,48280320,83.29,84.41,82.23,1,0.992,1,0.992
24/08/2020,83.08,38036070,84.55,85.33,82.55,0.883,0.98,0.883,0.98
03/09/2020,82.54,87462690,87.84,88.47,81.59,-0.302,0.796,-0.302,0.796
08/09/2020,78.69,54955670,78.05,81.88,78,0.957,0.79,0.957,0.79
09/09/2020,81.91,54163880,81.4,82.44,79.28,0.92,0.779,0.92,0.779
11/09/2020,76.34,54762990,79.82,79.99,75.04,0.993,0.778,0.993,0.778
14/09/2020,77.9,47448680,76.8,78.82,76.26,0.999,0.779,0.999,0.779
22/09/2020,77.7,56044740,78.365,78.79,75.27,0.997,0.778,0.997,0.778
30/09/2020,81.99,51533660,81.75,82.94,80.66,0.999,0.795,0.999,0.795
01/10/2020,84.86,52177120,83.06,85.25,82.86,0.684,0.936,0.684,0.936
06/10/2020,84.48,52725430,86.21,87.25,83.54,0.996,0.941,0.996,0.941
08/10/2020,86.51,54240700,88.11,88.72,85.95,0.996,0.952,0.996,0.952
12/10/2020,84.29,47669700,83.65,85.13,83.12,-0.026,0.806,-0.026,0.806
14/10/2020,84.21,40446740,85.86,85.96,83.46,1,0.807,1,0.807
15/10/2020,83.13,33696410,83.4,84.7201,82.42,0.982,0.804,0.982,0.804
23/10/2020,81.96,46557680,80.93,81.99,79.33,0.963,0.799,0.963,0.799
27/10/2020,78.88,156669500,82,82.37,77.57,0.99,0.843,0.99,0.843
28/10/2020,76.4,76529910,78.73,78.96,75.76,0.974,0.84,0.974,0.84
09/11/2020,83.12,58580680,84.24,87.05,82.77,0.494,0.768,0.494,0.768
10/11/2020,77.99,67137200,81.93,82.13,77.63,0.999,0.915,0.999,0.915
16/11/2020,83.73,38640840,81.21,83.78,80.48,0.987,0.913,0.987,0.913
17/11/2020,83.36,29473510,83.93,84.81,82.91,0.999,0.915,0.999,0.915
02/12/2020,93.74,57988820,92.89,96.37,92.5253,0.998,0.92,0.998,0.92
03/12/2020,92.31,35859720,94.06,94.7,92.01,0.999,0.921,0.999,0.921
04/12/2020,94.04,45570270,92.58,94.58,90.63,0.998,0.925,0.998,0.925
07/12/2020,94.07,39815650,94.95,95,92.97,0.964,0.992,0.964,0.992
09/12/2020,89.83,52170380,92.76,94.7,89.16,0.958,0.986,0.958,0.986
17/12/2020,96.84,32023730,97.55,97.92,96.25,0.988,0.986,0.988,0.986
30/12/2020,92.29,25844970,90.78,92.85,90.19,0.992,0.985,0.992,0.985
06/01/2021,90.33,51911660,91.62,92.28,89.46,0.957,0.979,0.957,0.979
08/01/2021,94.58,39816400,95.98,96.4,93.27,0.396,0.893,0.396,0.893
12/01/2021,95.355,67672310,97.86,98.97,94.07,0.998,0.893,0.998,0.893
13/01/2021,91.78,60712900,93.01,93.89,90.84,0.97,0.894,0.97,0.894
14/01/2021,90.79,53408240,91.77,92.36,90.45,0.494,0.828,0.494,0.828
15/01/2021,88.21,49340340,90.75,91.59,87.86,0.856,0.809,0.856,0.809
20/01/2021,88.75,35185810,90.55,90.78,88.6,0.752,0.775,0.752,0.775
22/01/2021,92.79,71294710,94.42,95.95,91.88,0.861,0.761,0.861,0.761
25/01/2021,94.13,55086940,94.14,95.74,91.4,0.992,0.846,0.992,0.846
26/01/2021,94.71,59449050,94.91,95.7171,93.63,1,0.846,1,0.846
28/01/2021,87.52,47048360,89.83,89.88,87.3,0.997,0.85,0.997,0.85
29/01/2021,85.64,56735830,87.56,88.33,85.02,0.988,0.921,0.988,0.921
11/02/2021,92.66,35571030,92.9,93.65,91.33,0.966,0.96,0.966,0.96
12/02/2021,93.77,38538350,92.75,94.22,91.9,0.996,0.98,0.996,0.98
16/02/2021,91.46,35105920,93.9,94,90.7499,0.972,0.977,0.972,0.977
18/02/2021,88.64,35624950,89.09,89.6,87.31,-0.273,0.795,-0.273,0.795
19/02/2021,89.58,29548270,89.75,90.4163,88.69,1,0.795,1,0.795
22/02/2021,85.37,36930180,88.15,88.3,85.21,0.714,0.756,0.714,0.756
01/03/2021,86.39,32746180,85.365,86.5,83.97,0.772,0.735,0.772,0.735
02/03/2021,84.13,34828160,86.92,86.95,84.04,0.812,0.713,0.812,0.713
03/03/2021,80.86,43541040,84.28,84.38,80.85,0.742,0.677,0.742,0.677
04/03/2021,77.75,60549370,80.23,81.8067,76.78,0.996,0.68,0.996,0.68
05/03/2021,78.52,58548910,79,79.48,74.2,0.68,0.817,0.68,0.817
08/03/2021,73.96,54563870,78.03,79,73.86,0.991,0.815,0.991,0.815
09/03/2021,78.53,45088340,76.73,79.215,75.77,0.666,0.808,0.666,0.808
10/03/2021,77.52,45416620,79.75,80.04,77.41,0.601,0.784,0.601,0.784
11/03/2021,81.23,43583720,79.4,81.89,79.37,1,0.811,1,0.811
12/03/2021,81.05,32937950,79.73,81.19,79.23,0.996,0.847,0.996,0.847
15/03/2021,82.5,39365420,81.91,83.39,81.2,0.769,0.476,0.769,0.476
16/03/2021,82.75,42971550,83.66,84.75,82.255,0.768,0.491,0.768,0.491
17/03/2021,82.63,43320570,81.75,83.25,80.411,0.995,0.547,0.995,0.547
18/03/2021,78.12,51036500,81.055,81.62,78.01,0.976,0.544,0.976,0.544
19/03/2021,79.06,42283390,78.49,79.34,77.59,0.982,0.542,0.982,0.542
22/03/2021,80.3,39648610,79.99,81.265,79.22,0.771,0.894,0.771,0.894
23/03/2021,78.38,40466640,80.13,80.34,77.95,0.98,0.924,0.98,0.924
24/03/2021,76.48,43753640,77.55,78.8,76.4,0.926,0.946,0.926,0.946
25/03/2021,76.22,44735100,75.85,76.95,74.96,0.709,0.906,0.709,0.906
26/03/2021,77.41,49148660,76.62,77.4995,75.03,0.568,0.847,0.568,0.847
29/03/2021,77.14,37144300,77.03,78.02,76.26,0.99,0.848,0.99,0.848
30/03/2021,76,39169250,76.47,76.56,74.85,0.081,0.718,0.081,0.718
31/03/2021,78.5,43659460,76.57,79.13,76.52,0,0.608,0,0.608
01/04/2021,81.09,40182380,80.155,81.31,79.48,0.509,0.54,0.509,0.54
05/04/2021,81.43,32610550,81.74,81.9,80.39,0.379,0.338,0.379,0.338
06/04/2021,81.44,29327950,81.21,82.455,80.88,0.838,0.317,0.838,0.317
07/04/2021,82.2,35590930,81.32,83.1,80.35,-0.231,0.272,-0.231,0.272
08/04/2021,83.35,41925280,83.32,83.79,82.435,0.982,0.412,0.982,0.412
09/04/2021,82.76,32759870,82.8,83.59,82.16,0.656,0.433,0.656,0.433
12/04/2021,78.58,62098800,82.055,82.18,78.03,0.457,0.487,0.457,0.487
13/04/2021,80.19,37767260,79.67,80.72,78.98,0.723,0.543,0.723,0.543
14/04/2021,78.55,34263830,79.88,80.13,77.935,0.557,0.569,0.557,0.569
15/04/2021,83.01,68942820,80.32,83.95,79.97,0.583,0.532,0.583,0.532
16/04/2021,82.15,47280570,83.3,83.59,81.53,0.654,0.659,0.654,0.659
19/04/2021,81.11,39115460,82.13,83.18,80.39,0.99,0.687,0.99,0.687
20/04/2021,79.27,34977750,80.82,81.11,78.51,0.833,0.702,0.833,0.702
21/04/2021,81.61,35068960,78.99,81.66,78.86,0.997,0.765,0.997,0.765
22/04/2021,79.06,38846050,81.61,81.79,78.59,0.761,0.791,0.761,0.791
23/04/2021,82.76,49267280,80.21,83.3,79.96,0.478,0.765,0.478,0.765
26/04/2021,85.41,57594540,83.35,85.9,82.7,0.462,0.499,0.462,0.499
27/04/2021,85.21,61909870,85.67,87.15,85.13,0.553,0.459,0.553,0.459
28/04/2021,84.02,108920300,88.85,89.2,83.92,0.321,0.362,0.321,0.362
29/04/2021,83.91,51294530,84.7,85.27,82.63,0.636,0.344,0.636,0.344
30/04/2021,81.62,46601860,82.97,84.1,81.415,0.969,0.415,0.969,0.415
03/05/2021,78.55,66323270,81.97,82,78.46,0.765,0.516,0.765,0.516
04/05/2021,78.61,59194330,77.95,78.67,77.04,0.639,0.621,0.639,0.621
05/05/2021,77.83,42310150,79.05,79.3,77.36,0.659,0.649,0.659,0.649
06/05/2021,77.89,38661330,77.63,78.0599,76.47,0.334,0.618,0.334,0.618
07/05/2021,78.81,36954180,78.75,79.5718,78.22,0.545,0.65,0.545,0.65
10/05/2021,75.99,45134490,78.2,78.3,75.92,-0.07,0.549,-0.07,0.549
11/05/2021,76.83,51008240,73.57,76.93,72.75,0.687,0.508,0.687,0.508
12/05/2021,74.64,42531420,75.09,76.13,74.16,1,0.542,1,0.542
13/05/2021,73.09,48646750,75.21,75.7,72.5,0.496,0.522,0.496,0.522
17/05/2021,74.65,40722380,74.215,75.52,73.41,0.952,0.563,0.952,0.563
18/05/2021,74.44,31982480,74.74,75.7699,74.24,0.814,0.632,0.814,0.632
19/05/2021,76.23,73966160,73.16,76.97,72.76,0.866,0.678,0.866,0.678
20/05/2021,78.06,49135010,76.81,78.27,76.25,0.865,0.811,0.865,0.811
21/05/2021,77.17,40201090,78.55,78.81,77.04,0.714,0.815,0.714,0.815
25/05/2021,77.86,47353100,77.33,78.77,76.8365,0.997,0.815,0.997,0.815
26/05/2021,78.34,30354000,77.83,78.59,77.59,0.795,0.858,0.795,0.858
27/05/2021,78.42,35883220,78.11,78.43,77.47,0.992,0.863,0.992,0.863
28/05/2021,80.08,40952660,78.66,81.09,78.66,0.773,0.857,0.773,0.857
01/06/2021,80.81,43433040,81.01,82.91,80.66,0.678,0.831,0.678,0.831
02/06/2021,81.97,35203220,81,82.6,80.66,0.923,0.839,0.923,0.839
03/06/2021,80.28,29811970,81.13,81.89,80.26,0.998,0.879,0.998,0.879
04/06/2021,81.58,26387800,80.92,82.19,80.81,0.998,0.88,0.998,0.88
07/06/2021,81.35,29006780,81.4,81.68,80.38,0.962,0.866,0.962,0.866
08/06/2021,80.89,26956630,81.87,82.645,80.45,0.996,0.912,0.996,0.912
09/06/2021,79.96,28454650,81.09,81.677,79.8,0,0.78,0,0.78
10/06/2021,81.56,28606360,80.02,81.71,79.7,0.81,0.753,0.81,0.753
11/06/2021,81.31,24310890,81.61,82.33,80.7,0.998,0.753,0.998,0.753
14/06/2021,81.55,27830240,81.51,81.55,80.2,0.796,0.799,0.796,0.799
15/06/2021,80.47,26194340,81.59,81.68,80.225,0.759,0.766,0.759,0.766
16/06/2021,80.11,29598310,80.75,81.45,78.96,0.556,0.845,0.556,0.845
17/06/2021,84.56,77822820,80.77,85.37,80.57,0.667,0.825,0.667,0.825
18/06/2021,84.65,58736810,84.28,85.77,83.48,0.825,0.8,0.825,0.8
21/06/2021,82.59,44417110,83.49,84.19,82.21,0.461,0.723,0.461,0.723
22/06/2021,83.58,32107700,82.9,84.04,82.48,0.821,0.698,0.821,0.698
23/06/2021,83.82,25992440,83.83,84.485,83.1603,0.998,0.727,0.998,0.727
24/06/2021,86.1,42217670,84.39,87.1399,84.365,0.924,0.75,0.924,0.75
25/06/2021,85.62,27804540,86.34,86.36,85.1,0.635,0.762,0.635,0.762
28/06/2021,87.08,30262040,86.38,88,86.15,0.998,0.809,0.998,0.809
29/06/2021,89.52,46181000,87.41,90.3,86.66,0.428,0.752,0.428,0.752
30/06/2021,93.93,70721530,90.82,94.335,90.6,0.546,0.764,0.546,0.764
01/07/2021,93.31,58059020,94.04,94.175,91.7,0.746,0.754,0.746,0.754
02/07/2021,94.7,51342980,93.28,95.27,92.205,0.666,0.706,0.666,0.706
06/07/2021,94.47,44930120,94.875,95.41,93.32,0.745,0.689,0.745,0.689
07/07/2021,90.54,51498480,95.02,95.44,90.31,0.177,0.653,0.177,0.653
08/07/2021,89.74,45673450,87.86,90.3399,87.45,0.3,0.618,0.3,0.618
09/07/2021,90.9,35278420,90.04,91.26,88.53,0.452,0.576,0.452,0.576
12/07/2021,90.81,28526560,91.22,91.9,89.65,0.682,0.36,0.682,0.36
13/07/2021,90.26,30367600,90.48,91.41,89.8299,0.899,0.382,0.899,0.382
14/07/2021,89.05,28108510,90.76,91.395,88.94,0.575,0.439,0.575,0.439
15/07/2021,86.93,38944740,89.78,89.78,86.1801,0.621,0.485,0.621,0.485
16/07/2021,85.89,35860740,87.32,88.03,85.68,0.623,0.51,0.623,0.51
19/07/2021,86.58,39244800,84.99,87.2294,84.24,0.448,0.569,0.448,0.569
20/07/2021,87.11,28088960,87.09,87.77,85.165,0.452,0.614,0.452,0.614
21/07/2021,89.41,29469860,87.25,89.49,86.9,0.617,0.605,0.617,0.605
22/07/2021,91.21,33730080,89.4,91.36,89.08,0.814,0.593,0.814,0.593
23/07/2021,92.15,31708900,91.348,92.37,90.19,0.52,0.585,0.52,0.585
26/07/2021,91.82,27668460,92.01,92.75,91.12,0.487,0.482,0.487,0.482
27/07/2021,91.03,69427020,92.94,94.1,89.1,0.533,0.495,0.533,0.495
28/07/2021,97.93,140561000,93.44,98.71,89.65,0.504,0.502,0.504,0.502
29/07/2021,102.95,164091800,96.58,105.74,96.58,0.556,0.493,0.556,0.493
30/07/2021,106.19,125632000,101.6,106.97,101.38,0.92,0.508,0.92,0.508
02/08/2021,108.63,115581900,105.93,110.33,103.83,0.945,0.525,0.945,0.525
03/08/2021,112.56,157723100,108.15,114.85,107.66,0.777,0.56,0.777,0.56
04/08/2021,118.77,225368700,114.36,122.49,114.16,0.536,0.565,0.536,0.565
05/08/2021,112.35,137860900,116.63,117.68,111.59,0.598,0.571,0.598,0.571
06/08/2021,110.11,143899000,110.55,116.2599,109.7,0.986,0.58,0.986,0.58
09/08/2021,107.58,115749900,111.31,112.33,107.06,0.785,0.77,0.785,0.77
10/08/2021,106.48,113012300,107.895,109.17,104.36,0.939,0.793,0.939,0.793
11/08/2021,107.68,91788290,107.6,109.79,105.62,0.997,0.859,0.997,0.859
13/08/2021,110.55,100135700,107.17,111.71,106.57,0.217,0.804,0.217,0.804
16/08/2021,107.48,73398940,110.2,111.58,105.865,0.307,0.548,0.307,0.548
17/08/2021,107.56,74053910,106.644,108.7,105.35,0.706,0.537,0.706,0.537
18/08/2021,103.44,79387940,107.35,108.07,103.27,0.737,0.508,0.737,0.508
19/08/2021,103.7,71117490,103.315,106.18,101.975,0.27,0.404,0.27,0.404
20/08/2021,104.65,55227560,104.32,105.98,103.99,0.509,0.446,0.509,0.446
23/08/2021,108.77,68835280,105.295,109.02,104.86,0.468,0.368,0.468,0.368
24/08/2021,107.65,51239300,109.45,109.61,107.28,0.858,0.447,0.858,0.447
25/08/2021,108.3,45485500,108.13,109.91,107.45,0.536,0.422,0.536,0.422
26/08/2021,107.27,51442550,108.57,109.2299,106.84,0.857,0.439,0.857,0.439
27/08/2021,111.4,61030010,108.01,111.78,107.8,0.397,0.458,0.397,0.458
30/08/2021,111.32,56130470,112.61,114.4899,111.26,0.994,0.734,0.994,0.734
31/08/2021,110.72,49338960,111.26,111.26,109.0343,0.946,0.746,0.946,0.746
01/09/2021,109.99,38579560,111.3,111.85,109.85,0.74,0.775,0.74,0.775
02/09/2021,109.2,40108760,110.32,110.88,108.77,0.997,0.795,0.997,0.795
03/09/2021,109.92,42623780,108.85,111.17,108.5,0.812,0.855,0.812,0.855
07/09/2021,109.15,28815230,109.955,110.58,108.66,0.652,0.852,0.652,0.852
08/09/2021,106.17,43067910,108.88,109.3,105.52,0.996,0.889,0.996,0.889
09/09/2021,106.15,31857870,106.56,107.2953,105.84,0.578,0.829,0.578,0.829
10/09/2021,105.2,32602290,106.99,106.9913,104.98,0.992,0.855,0.992,0.855
13/09/2021,104.8,37767790,105.26,105.28,102.63,0.998,0.838,0.998,0.838
14/09/2021,105.73,40629530,105.52,106.82,104.42,0.761,0.804,0.761,0.804
15/09/2021,105.6,37998940,106,106.32,104.03,0.565,0.791,0.565,0.791
16/09/2021,106.22,38150270,104.915,106.75,103.76,0.998,0.792,0.998,0.792
17/09/2021,103.88,44528340,105.555,105.98,103.71,0.748,0.816,0.748,0.816
20/09/2021,101.55,45228410,101.58,102.51,99.51,0.087,0.578,0.087,0.578
21/09/2021,102.82,35481500,102.15,103.4299,101.18,0.254,0.471,0.254,0.471
22/09/2021,104.38,34126280,102.815,104.56,102.21,0.874,0.488,0.874,0.488
23/09/2021,106.15,32816660,104.89,106.86,103.89,0.498,0.478,0.498,0.478
24/09/2021,105.8,26482610,105.185,106.0499,104.68,0.21,0.365,0.21,0.365
27/09/2021,108.16,51944350,105.065,108.44,103.44,0.272,0.253,0.272,0.253
28/09/2021,101.52,74468970,106.835,107.65,101.42,0.517,0.315,0.517,0.315
29/09/2021,100.35,52224720,102.295,102.66,99.81,0.71,0.38,0.71,0.38
30/09/2021,102.9,57636700,102.08,104.44,101.99,0.764,0.364,0.764,0.364
01/10/2021,102.45,41491590,102.6,103,100.64,0.444,0.356,0.444,0.356
04/10/2021,100.34,41967150,101.742,101.85,99.82,0.699,0.47,0.699,0.47
05/10/2021,101.81,31455250,100.92,102.8699,100.6101,0.82,0.514,0.82,0.514
06/10/2021,103.64,39071700,100.445,103.72,100.35,0.982,0.553,0.982,0.553
07/10/2021,106.45,41543110,104.6,107.95,104.46,0.603,0.53,0.603,0.53
08/10/2021,105.06,30623050,106.55,107.28,104.89,0.549,0.545,0.549,0.545
11/10/2021,104.68,31284390,104.62,107.2,104.022,0.195,0.487,0.195,0.487
12/10/2021,105.04,34039910,105.165,106.04,104.34,0.131,0.568,0.131,0.568
13/10/2021,109.16,55631920,106.275,109.88,106.25,0.578,0.551,0.578,0.551
14/10/2021,111.99,46900160,110.5,112.22,109.6301,0.489,0.504,0.489,0.504
15/10/2021,112.12,34203010,112.505,112.835,111.11,0.798,0.478,0.798,0.478
18/10/2021,116.43,47537760,111.9,116.88,111.37,0.441,0.511,0.441,0.511
19/10/2021,116.33,39593940,116.16,117.17,114.47,0.597,0.578,0.597,0.578
20/10/2021,116.39,34244810,116.29,118.3001,115.421,0.536,0.572,0.536,0.572
21/10/2021,119.33,34794950,116.5,119.68,116.26,0.57,0.584,0.57,0.584
22/10/2021,119.82,38992690,120.825,121.56,118.37,0.348,0.519,0.348,0.519
25/10/2021,122.36,47834120,120.515,123.4599,118.6,0.628,0.427,0.628,0.427
26/10/2021,122.93,59458930,122.99,127.2,122.5782,0.543,0.442,0.543,0.442
27/10/2021,122.28,98245320,121.63,128.08,121.05,0.402,0.414,0.402,0.414
28/10/2021,121.16,58002460,122.855,123.5,120.26,0.667,0.433,0.667,0.433
29/10/2021,120.23,43320130,120.95,122.57,119.88,0.818,0.468,0.818,0.468
01/11/2021,125.23,54559780,119.45,125.67,118.1301,0.883,0.705,0.883,0.705
02/11/2021,127.63,53491940,124.98,128.455,124.2,0.941,0.749,0.941,0.749
03/11/2021,130.53,59537820,127.75,130.6,126.7901,0.902,0.801,0.902,0.801
04/11/2021,137.5,84825160,132.01,139,130.77,0.847,0.864,0.847,0.864
05/11/2021,136.34,64920600,139.185,141.22,134.42,0.976,0.908,0.976,0.908
08/11/2021,150.16,141493800,137.7,153.6,137.7,0.858,0.905,0.858,0.905
09/11/2021,148.92,98442600,154.01,155.65,143.89,0.602,0.865,0.602,0.865
10/11/2021,139.87,82989150,143.93,146.3,138.52,0.863,0.854,0.863,0.854
11/11/2021,146.01,67934850,142.955,146.47,140.84,0.839,0.845,0.839,0.845
12/11/2021,147.89,52162140,146.025,148.59,144.25,0.889,0.851,0.889,0.851
15/11/2021,146.49,52271270,148,148.98,142.86,0.816,0.838,0.816,0.838
16/11/2021,152.45,53100810,145.93,153.08,145.34,0.902,0.844,0.902,0.844
17/11/2021,151.34,54527480,151.98,154.6599,149.69,0.704,0.859,0.704,0.859
18/11/2021,155.02,60612730,157.07,158.89,152.56,0.52,0.81,0.52,0.81
19/11/2021,155.41,41668860,155.76,156.92,153.445,0.89,0.817,0.89,0.817
22/11/2021,152.52,58674080,157.14,161.8799,152.39,0.854,0.812,0.854,0.812
23/11/2021,149.92,62852710,150.41,152.66,145.2996,0.927,0.802,0.927,0.802
24/11/2021,157.8,60677060,149.46,157.93,147.19,0.633,0.776,0.633,0.776
26/11/2021,154.81,36245070,155.8,158.1,152.81,0.119,0.706,0.119,0.706
29/11/2021,161.91,57438870,157.5,162.505,156.1,0.393,0.591,0.393,0.591
30/11/2021,158.37,75182550,163.28,164.4599,155.6801,0.845,0.579,0.845,0.579
01/12/2021,149.11,64185120,160.37,160.88,148.92,0.998,0.632,0.998,0.632
02/12/2021,150.68,56161220,147.675,152.53,146.47,0.645,0.581,0.645,0.581
03/12/2021,144.01,65910030,151.645,152.38,140.72,0.869,0.688,0.869,0.688
06/12/2021,139.06,66776490,141.135,141.31,134.2,0.573,0.755,0.573,0.755
07/12/2021,144.85,53359430,143.9,145.76,141.0001,0.877,0.743,0.877,0.743
08/12/2021,145.24,40977480,144.96,147.04,142.7,0.996,0.829,0.996,0.829
09/12/2021,138.1,53019930,145.16,146.69,137.8,0.988,0.849,0.988,0.849
10/12/2021,138.55,42224280,141.29,141.365,135.82,0.624,0.796,0.624,0.796
13/12/2021,133.8,42173960,138.25,139.4,133.415,0.752,0.739,0.752,0.739
14/12/2021,135.6,50754640,131.67,137.24,130.6,0.806,0.729,0.806,0.729
15/12/2021,146.5,72425780,135.11,146.69,133.81,0.432,0.648,0.432,0.648
16/12/2021,138.64,63369550,147,147.93,137.02,0.662,0.602,0.662,0.602
17/12/2021,137.75,55692280,136.3,142.04,136.11,0.997,0.655,0.997,0.655
20/12/2021,135.8,38195400,135.97,138.26,133.52,0.398,0.686,0.398,0.686
21/12/2021,144.25,57785240,138.185,144.5,135.15,0.496,0.649,0.496,0.649
22/12/2021,143.88,46923680,142.65,144.5,140.27,0.349,0.584,0.349,0.584
23/12/2021,146.14,48653790,143.89,149.018,143.85,0.876,0.647,0.876,0.647
27/12/2021,154.36,53296380,147.51,154.89,147.25,0.679,0.65,0.679,0.65
28/12/2021,153.15,58699070,155.88,156.73,151.38,0.785,0.654,0.785,0.654
29/12/2021,148.26,51300210,152.82,154.3399,147.29,0.611,0.685,0.611,0.685
30/12/2021,145.15,44358000,147.44,148.85,144.85,0.502,0.686,0.502,0.686
31/12/2021,143.9,49448140,146.16,148.61,143.55,0.586,0.72,0.586,0.72
03/01/2022,150.24,59477670,145.135,151.65,145.02,0.643,0.574,0.643,0.574
04/01/2022,144.42,80200460,151.01,152.42,140.7,0.678,0.559,0.678,0.559
05/01/2022,136.15,65403170,142.815,143.76,135.29,0.752,0.579,0.752,0.579
06/01/2022,136.23,64802940,136.19,138,131.77,0.716,0.609,0.716,0.609
07/01/2022,132,58441100,136.28,137.44,131.13,0.76,0.634,0.76,0.634
10/01/2022,132,84671340,129.08,132.42,125.03,0.35,0.491,0.35,0.491
11/01/2022,137.31,77153910,133.45,138.99,131.59,0.542,0.477,0.542,0.477
12/01/2022,137.47,69669600,138.585,140.57,135.77,0.836,0.5,0.836,0.5
13/01/2022,132.74,76618060,139.44,141.25,131.81,0.711,0.494,0.711,0.494
14/01/2022,136.88,71078440,131.68,137,131.43,0.777,0.502,0.777,0.502
18/01/2022,131.93,56589460,134.5,136.3893,131.59,0.91,0.696,0.91,0.696
19/01/2022,128.27,69831850,133.55,134.57,128.02,0.929,0.779,0.929,0.779
20/01/2022,121.89,91157290,126.04,128.51,121.41,0.482,0.771,0.482,0.771
21/01/2022,118.81,95685270,120.14,125.02,118.39,0.624,0.74,0.624,0.74
24/01/2022,116.53,116301800,115.4,116.77,107.5,0.787,0.783,0.787,0.783
25/01/2022,111.13,85102910,114.1,114.82,109.86,0.704,0.777,0.704,0.777
26/01/2022,110.71,94752610,114.55,117.16,108.63,0.604,0.733,0.604,0.733
27/01/2022,102.6,125954100,111.96,112.75,101.94,0.773,0.711,0.773,0.711
28/01/2022,105.24,98749520,101.55,105.4,99.35,0.92,0.773,0.92,0.773
31/01/2022,114.25,97205990,107.93,114.31,106.9,0.672,0.704,0.672,0.704
01/02/2022,116.78,122467900,116.75,117.26,112.73,0.586,0.687,0.586,0.687
02/02/2022,122.76,180065000,129.89,130.06,120.64,0.689,0.699,0.689,0.699
03/02/2022,120.08,103599500,120.32,125.37,118.816,0.864,0.712,0.864,0.712
04/02/2022,123.6,86212010,120.34,124.96,118.58,0.82,0.698,0.82,0.698
07/02/2022,123.67,81672500,123.56,127.63,122.785,0.911,0.792,0.911,0.792
08/02/2022,128.23,84902750,122.38,128.705,122.05,0.928,0.828,0.928,0.828
09/02/2022,132.85,92948860,129.6,132.96,127.65,0.77,0.854,0.77,0.854
10/02/2022,125.77,108939900,128.84,131.7589,124.61,0.564,0.837,0.564,0.837
11/02/2022,113.18,164723200,126.14,127.1699,111.81,0.454,0.778,0.454,0.778
14/02/2022,114.27,135146400,115.51,118.37,113.46,0.584,0.527,0.584,0.527
15/02/2022,121.47,144139700,117.19,121.88,114.36,0.763,0.504,0.763,0.504
16/02/2022,117.69,119109600,119.05,119.54,114.22,0.976,0.533,0.976,0.533
17/02/2022,112.37,98179640,116.26,116.98,112.26,0.869,0.577,0.869,0.577
18/02/2022,113.83,114321200,113.9,115.635,109.89,0.836,0.631,0.836,0.631
22/02/2022,115.65,141648500,115.27,119.2,113.61,0.852,0.899,0.852,0.899
23/02/2022,109.76,120299400,117.4,118.65,109.04,0.688,0.889,0.688,0.889
24/02/2022,116.61,142956600,104.56,116.96,104.26,0.82,0.866,0.82,0.866
25/02/2022,121.06,127821000,117.16,121.23,116.0421,0.56,0.822,0.56,0.822
28/02/2022,123.34,124666100,120.31,124.61,119.2,0.179,0.675,0.179,0.675
01/03/2022,113.83,126552200,122.33,122.43,112.8,0.172,0.557,0.172,0.557
02/03/2022,118.28,118354500,115.47,119.48,113.31,0.486,0.504,0.486,0.504
03/03/2022,111.98,123916700,118.13,118.26,111.05,0.629,0.496,0.629,0.496
04/03/2022,108.41,100671300,112,113,106.81,0.646,0.471,0.646,0.471
07/03/2022,102.95,92599970,108.53,109.53,102.82,0.803,0.482,0.803,0.482
08/03/2022,105.53,135348300,102.81,109.9,100.08,0.811,0.572,0.811,0.572
09/03/2022,111.05,102310300,108.41,111.71,106.85,0.934,0.681,0.934,0.681
10/03/2022,106.46,102557400,108.89,109.07,103.07,0.94,0.746,0.94,0.746
11/03/2022,104.29,87584430,108.13,108.19,104.08,0.999,0.799,0.999,0.799
14/03/2022,102.25,89731680,102.99,105.2397,101.04,0.712,0.809,0.712,0.809
15/03/2022,109.33,112425500,102.66,109.69,101.79,0.686,0.791,0.686,0.791
16/03/2022,115.37,113689800,111.6,115.42,109.89,0.996,0.8,0.996,0.8
17/03/2022,111.69,103201700,112.14,114.27,109.71,0.827,0.784,0.827,0.784
18/03/2022,113.46,105834800,111.28,114.93,110.55,0.611,0.729,0.611,0.729
21/03/2022,115.92,101905900,113.73,117.57,112.54,0.857,0.794,0.857,0.794
22/03/2022,114.78,101672600,115.43,117.95,113.81,0.992,0.834,0.992,0.834
23/03/2022,113.92,90579150,114.29,117.55,112.21,0.811,0.852,0.811,0.852
24/03/2022,120.53,121961300,114.96,120.55,113.71,0.87,0.834,0.87,0.834
25/03/2022,119.67,95852380,119.915,121.4,117.2533,0.78,0.827,0.78,0.827
28/03/2022,120.24,92966150,117.7,120.41,116.71,0.899,0.729,0.899,0.729
29/03/2022,123.23,94143030,122.28,123.71,119.59,0.999,0.75,0.999,0.75
30/03/2022,119.22,99476950,123.04,125.67,118.59,0.792,0.721,0.792,0.721
31/03/2022,109.34,147004800,116.31,116.38,109.02,0.489,0.675,0.489,0.675
01/04/2022,108.19,111867100,110.48,111.42,106.102,0.464,0.617,0.464,0.617
04/04/2022,110.53,90220030,109.97,110.9391,107.03,0.663,0.714,0.663,0.714
05/04/2022,106.82,79531960,109.685,110.48,106.05,0.777,0.697,0.777,0.697
06/04/2022,103.67,105256600,104.45,105.744,101.7106,0.734,0.659,0.734,0.659
07/04/2022,103.72,91895530,103.92,105.24,100.91,0.593,0.63,0.593,0.63
08/04/2022,101,92746660,102.51,102.99,100.4205,0.53,0.636,0.53,0.636
11/04/2022,97.37,95527660,98.6,98.67,95.94,0.542,0.598,0.542,0.598
12/04/2022,95.1,89246450,98.78,99.59,94.6,0.246,0.523,0.246,0.523
13/04/2022,97.74,77728420,95.3,98.33,94.71,0.831,0.536,0.831,0.536
14/04/2022,93.06,73354370,98.37,98.39,92.92,0.707,0.553,0.707,0.553
18/04/2022,93.89,80605750,92.03,95.16,91.64,0.846,0.598,0.846,0.598
19/04/2022,96.93,77069500,93.385,97.07,92.84,0.925,0.728,0.925,0.728
20/04/2022,94.02,62489050,97.84,97.91,93.2,0.755,0.693,0.755,0.693
21/04/2022,89.85,76680640,95.16,96.23,89.24,0.621,0.704,0.621,0.704
22/04/2022,88.14,75017650,90.03,91.46,87.935,0.512,0.742,0.512,0.742
25/04/2022,90.69,93481040,89.86,91.37,88.61,0.64,0.715,0.64,0.715
26/04/2022,85.16,89127400,89.74,90.12,85.08,0.282,0.654,0.282,0.654
27/04/2022,84.91,83125050,84.25,87.9,84.02,0.434,0.596,0.434,0.596
28/04/2022,89.64,91495450,86.67,90.58,84.78,0.494,0.534,0.494,0.534
29/04/2022,85.52,82647700,88.05,91.79,85.38,0.752,0.534,0.752,0.534
02/05/2022,89.84,98304090,85.655,90.37,85.3201,0.428,0.624,0.428,0.624
03/05/2022,91.13,126381800,89.85,92.21,89.01,0.783,0.696,0.783,0.696
04/05/2022,99.42,225394100,98.18,99.69,91.7,0.446,0.698,0.446,0.698
05/05/2022,93.87,153129800,97.65,97.84,92.17,0.802,0.742,0.802,0.742
06/05/2022,95.34,144286600,94.34,98.18,92.65,0.736,0.739,0.736,0.739
09/05/2022,86.36,144523700,92.865,93.74,85.38,0.775,0.679,0.775,0.679
10/05/2022,88.73,137235500,89.18,90.7721,85.41,0.802,0.681,0.802,0.681
11/05/2022,87.92,136137900,87.84,93.46,86.53,0.793,0.731,0.793,0.731
12/05/2022,87.06,129214200,86.6,88.55,83.27,0.638,0.708,0.638,0.708
13/05/2022,95.12,138068100,88.3,96.57,88.22,0.916,0.733,0.916,0.733
16/05/2022,94.24,131065700,93.86,98.169,93.0801,0.849,0.825,0.849,0.825
17/05/2022,102.47,164227200,97.88,103.2,97.54,0.717,0.816,0.717,0.816
18/05/2022,96.28,142603200,100,104.22,95.71,0.547,0.78,0.547,0.78
19/05/2022,96.67,141506200,96.69,100.69,95.09,0.839,0.786,0.839,0.786
20/05/2022,93.5,164126800,98.385,98.64,88.26,0.959,0.832,0.959,0.832
23/05/2022,95.07,128773000,91.66,95.19,90.92,0.821,0.667,0.821,0.667
24/05/2022,91.16,123341400,92.54,93.42,89.62,0.829,0.664,0.829,0.664
25/05/2022,92.65,111771100,90.425,93.89,89.52,0.426,0.622,0.426,0.622
26/05/2022,98.75,128792700,91.34,100.33,90.74,0.866,0.668,0.866,0.668
27/05/2022,102.26,104348400,100.14,102.4,99.38,0.704,0.649,0.704,0.649
31/05/2022,101.86,125102900,102.43,104.55,100.04,0.962,0.662,0.962,0.662
01/06/2022,101.22,99351390,102.13,103.57,99.55,0.817,0.718,0.817,0.718
02/06/2022,108.59,120953800,100.78,109.5,100.78,0.955,0.731,0.955,0.731
03/06/2022,106.3,110844700,105.8,109.39,104.65,0.849,0.752,0.849,0.752
06/06/2022,105.65,96726890,108.27,109.57,104.225,0.703,0.745,0.703,0.745
07/06/2022,105.28,79022850,104.24,106.24,102.61,0.734,0.713,0.734,0.713
08/06/2022,101.9,97641870,104.57,105.848,100.41,0.476,0.664,0.476,0.664
09/06/2022,98.8,95298980,101.57,103.94,98.74,0.589,0.612,0.589,0.612
10/06/2022,94.82,102212200,98.82,99.928,94.25,0.549,0.569,0.549,0.569
13/06/2022,86.99,98148810,91.26,92.03,86.64,0.849,0.641,0.849,0.641
14/06/2022,86.99,84066570,87.41,88.3,85.8201,0.885,0.667,0.885,0.667
15/06/2022,89.3,95774810,87.9,90.86,86.19,0.992,0.704,0.992,0.704
16/06/2022,82.05,102433300,86.63,86.73,80.64,0.399,0.693,0.399,0.693
17/06/2022,81.57,105212300,82.19,82.94,79.43,0.47,0.676,0.47,0.676
21/06/2022,83.79,87780570,84.17,85.81,82.6,0.841,0.796,0.841,0.796
22/06/2022,83.75,86634720,84.4,86.375,83.3001,0.871,0.794,0.871,0.794
23/06/2022,82.43,100614600,84.315,84.41,80.2251,0.819,0.769,0.819,0.769
24/06/2022,87.08,88553890,83.56,87.53,83.0801,0.662,0.807,0.662,0.807
27/06/2022,86.16,74663490,87.355,88.22,85.25,0.725,0.714,0.725,0.714
28/06/2022,80.78,95752530,85.71,86.73,80.43,0.339,0.642,0.339,0.642
29/06/2022,77.99,104140900,79.55,79.75,76.51,-0.081,0.506,-0.081,0.506
30/06/2022,76.47,105368600,77.73,78.91,75.48,0.304,0.433,0.304,0.433
01/07/2022,73.67,87734240,75.185,75.45,72.69,-0.15,0.317,-0.15,0.317
05/07/2022,75.2,95685750,71.98,75.21,71.6,0.287,0.294,0.287,0.294
06/07/2022,75.35,85458860,75.17,76.28,73.55,0.798,0.42,0.798,0.42
07/07/2022,79.3,83640950,77.195,79.99,76.9,0.541,0.454,0.541,0.454
08/07/2022,79.35,83405930,78.31,80.47,77.4,0.372,0.528,0.372,0.528
11/07/2022,76.95,76247540,77.845,78.29,75.8417,0.167,0.462,0.167,0.462
12/07/2022,76.36,77873210,76.98,77.44,74.43,0.412,0.429,0.412,0.429
13/07/2022,77.52,79354980,74.94,79.11,74.48,0.131,0.407,0.131,0.407
14/07/2022,78.6,83493650,78.23,79.25,76,0.829,0.411,0.829,0.411
15/07/2022,81.11,76050600,79.36,81.2,77.9,-0.063,0.325,-0.063,0.325
18/07/2022,81.43,90464330,82.21,84.47,80.94,0.996,0.321,0.996,0.321
19/07/2022,85.88,85047510,82.76,86.41,82.19,0.661,0.391,0.661,0.391
20/07/2022,89.43,88348560,85.39,89.9198,85.08,0.762,0.441,0.762,0.441
21/07/2022,91.09,90449340,89.6,91.58,88.22,0.692,0.522,0.692,0.522
22/07/2022,88.1,76989700,90.2,90.69,87.04,0.488,0.473,0.488,0.473
25/07/2022,87.54,70083010,86.57,87.6,85.12,0.682,0.72,0.682,0.72
26/07/2022,85.25,69180370,87,87.749,84.71,0.798,0.691,0.798,0.691
27/07/2022,89.82,78301560,86.94,90.62,86.29,0.583,0.68,0.583,0.68
28/07/2022,91.67,79009190,90.415,92.22,88.5909,0.822,0.689,0.822,0.689
29/07/2022,94.47,76630710,90.7,94.81,90.56,0.348,0.64,0.348,0.64
01/08/2022,96.78,96477500,95.59,98.39,93.96,0.6,0.561,0.6,0.561
02/08/2022,99.29,116734100,95.71,100.915,95.36,0.384,0.502,0.384,0.502
03/08/2022,98.09,131142000,94.83,98.7693,93.62,0.387,0.474,0.387,0.474
04/08/2022,103.91,125855800,97.5,104.59,97.26,0.907,0.486,0.907,0.486
05/08/2022,102.31,93859880,101.05,103.86,100.98,-0.356,0.386,-0.356,0.386
08/08/2022,100.07,92692590,100.06,101.8,97.99,0.55,0.395,0.55,0.395
09/08/2022,95.54,89473660,97.95,98.0461,93.67,0.264,0.378,0.264,0.378
10/08/2022,99.05,83416120,98.45,99.35,95.61,0.361,0.374,0.361,0.374
11/08/2022,98.12,77516860,99.93,102.37,98,0.728,0.349,0.728,0.349
12/08/2022,100.83,72316350,99.2,101.4,98.48,0.683,0.497,0.683,0.497
15/08/2022,101.01,61327140,100.505,101.85,99.8002,0.873,0.506,0.873,0.506
16/08/2022,100.2,60220670,100.84,101.45,98.3201,0.672,0.565,0.672,0.565
17/08/2022,98.27,63735580,99.26,99.64,96.725,0.636,0.604,0.636,0.604
18/08/2022,100.44,76059520,97.74,101.07,96.7342,0.2,0.528,0.2,0.528
19/08/2022,95.95,67221690,98.67,99.245,94.59,0.362,0.483,0.362,0.483
22/08/2022,92.84,61837280,94.4,95.02,92.36,0.933,0.488,0.933,0.488
23/08/2022,92.49,52590670,92.39,94.44,92.11,0.555,0.471,0.555,0.471
24/08/2022,92.73,56520430,92.21,93.38,90.9,0.68,0.478,0.68,0.478
25/08/2022,97.18,61016200,93.14,97.57,93.14,0.8,0.563,0.8,0.563
26/08/2022,91.18,65552540,96.29,97.5999,91.12,0.294,0.554,0.294,0.554
29/08/2022,88.49,61142540,90.05,91.19,88.26,0.961,0.404,0.961,0.404
30/08/2022,86.94,69087120,90.055,90.15,85.34,0.483,0.393,0.483,0.393
31/08/2022,84.87,64991720,86.28,86.72,83.72,0.611,0.383,0.611,0.383
01/09/2022,82.33,94854710,82.345,82.755,78.52,0.276,0.309,0.276,0.309
02/09/2022,80.24,84924450,83.315,83.65,79.805,0.52,0.341,0.52,0.341
06/09/2022,78.72,68727300,80.41,80.89,78.3724,0.743,0.606,0.743,0.606
07/09/2022,79.61,67891170,79.24,80.25,77.74,-0.705,0.368,-0.705,0.368
08/09/2022,82.78,89089300,80.03,83.45,79.24,0.412,0.358,0.412,0.358
09/09/2022,85.45,68936920,84.03,85.68,83.84,0.536,0.347,0.536,0.347
12/09/2022,84.64,71922540,84.89,85.3488,83.46,0.589,0.457,0.589,0.457
13/09/2022,77.03,80921220,80.955,81.47,76.8,0.397,0.422,0.397,0.422
14/09/2022,77.45,71483000,77.1,78.08,75.87,0.505,0.388,0.505,0.388
15/09/2022,76.66,81817970,76.64,77.97,74.905,0.711,0.59,0.711,0.59
16/09/2022,76.51,75300180,75.62,76.82,74.68,0.41,0.59,0.41,0.59
19/09/2022,76.77,64966910,75.39,77.34,75.35,0.964,0.438,0.964,0.438
20/09/2022,75.25,51129080,76.08,76.58,74.7312,0.73,0.458,0.73,0.458
21/09/2022,74.48,82069700,75.435,78.41,74.45,0.996,0.544,0.996,0.544
22/09/2022,69.5,101436900,73.89,74.29,69.17,0.998,0.614,0.998,0.614
23/09/2022,67.96,87689950,68,69.0801,66.8216,0.993,0.654,0.993,0.654
26/09/2022,66.3,82898690,67.87,68.74,66.25,0.983,0.854,0.983,0.854
27/09/2022,67.17,94871790,67.9,68.78,66,0.653,0.843,0.653,0.843
28/09/2022,68.36,72389460,67.11,68.7979,66.56,0.89,0.828,0.89,0.828
29/09/2022,64.14,102552400,67.15,67.2,62.8301,0.616,0.773,0.616,0.773
30/09/2022,63.36,81664130,63.615,65.91,63.34,0.188,0.658,0.188,0.658
03/10/2022,66.11,83841630,64.46,66.91,63.39,0.628,0.71,0.628,0.71
04/10/2022,67.9,77160480,68.27,69.18,67.33,0.747,0.723,0.747,0.723
05/10/2022,67.94,87127380,66.59,68.69,64.515,0.583,0.68,0.583,0.68
06/10/2022,67.85,98325920,67.82,70.29,67.661,0.094,0.605,0.094,0.605
07/10/2022,58.44,163786300,64.01,64.03,58.22,-0.052,0.571,-0.052,0.571
10/10/2022,57.81,112241800,57.31,58.79,56.3,0.268,0.226,0.268,0.226
11/10/2022,57.63,114054800,57.21,58.915,56.05,0.008,0.121,0.008,0.121
12/10/2022,57.85,89264180,57.45,58.32,56.32,0.47,0.104,0.47,0.104
13/10/2022,58.94,131159800,55.52,60.14,54.57,0.23,0.124,0.23,0.124
14/10/2022,55.94,96959300,59.6,59.94,55.835,0.397,0.188,0.397,0.188
17/10/2022,57.96,76977600,57.35,58.51,57.1,0.096,0.275,0.096,0.275
18/10/2022,57.92,103064500,59.91,60.49,56.4,0.595,0.359,0.595,0.359
19/10/2022,57.23,75704840,57.325,59.0376,56.57,0.285,0.333,0.285,0.333
20/10/2022,57.77,79552600,57.47,60.2,57.4,0.669,0.395,0.669,0.395
21/10/2022,58.82,95366370,57.215,58.91,55.71,0.475,0.407,0.475,0.407
24/10/2022,58.7,76305380,58.57,59,56.66,0.762,0.484,0.762,0.484
25/10/2022,61.47,85501880,58.765,61.975,58.69,0.656,0.564,0.656,0.564
26/10/2022,59.73,79915890,59.69,61.77,59.15,0.691,0.578,0.691,0.578
27/10/2022,58.6,83871440,61.6,62.72,58.51,0.36,0.589,0.36,0.589
28/10/2022,62.01,78198610,59.1,62.35,58.92,0.366,0.546,0.366,0.546
31/10/2022,60.06,73274140,60.75,61.86,59.525,0.474,0.614,0.474,0.614
01/11/2022,59.66,83806670,61.485,61.99,59.425,0.337,0.553,0.337,0.553
02/11/2022,58.63,142669400,63,63.93,58.57,0.595,0.544,0.595,0.544
03/11/2022,60.11,95279890,58.11,62.28,58.03,0.52,0.52,0.52,0.52
04/11/2022,62.19,84791350,62.5,63,60.53,0.205,0.498,0.205,0.498
07/11/2022,63.08,62722500,62.93,63.53,61.4,0.687,0.48,0.687,0.48
08/11/2022,63.85,75938050,64.09,64.96,62.3678,0.547,0.51,0.547,0.51
09/11/2022,59.92,62940340,62.28,63.05,59.8,0.619,0.514,0.619,0.514
10/11/2022,68.47,107996300,64.3,68.8,63.62,0.843,0.56,0.843,0.56
11/11/2022,72.37,111709500,69.58,73.32,68.29,0.571,0.612,0.571,0.612
14/11/2022,73.53,108892800,75.22,75.25,72.67,0.504,0.637,0.504,0.637
15/11/2022,76.37,108946300,77.26,79.16,75.39,0.917,0.67,0.917,0.67
16/11/2022,72.7,79968000,73.655,74.8268,71.925,0.534,0.668,0.534,0.668
17/11/2022,73.9,82320830,70.56,74.38,70.16,0.81,0.695,0.81,0.695
18/11/2022,73.57,73223210,75.07,75.3499,72.18,0.949,0.71,0.949,0.71
21/11/2022,72.46,51536350,72.21,72.98,71.57,0.788,0.846,0.788,0.846
23/11/2022,76.4,81623630,75.49,78.22,75.3,0.63,0.805,0.63,0.805
25/11/2022,75.14,26018910,75.67,76.0393,74.7495,0.998,0.898,0.998,0.898
28/11/2022,73.19,45448320,73.81,75.4699,72.57,0.637,0.772,0.637,0.772
29/11/2022,73.39,51846450,73.62,74.4899,72.78,0.675,0.726,0.675,0.726
30/11/2022,77.63,88468440,73.38,77.7,72.8131,0.851,0.735,0.851,0.735
01/12/2022,77.48,59833350,78.31,79.23,76.44,0.894,0.772,0.894,0.772
02/12/2022,74.98,64377180,75.05,76.28,73.65,0.645,0.722,0.645,0.722
05/12/2022,73.62,47022190,74.54,75.17,72.82,0.869,0.75,0.869,0.75
06/12/2022,70.27,64965240,73.08,73.3911,69.4,0.897,0.788,0.897,0.788
07/12/2022,70.14,59180110,69.53,71.37,69.28,0.676,0.788,0.676,0.788
08/12/2022,70.47,56734100,70.14,71.225,69,0.772,0.776,0.772,0.776
09/12/2022,68.59,59058320,69.49,70.67,68.52,0.402,0.706,0.402,0.706
12/12/2022,70.67,60968340,68.54,70.67,67.53,0.397,0.529,0.397,0.529
13/12/2022,71.65,72458040,74.87,75.21,70.66,0.694,0.5,0.694,0.5
14/12/2022,68.93,67277980,70.93,72,68.32,0.304,0.447,0.304,0.447
15/12/2022,66.53,58557050,67.604,68.21,66.12,0.922,0.469,0.922,0.469
16/12/2022,65.41,62438570,66.25,67.19,64.8,0.89,0.538,0.89,0.538
19/12/2022,64.59,46246910,65.12,65.59,63.71,0.709,0.662,0.709,0.662
20/12/2022,65.05,52431260,63.76,66.06,63.52,0.482,0.632,0.482,0.632
21/12/2022,67.68,44167580,65.43,67.845,65.21,0.467,0.655,0.467,0.655
22/12/2022,63.86,73917670,66.08,66.31,62.2601,0.272,0.563,0.272,0.563
23/12/2022,64.52,45923000,63.11,64.66,62.72,0.239,0.47,0.239,0.47
27/12/2022,63.27,36085980,63.87,64.28,62.97,0.421,0.497,0.421,0.497
28/12/2022,62.57,39526480,62.54,63.54,61.96,0.479,0.497,0.479,0.497
30/12/2022,64.77,37126980,63.77,64.82,63.1437,0.896,0.558,0.896,0.558
03/01/2023,64.02,46851840,65.998,66.88,63.59,0.742,0.542,0.742,0.542
04/01/2023,64.66,47477140,65,65.79,63.31,0.533,0.533,0.533,0.533
05/01/2023,62.33,46159550,64.15,64.35,62.3,0.924,0.605,0.924,0.605
06/01/2023,63.96,70161340,63.145,64.3,60.05,0.402,0.594,0.402,0.594
09/01/2023,67.24,69741260,66.22,69.32,65.67,0.255,0.49,0.255,0.49
10/01/2023,68.05,41149630,66.67,68.15,66.56,0.618,0.473,0.618,0.473
11/01/2023,69.06,44470060,68.39,69.13,67.2201,0.602,0.483,0.602,0.483
12/01/2023,70.8,70066160,70.07,71.65,67.18,0.216,0.381,0.216,0.381
13/01/2023,71,45757360,69.84,71.1,69.23,0.329,0.371,0.329,0.371
17/01/2023,71.59,42621340,70.87,72.66,70.653,0.688,0.596,0.688,0.596
18/01/2023,70.53,39538730,71.87,72.78,70.5,0.729,0.614,0.729,0.614
19/01/2023,67.71,47189850,68.975,69.2536,67.265,0.665,0.678,0.665,0.678
20/01/2023,70.07,47757590,68.01,70.13,67.45,0.662,0.725,0.662,0.725
23/01/2023,76.53,84293200,72.225,76.59,71.54,0.642,0.72,0.642,0.72
24/01/2023,74.7,60822610,73.75,75.6412,73.42,0.639,0.713,0.639,0.713
25/01/2023,74.91,49932600,72.9,75.12,72.09,0.497,0.68,0.497,0.68
26/01/2023,75.16,49583950,76.5,77.0798,74.28,0.607,0.672,0.607,0.672
27/01/2023,75.4,58118610,73.7,76.74,73.49,-0.059,0.569,-0.059,0.569
30/01/2023,72.45,48105240,74.23,74.64,72.4,0.128,0.466,0.128,0.466
31/01/2023,75.15,71669110,72.26,75.2,72.03,0.356,0.426,0.356,0.426
01/02/2023,84.64,152548200,78.47,85.48,77.88,0.338,0.403,0.338,0.403
02/02/2023,88.31,97762090,84.29,88.9388,83.2,0.291,0.358,0.291,0.358
03/02/2023,86.09,66557820,86.655,88.8014,85.83,0.342,0.415,0.342,0.415
06/02/2023,83.68,53008890,84.63,86.28,83.224,0.544,0.359,0.544,0.359
07/02/2023,85.91,65291910,84.32,86.25,82.52,0.557,0.388,0.557,0.388
08/02/2023,84.69,54140450,85.88,88,84.54,0.531,0.415,0.531,0.415
09/02/2023,83.21,46525400,85.88,86.67,82.76,0.348,0.423,0.348,0.423
10/02/2023,81.48,49332600,82.29,82.71,80.47,0.66,0.469,0.66,0.469
13/02/2023,83.13,45400010,81.57,84.15,80.9,0.266,0.524,0.266,0.524
14/02/2023,85.95,55979650,82.7,86.185,81.7672,0.809,0.56,0.809,0.56
15/02/2023,85.18,46483150,85.1,85.89,83.32,0.432,0.546,0.432,0.546
16/02/2023,80.08,57755170,82.98,83.35,80.05,0.73,0.6,0.73,0.6
17/02/2023,78.5,47826600,79.6,79.6498,77.37,0.825,0.624,0.825,0.624
21/02/2023,76.77,44045640,77.15,78.455,76.45,1,0.743,1,0.743
22/02/2023,76.61,50286800,76.93,78.1299,75.9201,0.573,0.71,0.573,0.71
23/02/2023,79.75,76391340,80.63,81.79,77.965,0.531,0.724,0.531,0.724
24/02/2023,78.09,46700010,77.75,78.81,76.94,1,0.762,1,0.762
27/02/2023,78.77,45617300,79.64,80.12,78.53,0.513,0.783,0.513,0.783
28/02/2023,78.58,44220140,77.872,80.14,77.42,0.644,0.742,0.644,0.742
01/03/2023,78.29,44265980,78.55,80.2869,77.8813,0.887,0.725,0.887,0.725
02/03/2023,80.44,60185880,77.57,80.92,76.65,0.481,0.712,0.481,0.712
03/03/2023,81.52,54536220,80.4,81.63,79.34,0.594,0.721,0.594,0.721
06/03/2023,81.16,54541280,82.03,83.2986,81.04,0.618,0.667,0.618,0.667
07/03/2023,82.11,70959010,81.07,84.85,80.665,0.444,0.657,0.444,0.657
08/03/2023,85.37,69529840,82.79,85.77,82.28,0.236,0.599,0.236,0.599
09/03/2023,84.03,79496690,85.29,87.81,83.59,0.551,0.551,0.551,0.551
10/03/2023,82.67,70273560,84.47,85.45,81.63,0.734,0.587,0.734,0.587
13/03/2023,82.01,65269120,81.39,83.83,78.515,0.768,0.622,0.768,0.622
14/03/2023,87.45,66616320,83.67,88.3,83.59,0.916,0.664,0.916,0.664
15/03/2023,89.68,86177420,86.77,90.42,86.215,0.479,0.669,0.479,0.669
16/03/2023,96.6,115980600,89.72,96.69,89.02,0.263,0.673,0.263,0.673
17/03/2023,97.84,94080840,96.66,98.75,95.9364,0.568,0.675,0.568,0.675
20/03/2023,96.81,92008950,96.3,96.94,92.9,0.598,0.595,0.598,0.595
21/03/2023,95.93,85285330,97,99.4646,93.64,0.331,0.512,0.331,0.512
22/03/2023,97.58,110816300,95.65,101.7,95.64,0.45,0.508,0.45,0.508
23/03/2023,100.28,84088900,100.05,102.43,98.671,0.266,0.508,0.266,0.508
24/03/2023,97.95,64743700,99.18,99.52,96.74,0.843,0.547,0.843,0.547
27/03/2023,96.61,57461350,98.02,98.93,95.425,0.94,0.547,0.94,0.547
28/03/2023,94.56,59150100,96.77,96.94,92.87,0.958,0.599,0.958,0.599
29/03/2023,96.09,55325970,96.07,96.91,94.87,0.903,0.68,0.903,0.68
30/03/2023,97.88,59678530,98,99.53,97.25,0.616,0.704,0.616,0.704
31/03/2023,98.01,55861070,96.34,98.36,95.27,0.586,0.75,0.586,0.75
03/04/2023,96.56,50655330,96.695,96.79,94.81,0.776,0.825,0.776,0.825
04/04/2023,95.87,43195880,97.038,97.27,95.21,0.961,0.828,0.961,0.828
05/04/2023,92.56,52979280,94.35,94.5,91.36,0.817,0.808,0.817,0.808
06/04/2023,92.47,47778380,91.47,92.9148,90.62,0.998,0.822,0.998,0.822
10/04/2023,95.48,52536320,91.32,95.795,91.02,0.528,0.822,0.528,0.822
12/04/2023,92.33,53383120,94.97,95,91.74,0.608,0.798,0.608,0.798
13/04/2023,92.09,40572480,92.79,93.16,91.83,0.619,0.749,0.619,0.749
14/04/2023,91.75,38734790,91.82,92.97,90.5,0.884,0.759,0.884,0.759
17/04/2023,89.87,47250780,90.23,90.69,88.3,0.849,0.774,0.849,0.774
18/04/2023,89.78,46246290,91.61,92.16,89.33,0.979,0.775,0.979,0.775
19/04/2023,89.94,37344500,88.51,90.54,88.22,0.35,0.75,0.35,0.75
20/04/2023,90.11,47082680,88.825,91.5795,88.73,0.422,0.723,0.422,0.723
21/04/2023,88.43,41118260,89.8,89.8,88.055,0.428,0.696,0.428,0.696
25/04/2023,83.8,52771480,86.9,87.06,83.76,0.596,0.619,0.596,0.619
26/04/2023,85.94,47786560,86.51,87.35,85.32,0.996,0.64,0.996,0.64
27/04/2023,87.44,53087210,86.41,87.565,84.09,0.948,0.636,0.948,0.636
28/04/2023,89.37,50686050,87.02,89.75,86.44,0.727,0.69,0.727,0.69
01/05/2023,89.69,59358710,91.03,91.04,88.61,0.35,0.72,0.35,0.72
02/05/2023,89.91,70483510,89.32,90.455,88.12,0.25,0.671,0.25,0.671
03/05/2023,81.62,109482200,83.54,85.48,81.02,0.464,0.595,0.464,0.595
04/05/2023,86.61,122840500,81.57,91.64,81.11,0.534,0.536,0.534,0.536
05/05/2023,89.84,78491110,84.99,90.425,84.72,0.486,0.501,0.486,0.501
08/05/2023,95.04,95503220,89.99,95.655,89.17,0.634,0.52,0.634,0.52
09/05/2023,95.06,68674790,94.89,96.16,93.4281,0.604,0.571,0.604,0.571
10/05/2023,97.02,95619500,96.42,99.94,96.12,0.65,0.598,0.65,0.598
11/05/2023,97.1,57061030,98.155,99.19,96.14,0.242,0.556,0.242,0.556
12/05/2023,95.26,53829710,96.83,97.45,93.68,0.378,0.54,0.378,0.54
15/05/2023,97.4,51749210,95.2,97.43,93.45,0.635,0.631,0.635,0.631
16/05/2023,101.48,90622880,97.39,103.28,97.31,0.935,0.679,0.935,0.679
17/05/2023,103.75,75240890,101.79,104.14,100.05,-0.585,0.502,-0.585,0.502
18/05/2023,107.93,74338720,103.98,108.1,103.93,0.796,0.581,0.796,0.581
19/05/2023,105.82,67880220,106.36,107.29,104.6201,0.654,0.621,0.654,0.621
22/05/2023,108,65424230,104.68,108.79,103.4923,0.294,0.521,0.294,0.521
23/05/2023,108.12,73099110,107.25,110.99,107.19,0.543,0.508,0.543,0.508
24/05/2023,108.27,65910460,105.98,108.91,105.64,0.98,0.514,0.98,0.514
25/05/2023,120.35,108514700,117.305,120.69,115.8,0.947,0.733,0.947,0.733
26/05/2023,127.03,92922750,122.46,127.43,120.89,1,0.762,1,0.762
30/05/2023,125.27,98902280,130.415,130.79,123.51,0.828,0.899,0.828,0.899
31/05/2023,118.21,87552220,122.42,123.96,117.86,0.525,0.897,0.525,0.897
01/06/2023,119.47,66032920,117.29,121.28,116.6,0.849,0.878,0.849,0.878
02/06/2023,117.86,52382420,120.75,121.66,117.675,0.637,0.834,0.637,0.834
05/06/2023,117.93,52602860,116.59,119.32,116.42,0.97,0.691,0.97,0.691
06/06/2023,124.23,75257500,117.91,124.42,117.74,0.466,0.64,0.466,0.64
07/06/2023,117.83,81755150,124.025,125.34,117.07,0.546,0.643,0.546,0.643
08/06/2023,121.05,65246930,118.295,122.21,117.05,0.852,0.643,0.852,0.643
09/06/2023,124.92,75105040,123.57,127.25,123.55,0.816,0.669,0.816,0.669
12/06/2023,129.19,85673080,128.52,130.48,126.4,0.873,0.682,0.873,0.682
13/06/2023,124.53,132461900,132.32,132.83,122.45,0.818,0.66,0.818,0.66
14/06/2023,127.33,95888120,126.525,127.725,123.81,0.582,0.677,0.582,0.677
15/06/2023,124.24,85587120,125.39,125.7,122.26,0.727,0.703,0.727,0.703
16/06/2023,120.08,82007080,125.82,125.85,119.9,0.578,0.663,0.578,0.663
20/06/2023,118.93,58851780,119.085,121.75,117.7,0.655,0.747,0.655,0.747
21/06/2023,112.11,82835620,118.485,119.1888,111.67,0.772,0.733,0.772,0.733
22/06/2023,110.7,70754780,112.24,114,109.85,0.818,0.733,0.818,0.733
26/06/2023,107.51,68556980,110.95,112.55,107.2,0.297,0.665,0.297,0.665
27/06/2023,110.39,59381650,108.565,110.97,107.08,0.968,0.721,0.968,0.721
28/06/2023,110.17,67534130,108.21,111.78,107.63,0.423,0.639,0.423,0.639
29/06/2023,111.24,58347170,112.065,112.7599,109.84,0.852,0.667,0.852,0.667
30/06/2023,113.91,53378770,113.03,114.69,112.41,0.885,0.683,0.885,0.683
03/07/2023,115.82,31780660,115.16,116.73,114.51,0.603,0.676,0.603,0.676
05/07/2023,113.95,49501580,116.1,117.662,113.855,0.803,0.749,0.803,0.749
06/07/2023,113.48,42411840,112.07,113.79,110.31,0.629,0.7,0.629,0.7
10/07/2023,113.58,49330200,113,113.61,109.88,0.775,0.664,0.775,0.664
11/07/2023,111.32,59899540,111.66,113.27,109.5,0.901,0.691,0.901,0.691
12/07/2023,114.58,57993090,112.89,115.3999,112.3101,0.865,0.729,0.865,0.729
13/07/2023,115.92,49206700,115.76,116.16,113.575,0.913,0.744,0.913,0.744
14/07/2023,115.94,91927200,116.17,122.12,115.25,0.461,0.72,0.461,0.72
17/07/2023,118.32,68593290,115.95,118.8399,112.73,0.647,0.734,0.647,0.734
18/07/2023,117.93,57980080,117.55,118.43,115.192,0.982,0.763,0.982,0.763
19/07/2023,116.43,70363050,121.3,121.6699,115.55,0.908,0.764,0.908,0.764
20/07/2023,110.25,76340400,114.96,115.05,109.24,0.711,0.742,0.711,0.742
21/07/2023,110.95,76815380,110.97,112.3,109.54,0.77,0.722,0.77,0.722
24/07/2023,110.61,45638000,110.617,111.31,108.55,0.869,0.78,0.869,0.78
25/07/2023,113,44916260,111.14,114.05,111,0.7,0.787,0.7,0.787
26/07/2023,110.09,51721690,111.91,112.36,109.3,0.723,0.75,0.723,0.75
27/07/2023,111.1,70677970,111.79,115.08,110.51,0.912,0.751,0.912,0.751
28/07/2023,112.96,55525970,113.38,114.86,112.44,0.645,0.741,0.645,0.741
31/07/2023,114.4,54187290,114.16,114.68,112.35,0.601,0.702,0.601,0.702
01/08/2023,117.6,97284730,114.26,118.19,113.16,0.571,0.66,0.571,0.66
02/08/2023,109.35,173372000,119.49,119.5,107.38,0.562,0.64,0.562,0.64
03/08/2023,113.15,90811560,108.95,114.96,108.95,0.623,0.626,0.623,0.626
04/08/2023,115.82,83169690,114.48,118.85,113.96,0.618,0.584,0.618,0.584
08/08/2023,113.23,54141830,114.94,115.46,111.41,0.618,0.687,0.618,0.687
09/08/2023,110.47,56257070,112.89,113.15,108.78,1,0.749,1,0.749
14/08/2023,111.98,57421820,106.75,111.99,105.42,0.678,0.816,0.678,0.816
15/08/2023,111.35,53816570,111.99,113.18,110.17,0.813,0.844,0.813,0.844
16/08/2023,107.19,54327300,110.0863,110.4388,106.98,0.841,0.846,0.841,0.846
17/08/2023,104.44,59064280,107.62,107.85,104.1,0.782,0.815,0.782,0.815
18/08/2023,105.45,59916680,102.4,106.07,101.68,0.559,0.807,0.559,0.807
21/08/2023,108.22,49319240,106.2,108.54,105.67,0.978,0.549,0.978,0.549
22/08/2023,105.66,47335090,109.4,109.72,104.85,0.705,0.553,0.705,0.553
23/08/2023,109.43,54656330,105.65,110.08,105,0.816,0.554,0.816,0.554
24/08/2023,101.8,109179100,111.06,111.64,100.871,0.656,0.527,0.656,0.527
25/08/2023,102.25,74793090,101.165,104.12,99.58,0.739,0.521,0.739,0.521
28/08/2023,102.61,55386800,103.47,104.07,100.8944,0.662,0.781,0.662,0.781
29/08/2023,105.92,50850290,102.11,106.57,101.79,0.007,0.681,0.007,0.681
30/08/2023,106.59,54847350,105.402,107.67,104.5,0.831,0.683,0.831,0.683
31/08/2023,105.72,58918970,106.19,108.06,104.86,0.379,0.643,0.379,0.643
01/09/2023,109.45,54856150,107,110.06,106.61,0.893,0.665,0.893,0.665
05/09/2023,110.78,66042190,109,111.82,106.3,0.589,0.614,0.589,0.614
07/09/2023,106.59,49080150,106.14,107.69,105.09,0.848,0.735,0.848,0.735
08/09/2023,106.09,46271560,107.02,109.737,105.75,0.662,0.71,0.662,0.71
11/09/2023,105.32,50611290,107.315,107.51,103,0.787,0.625,0.787,0.625
12/09/2023,105.31,44413570,104.2,106.74,103.18,0.902,0.637,0.902,0.637
13/09/2023,107.71,44702250,105.1,108.74,104.83,0.399,0.61,0.399,0.61
14/09/2023,106.63,45920610,108.43,109.1494,106.2212,0.7,0.589,0.7,0.589
15/09/2023,101.49,71103620,106.07,106.76,101.28,0.717,0.597,0.717,0.597
18/09/2023,102.37,49061310,100.815,102.99,99.45,0.531,0.661,0.531,0.661
19/09/2023,101.61,41704110,101.75,102.8582,100.7,0.901,0.661,0.901,0.661
20/09/2023,100.34,55180580,102.36,103.94,100.28,0.548,0.682,0.548,0.682
22/09/2023,96.2,52169400,96.92,98.42,95.61,0.606,0.668,0.606,0.668
25/09/2023,97.38,43223750,95.95,97.45,94.46,0.672,0.588,0.672,0.588
26/09/2023,95.96,42866460,96.5,97.83,95.27,0.75,0.619,0.75,0.619
27/09/2023,98.07,51261500,96.82,99.23,96.35,0.676,0.587,0.676,0.587
28/09/2023,102.76,72542060,97.94,104.2,97.76,0.716,0.611,0.716,0.611
29/09/2023,102.82,56078640,104.69,104.94,102.56,0.334,0.572,0.334,0.572
02/10/2023,103.27,45118570,102.21,103.71,101.7,0.755,0.649,0.755,0.649
03/10/2023,100.08,48116980,101.796,103.29,99.17,0.375,0.596,0.375,0.596
04/10/2023,104.07,51023250,100.65,104.4,100.34,0.753,0.607,0.753,0.607
05/10/2023,102.91,51789730,103.405,103.74,100.27,0.544,0.582,0.544,0.582
06/10/2023,107.24,64864080,102.16,107.87,102.03,0.437,0.597,0.437,0.597
09/10/2023,106.97,39593190,106.01,107.31,104.79,0.608,0.591,0.608,0.591
10/10/2023,109.01,57105530,107.49,110.12,106.4,0.622,0.572,0.622,0.572
11/10/2023,108.31,51085640,109.14,110.1,106.93,0.572,0.6,0.572,0.6
12/10/2023,108.79,60959430,108.4,111.31,107.5101,0.618,0.581,0.618,0.581
13/10/2023,105.09,52925930,108.65,108.97,104.75,0.384,0.558,0.384,0.558
16/10/2023,106.46,42464510,105.42,107.48,105.03,0.62,0.519,0.62,0.519
17/10/2023,105.14,49642110,103.54,106.29,101.6601,0.483,0.499,0.483,0.499
18/10/2023,102.17,50449950,103.38,104.78,101.74,0.547,0.495,0.547,0.495
19/10/2023,102.4,52734200,103.81,105.6,101.84,0.909,0.537,0.909,0.537
20/10/2023,101.81,61317930,102.28,104.34,101.44,0.714,0.584,0.714,0.584
23/10/2023,100.01,50817440,100.812,102.42,99.315,0.916,0.664,0.916,0.664
24/10/2023,101.67,51982920,100.97,101.7899,99.38,0.723,0.702,0.723,0.702
25/10/2023,96.055,53424480,100.42,101.03,95.23,0.24,0.647,0.24,0.647
26/10/2023,93.67,49896360,95.99,97.52,93.115,0.399,0.635,0.399,0.635
27/10/2023,96.43,52458650,95.8,97.35,94.59,0.822,0.675,0.822,0.675
30/10/2023,96.18,43716640,96.14,97.04,94.7,0.723,0.612,0.723,0.612
31/10/2023,98.5,79547130,96.235,98.8188,94.07,0.592,0.565,0.592,0.565
01/11/2023,108.04,138641500,98.58,108.15,98.5,0.343,0.511,0.343,0.511
02/11/2023,107.83,71376950,107.96,109.405,105.91,0.765,0.586,0.765,0.586
03/11/2023,112.25,65632200,109.05,113.39,107.86,0.449,0.593,0.449,0.593
06/11/2023,111.75,49270370,112.6,113.08,110.22,0.936,0.665,0.936,0.665
07/11/2023,113.45,50550150,111.86,114.65,111.22,0.569,0.661,0.569,0.661
08/11/2023,113.59,41880610,113.55,115.3166,112.88,0.6,0.698,0.6,0.698
09/11/2023,113.49,61146860,114.095,115.81,113.06,0.533,0.665,0.533,0.665
10/11/2023,118.59,75204070,114.35,119.7,114.03,0.771,0.711,0.771,0.711
13/11/2023,116.79,46741890,118.34,118.68,116,0.622,0.64,0.622,0.64
14/11/2023,119.88,61017450,119.7,122.11,119.22,0.832,0.678,0.832,0.678
15/11/2023,118,59555590,120.54,120.59,116.8701,0.771,0.702,0.771,0.702
16/11/2023,119.83,49661870,117.2,120.726,116.41,0.847,0.747,0.847,0.747
17/11/2023,120.62,38538700,119.64,121.49,118.82,0.684,0.734,0.684,0.734
20/11/2023,121.53,43173930,120.7,121.93,120.07,0.887,0.774,0.887,0.774
21/11/2023,119.16,41064750,120.54,120.65,117.94,0.739,0.761,0.739,0.761
22/11/2023,122.51,56894490,120,124.7623,119.9516,0.605,0.737,0.605,0.737
24/11/2023,122.31,19001010,122.03,123.25,121.54,0.594,0.701,0.594,0.701
27/11/2023,122.65,32743010,122.07,123.89,121.772,0.629,0.693,0.629,0.693
28/11/2023,122.01,32047060,121.98,122.54,120.79,0.362,0.617,0.362,0.617
29/11/2023,123.85,37876320,123.98,125.725,123.48,0.632,0.635,0.632,0.635
30/11/2023,121.16,44494210,123.61,124.05,119.65,0.504,0.581,0.504,0.581
01/12/2023,121.39,37048000,119.88,121.4001,118.645,0.531,0.551,0.531,0.551
04/12/2023,118.57,39854420,119.75,119.9,116.37,0.512,0.501,0.512,0.501
05/12/2023,118.38,39191570,117.43,118.49,116.45,0.655,0.543,0.655,0.543
06/12/2023,116.82,60599030,120.69,122.8313,116.38,0.499,0.524,0.499,0.524
07/12/2023,128.37,118579100,120.785,128.68,119.56,0.581,0.535,0.581,0.535
08/12/2023,128.92,89341010,129.54,131,126.89,0.521,0.533,0.521,0.533
11/12/2023,134.41,98668280,130.56,135.04,128.25,0.777,0.628,0.777,0.628
12/12/2023,137.61,111677800,132.25,139.89,131.9,0.664,0.629,0.664,0.629
13/12/2023,138.19,70651600,137.97,139.24,136.0303,0.781,0.669,0.781,0.669
14/12/2023,138,76115170,138.89,141.82,135.725,0.715,0.688,0.715,0.688
15/12/2023,139.15,70211800,139.52,140.89,137.25,0.748,0.721,0.748,0.721
18/12/2023,138.9,45199450,139.15,139.79,137.65,0.935,0.772,0.935,0.772
19/12/2023,140.15,63739780,138.57,143.47,138.555,0.834,0.78,0.834,0.78
20/12/2023,135.47,54671720,139,139.58,135.37,0.7,0.786,0.7,0.786
21/12/2023,139.91,47179360,138.14,139.98,137.38,0.831,0.793,0.831,0.793
22/12/2023,139.6,35396580,140.48,140.7,138.31,0.773,0.801,0.773,0.801
26/12/2023,143.41,47157430,140.07,143.85,139.92,0.591,0.794,0.591,0.794
27/12/2023,146.07,49033420,144.72,146.25,143.18,0.96,0.831,0.96,0.831
28/12/2023,148.76,63800680,146.8,150.41,145.9506,0.799,0.827,0.799,0.827
29/12/2023,147.41,62079190,149.5,151.05,147.2,0.88,0.842,0.88,0.842
02/01/2024,138.58,64902030,144.28,144.4,137.43,0.624,0.821,0.624,0.821
03/01/2024,135.32,61988580,135.71,137.43,133.7413,0.736,0.789,0.736,0.789
04/01/2024,136.01,58610290,134.3,137.7,134,0.639,0.766,0.639,0.766
05/01/2024,138.58,69657680,136.78,141.01,136.4377,0.782,0.752,0.782,0.752
08/01/2024,146.18,71756910,140.36,147.15,140.15,0.784,0.704,0.784,0.704
09/01/2024,149.26,67875670,145.95,149.86,145.08,0.806,0.73,0.806,0.73
10/01/2024,148.54,56951240,150.07,150.88,146.65,0.671,0.72,0.671,0.72
11/01/2024,148.02,62764600,148.52,150.38,143.69,0.75,0.736,0.75,0.736
12/01/2024,146.56,48293090,148.04,148.75,145,1,0.767,1,0.767
16/01/2024,158.74,112711400,150.36,159.715,149.98,0.853,0.826,0.853,0.826
17/01/2024,160.17,104085000,158.45,160.64,154.4,0.598,0.815,0.598,0.815
18/01/2024,162.67,131864900,166.2,168.6,158.22,0.669,0.804,0.669,0.804
19/01/2024,174.23,140367900,165.8,174.25,162.2,0.76,0.77,0.76,0.77
22/01/2024,168.18,122973800,174.39,174.72,164.15,0.721,0.754,0.721,0.754
23/01/2024,168.42,76830460,166.5,169.6299,164.27,0.84,0.752,0.84,0.752
24/01/2024,178.29,125516400,172.55,180.58,170.56,0.726,0.77,0.726,0.77
25/01/2024,180.33,127171400,183.41,184.92,177.63,0.75,0.782,0.75,0.782
26/01/2024,177.25,107381200,175.29,181.23,174.15,0.708,0.774,0.708,0.774
29/01/2024,177.83,89384450,178.77,178.885,174.4,0.704,0.708,0.704,0.708
30/01/2024,172.06,122265700,176.13,178.48,169.52,0.448,0.652,0.448,0.652
31/01/2024,167.69,133157300,165.74,171.3,162.5602,0.532,0.624,0.532,0.624
01/02/2024,170.48,91576690,169.27,171.14,165.86,0.772,0.627,0.772,0.627
02/02/2024,177.66,82134270,173.79,179,173.05,0.676,0.623,0.676,0.623
05/02/2024,174.23,76349240,179.09,180.01,171.11,0.611,0.6,0.611,0.6
06/02/2024,167.88,68854130,173.15,173.88,165.5,0.639,0.627,0.639,0.627
07/02/2024,170.94,53665420,169.47,172.97,168.2,0.549,0.63,0.549,0.63
08/02/2024,169.35,43385280,170.33,172.17,168.6,0.87,0.644,0.87,0.644
09/02/2024,172.48,56375710,171,175.1,168.6601,1,0.69,1,0.69
12/02/2024,171.91,58177050,172.68,177.405,170.67,0.572,0.798,0.572,0.798
13/02/2024,171.54,63071310,167.94,173.17,164.3,0.798,0.821,0.798,0.821
14/02/2024,178.7,57402520,173.47,178.74,172.88,0.879,0.868,0.879,0.868
15/02/2024,176.76,51126440,179.14,180.5,175.26,0.88,0.869,0.88,0.869
16/02/2024,173.87,53940340,177.45,180.3301,173.25,0.753,0.834,0.753,0.834
20/02/2024,165.69,66549990,171.14,171.81,162,0.645,0.779,0.645,0.779
21/02/2024,164.29,48774560,162.74,164.9,161.81,0.598,0.739,0.598,0.739
22/02/2024,181.86,100684700,173.2,183.83,172,0.754,0.721,0.754,0.721
23/02/2024,176.52,69207370,181.86,183.8,174.55,0.578,0.696,0.578,0.696
26/02/2024,176.01,45435090,178.78,179.84,174.81,0.518,0.696,0.518,0.696
27/02/2024,178,43665240,175.92,178.46,172.49,0.504,0.676,0.504,0.676
28/02/2024,176.54,35914410,176.25,176.84,173.59,0.799,0.704,0.799,0.704
29/02/2024,192.53,105538500,179.82,193,179.82,0.677,0.693,0.677,0.693
01/03/2024,202.64,103820800,197.91,202.72,195.42,0.614,0.699,0.614,0.699
04/03/2024,205.36,86835340,205.16,211.01,203.5,0.501,0.668,0.501,0.668
05/03/2024,205.13,65407110,200.5,205.33,199.15,0.726,0.699,0.726,0.699
06/03/2024,210.63,86686990,210.43,214.8109,207.32,0.324,0.631,0.324,0.631
07/03/2024,211.38,63869040,212.52,213.83,208.22,0.989,0.676,0.989,0.676
08/03/2024,207.39,120815200,213.41,227.3,205.6,1,0.731,1,0.731
11/03/2024,198.39,73098620,203.01,203.55,196.701,0.839,0.801,0.839,0.801
12/03/2024,202.76,68951660,200.52,202.8499,194.27,0.566,0.778,0.566,0.778
13/03/2024,194.79,70526880,198.73,198.83,192.7001,0.729,0.836,0.729,0.836
14/03/2024,187.06,84490530,192.92,196.93,184.03,0.998,0.837,0.998,0.837
15/03/2024,191.06,95289510,184.83,193.7999,184.48,0.754,0.802,0.754,0.802
18/03/2024,190.65,59306870,193.285,193.5,188.05,0.641,0.705,0.641,0.705
19/03/2024,181.42,83509460,183.16,185.6127,177.3602,0.618,0.712,0.618,0.712
20/03/2024,179.73,81773110,182.03,182.68,174,0.754,0.716,0.754,0.716
21/03/2024,178.68,75265600,185.97,187.69,177.66,0.526,0.648,0.526,0.648
22/03/2024,179.65,57899070,177.21,180.76,175.05,0.716,0.643,0.716,0.643
25/03/2024,178.63,71935310,172.9,182.8,172,0.698,0.711,0.698,0.711
26/03/2024,177.87,65322450,179.54,182.5983,176.33,0.852,0.745,0.852,0.745
27/03/2024,179.59,55685650,179.96,181.23,175.4,0.76,0.745,0.76,0.745
28/03/2024,180.49,57628610,179.47,183.4,178.3,0.736,0.775,0.736,0.775
01/04/2024,183.34,74299910,180.1,187.24,179.9,0.998,0.698,0.998,0.698
02/04/2024,178.7,61598820,179.47,180.1,174.83,0.571,0.679,0.571,0.679
03/04/2024,180.77,49835060,177.54,182.05,176.7,0.265,0.596,0.265,0.596
04/04/2024,165.83,88279960,182.92,183.02,165.65,0.824,0.605,0.824,0.605
05/04/2024,170.42,66080260,168.1,172.69,165.58,0.331,0.547,0.331,0.547
08/04/2024,169.9,43997550,168.2,171.6599,166.82,0.682,0.644,0.682,0.644
09/04/2024,170.78,42927990,170.21,171.6,167.29,0.645,0.593,0.645,0.593
10/04/2024,167.14,59599960,166.71,169.7752,164,0.735,0.617,0.735,0.617
11/04/2024,170.5,48994530,167.545,170.9499,166.5492,0.561,0.659,0.561,0.659
12/04/2024,163.28,63519640,164.53,165.7,161.825,0.32,0.587,0.32,0.587
15/04/2024,160.32,61461150,164.43,164.44,158.76,0.814,0.655,0.814,0.655
16/04/2024,163.46,55302100,162.28,164.8799,161.67,0.747,0.664,0.747,0.664
17/04/2024,154.02,75908970,163.97,164.45,153.88,0.772,0.682,0.772,0.682
18/04/2024,155.08,52669820,155.51,156.96,152.32,0.427,0.638,0.427,0.638
19/04/2024,146.64,71618200,151.59,154.25,145.29,0.535,0.635,0.535,0.635
22/04/2024,148.64,49397030,148.15,149.89,145.63,0.759,0.7,0.759,0.7
23/04/2024,152.27,46051910,151.65,153.495,150.35,0.486,0.663,0.486,0.663
24/04/2024,151.74,43412550,156.56,157.6598,150.63,0.747,0.659,0.747,0.659
25/04/2024,153.76,41471420,149.15,155.14,146.75,0.88,0.724,0.88,0.724
26/04/2024,157.4,42510710,154.24,158.63,153.4252,0.673,0.744,0.673,0.744
29/04/2024,160.2,43478220,159.08,160.77,156.26,1,0.711,1,0.711
30/04/2024,158.38,60742830,160.63,162.29,158.35,0.468,0.708,0.468,0.708
01/05/2024,144.27,89413170,148.11,151.37,142.14,0.632,0.692,0.632,0.692
02/05/2024,146.16,50034730,145.51,147.62,141.155,0.87,0.69,0.87,0.69
03/05/2024,150.6,49361080,148.75,150.79,147.2384,0.425,0.655,0.425,0.655
06/05/2024,155.78,44624550,153.1,156.65,151.26,0.519,0.646,0.519,0.646
07/05/2024,154.43,37374910,156.32,157.7,153.66,0.476,0.572,0.476,0.572
08/05/2024,153.62,28727960,153.4,155.33,152.52,0.632,0.595,0.632,0.595
09/05/2024,152.39,33017960,153.13,154.092,150.61,0.613,0.592,0.613,0.592
10/05/2024,151.92,37652770,154.287,156.37,151.31,0.631,0.558,0.631,0.558
13/05/2024,150.56,27859180,151.28,153.33,150.4,0.789,0.708,0.789,0.708
14/05/2024,153.16,31938280,150.43,153.4879,148.78,0.726,0.744,0.726,0.744
15/05/2024,159.67,43195900,155.588,159.69,154.7,0.612,0.741,0.612,0.741
16/05/2024,162.62,76726730,160.92,168.06,159.9,0.68,0.751,0.68,0.751
17/05/2024,164.47,65944360,168.43,169.72,162.32,0.781,0.772,0.781,0.772
20/05/2024,166.33,45618040,165.55,168.49,164.47,0.281,0.629,0.281,0.629
21/05/2024,164.66,30005480,164,165.83,163.1,0.779,0.636,0.779,0.636
22/05/2024,165.52,47426720,167.41,169.8148,163.86,0.836,0.668,0.836,0.668
23/05/2024,160.43,91888840,170.18,173.14,158.27,0.703,0.672,0.703,0.672
24/05/2024,166.36,54868650,161.412,167.66,160.25,0.842,0.68,0.842,0.68
28/05/2024,171.61,66495410,169.42,174.55,164.96,0.689,0.775,0.689,0.775
29/05/2024,165.14,56537500,167.46,168.48,162.91,0.678,0.752,0.678,0.752
30/05/2024,166.75,46479930,167.9,168.7469,163.8,0.77,0.762,0.77,0.762
31/05/2024,166.9,64331950,166.65,169.5,160.07,0.659,0.736,0.659,0.736
03/06/2024,163.55,59157590,170.82,171.08,160.9101,0.79,0.703,0.79,0.703
04/06/2024,159.99,48157210,162.84,164.83,158.8729,0.589,0.689,0.589,0.689
05/06/2024,166.17,60507490,162.07,167.12,161.38,0.74,0.698,0.74,0.698
06/06/2024,166.78,47153680,165.46,169.51,163.86,0.726,0.691,0.726,0.691
07/06/2024,167.87,44796000,166.59,169.45,165.86,0.858,0.72,0.858,0.72
10/06/2024,160.34,67575630,162.48,165.55,159.61,0.667,0.773,0.667,0.773
11/06/2024,158.96,40497090,160.5,161.54,156.92,0.756,0.797,0.756,0.797
12/06/2024,160.24,48325810,160.32,162.24,158.62,0.865,0.815,0.865,0.815
13/06/2024,159.9,44442510,160.4,162.66,157.31,0.801,0.826,0.801,0.826
14/06/2024,159.63,34054020,158.5,161.3399,157.61,0.921,0.835,0.921,0.835
17/06/2024,158.4,44507740,158,159.23,154.135,0.699,0.807,0.699,0.807
18/06/2024,154.63,51852030,156.99,157.24,153.34,0.491,0.769,0.491,0.769
20/06/2024,161.78,93245730,155.825,166.82,155.5,0.844,0.747,0.844,0.747
21/06/2024,161.23,61334700,161.75,163.2,157.89,0.744,0.721,0.744,0.721
24/06/2024,160.25,45954050,159.75,163.4,158.19,0.849,0.719,0.849,0.719
25/06/2024,160.25,40975280,160.73,161,156.45,0.79,0.762,0.79,0.762
26/06/2024,157.54,36973440,160.6,160.74,156,0.895,0.795,0.895,0.795
27/06/2024,159.47,34018220,157.18,160.61,156.81,0.585,0.758,0.585,0.758
28/06/2024,162.21,56204620,160.23,166.45,159.41,0.752,0.759,0.752,0.759
01/07/2024,157.69,50436690,161.25,161.5068,153.64,0.543,0.652,0.543,0.652
02/07/2024,164.31,57838610,157.04,164.58,156.7,0.734,0.644,0.734,0.644
03/07/2024,163.9,26980910,164.2,165.26,162.51,0.998,0.659,0.998,0.659
05/07/2024,171.9,61857050,165.97,174.0396,165.68,0.796,0.692,0.796,0.692
08/07/2024,178.69,60223420,174.9,178.95,173.22,0.879,0.768,0.879,0.768
09/07/2024,177.1,43471170,177.97,180.41,174.7,0.858,0.786,0.858,0.786
10/07/2024,183.96,90246970,179.99,187.28,177.8,0.654,0.737,0.654,0.737
11/07/2024,181.94,59231410,184.07,187.11,177.25,0.712,0.728,0.712,0.728
12/07/2024,181.61,50827370,182.015,186.99,179.69,0.633,0.704,0.633,0.704
15/07/2024,179.83,42202730,184.45,185.5,178.54,0.786,0.803,0.786,0.803
16/07/2024,177.55,40633060,179.69,179.75,174.53,0.466,0.747,0.466,0.747
17/07/2024,159.43,76954200,169.8,169.8,159.37,0.688,0.752,0.688,0.752
18/07/2024,155.77,69420340,163.41,163.41,153.2,0.818,0.767,0.818,0.767
19/07/2024,151.58,47513060,154.86,155.81,150.62,0.819,0.794,0.819,0.794
22/07/2024,155.87,43912460,154.23,156.7,152.545,0.7,0.742,0.7,0.742
23/07/2024,154,31950580,154.95,157.05,153.8,0.847,0.797,0.847,0.797
24/07/2024,144.63,49203120,152.72,153.68,144.53,0.76,0.807,0.76,0.807
25/07/2024,138.32,60578530,144.07,144.75,136.81,0.248,0.725,0.248,0.725
26/07/2024,139.99,49435830,140.32,141.29,138.27,0.733,0.713,0.733,0.713
29/07/2024,139.75,47447190,141.19,144.585,138.75,0.782,0.756,0.782,0.756
30/07/2024,138.44,68801710,139.88,141.7,134.05,0.576,0.718,0.576,0.718
31/07/2024,144.48,114306800,150.73,153.603,140.03,0.582,0.692,0.582,0.692
01/08/2024,132.54,94731930,145,147.29,130.24,0.798,0.771,0.798,0.771
02/08/2024,132.5,78562000,133.5,137.1,131.33,0.06,0.675,0.06,0.675
05/08/2024,134.82,76089360,122.16,139.14,121.825,0.679,0.581,0.679,0.581
06/08/2024,130.18,64455610,135.15,136.44,129.1,0.875,0.624,0.875,0.624
07/08/2024,128.67,54676490,133.75,136.24,128.37,0.623,0.63,0.623,0.63
08/08/2024,136.32,49037450,131.97,136.48,128.94,0.641,0.607,0.641,0.607
09/08/2024,134.27,40582990,134.69,135.5,132.44,0.836,0.718,0.836,0.718
12/08/2024,136.77,39724340,134.44,137.99,133.23,0.654,0.779,0.654,0.779
13/08/2024,141.13,42218020,138.12,141.19,137.52,0.913,0.784,0.913,0.784
14/08/2024,140.75,35506430,143,143.25,137.64,0.635,0.786,0.635,0.786
15/08/2024,147.36,43582390,143,147.96,141.81,0.904,0.824,0.904,0.824
16/08/2024,148.56,31123930,145.7,149.3693,145.2,0.678,0.801,0.678,0.801
19/08/2024,155.28,60766850,148.43,155.365,147.72,0.978,0.823,0.978,0.823
20/08/2024,156.4,76851160,156.49,162.04,154.51,0.731,0.834,0.731,0.834
21/08/2024,157.81,42791250,156.12,158.65,155.07,0.713,0.805,0.713,0.805
22/08/2024,151.7,45737260,158.87,159.84,151.01,0.674,0.811,0.674,0.811
23/08/2024,154.98,43694640,153.6,156.4,151.83,0.683,0.779,0.683,0.779
26/08/2024,149.99,49893260,154.7,158.28,148.9101,0.66,0.711,0.66,0.711
28/08/2024,146.36,34075820,149.4,150.43,144.72,0.811,0.722,0.811,0.722
29/08/2024,145.49,31602110,146.59,149.49,144.47,0.512,0.693,0.512,0.693
30/08/2024,148.56,31169070,147.52,148.99,145.25,0.636,0.688,0.636,0.688
03/09/2024,136.94,42172670,146.41,146.49,136.1,0.712,0.809,0.712,0.809
04/09/2024,140.87,42130650,140.505,143.37,138.51,0.702,0.793,0.702,0.793
05/09/2024,139.44,25023020,138.2,141.71,137.83,0.992,0.862,0.992,0.862
06/09/2024,134.35,39993510,138.7,139.13,132.1101,0.182,0.797,0.182,0.797
09/09/2024,138.15,27194510,136.1,138.445,134.86,0.998,0.797,0.998,0.797
10/09/2024,142.84,37217530,139.06,143.08,137.25,0.984,0.836,0.984,0.836
11/09/2024,149.86,50935390,145.325,150.16,140.71,0.796,0.85,0.796,0.85
12/09/2024,150.77,29286170,148.43,151.54,147.65,0.798,0.822,0.798,0.822
16/09/2024,152.08,27677760,151.7,154.44,150.912,0.868,0.92,0.868,0.92
17/09/2024,150.82,29888990,153.55,154.045,149.225,0.424,0.838,0.424,0.838
18/09/2024,148.29,26320080,150.9,152.82,148.01,0.916,0.826,0.916,0.826
19/09/2024,156.74,44499980,153.81,159.25,152.77,0.94,0.82,0.94,0.82
20/09/2024,155.95,40248200,156,157.45,152.47,0.876,0.831,0.876,0.831
23/09/2024,156.75,21728540,156.445,157.19,154.97,0.988,0.829,0.988,0.829
24/09/2024,158.32,27531200,157.46,159.64,154.58,0.873,0.893,0.873,0.893
25/09/2024,162.02,35233260,158.5,162.95,158.18,0.998,0.905,0.998,0.905
26/09/2024,167.49,38044920,167.055,168.68,164.05,0.992,0.912,0.992,0.912
27/09/2024,164.35,27876040,167.48,168.7286,163.74,0.997,0.93,0.997,0.93
30/09/2024,164.08,21920300,163.1,165.08,162.18,0.997,0.977,0.997,0.977
01/10/2024,159.75,31831860,164.48,165.4,158.08,0.992,0.977,0.992,0.977
02/10/2024,159.78,24630430,159.31,163.1,158.6689,0.989,0.977,0.989,0.977
03/10/2024,162.85,29598790,159.71,166.7894,159.4,0.938,0.986,0.938,0.986
04/10/2024,170.9,44640300,166.533,171.21,164.42,0.894,0.971,0.894,0.971
07/10/2024,170.97,38379930,171.08,172.41,168.21,0.998,0.972,0.998,0.972
08/10/2024,172.8,34730150,171.75,173.6,170,0.734,0.935,0.734,0.935
09/10/2024,171.02,33890740,174.05,174.05,169.55,0.99,0.935,0.99,0.935
10/10/2024,164.18,75113590,169.76,172.01,162,0.807,0.916,0.807,0.916
11/10/2024,167.89,42136180,164.185,169.35,163.0101,0.65,0.881,0.65,0.881
14/10/2024,165.27,31757210,167.77,168.9,165.15,0.847,0.844,0.847,0.844
15/10/2024,156.64,50768020,163.21,164.13,155.74,0.613,0.826,0.613,0.826
16/10/2024,156.13,30575770,158.075,158.28,154.9159,0.644,0.777,0.644,0.777
17/10/2024,156.25,29491850,160,160.44,156.2,0.995,0.804,0.995,0.804
18/10/2024,155.97,23822990,157.41,158.01,155.56,0.679,0.808,0.679,0.808
21/10/2024,157.9,25781210,155.76,158,154.15,0.998,0.81,0.998,0.81
22/10/2024,154.09,34997350,156.6,156.74,151.91,0.477,0.791,0.477,0.791
25/10/2024,156.23,29758490,155.4,158.91,155.05,0.577,0.781,0.577,0.781
29/10/2024,166.25,71896040,161.1,167.5099,158.94,0.446,0.703,0.446,0.703
30/10/2024,148.6,87701670,153.01,153.12,148.1,0.313,0.65,0.313,0.65
01/11/2024,141.86,39027430,144.44,144.54,141.32,0,0.525,0,0.525
04/11/2024,140.71,29117420,141.7,143.64,139.72,0.586,0.343,0.586,0.343
05/11/2024,141.66,27067330,141.94,143.08,140.8,0.999,0.417,0.999,0.417
06/11/2024,145.1,32911500,144.95,145.625,141.52,0.062,0.344,0.062,0.344
07/11/2024,149.82,30326430,146.68,150.12,145.66,-0.136,0.261,-0.136,0.261
08/11/2024,147.95,27560340,149.39,150.71,147.525,0.617,0.304,0.617,0.304
11/11/2024,147.35,29868130,147.38,148.57,144.91,0.148,0.325,0.148,0.325
12/11/2024,143.63,33560290,147,147.45,141.5501,0.517,0.399,0.517,0.399
13/11/2024,139.3,35146650,142.86,144.49,139.07,0.365,0.367,0.365,0.367
20/11/2024,137.6,28843070,138.96,140.77,135.48,0.345,0.274,0.345,0.274
22/11/2024,138.35,21784730,137.35,139.13,137.04,0,0.265,0,0.265
26/11/2024,137.72,32092380,142.55,142.8,136.62,-0.128,0.291,-0.128,0.291
29/11/2024,137.175,16085710,136.24,138.5876,135.78,0.137,0.243,0.137,0.243
02/12/2024,142.06,33102440,137.915,142.82,137.8,0.633,0.281,0.633,0.281
05/12/2024,141.36,29576930,143.68,143.95,140.38,0.45,0.296,0.45,0.296
06/12/2024,138.59,33576840,141.48,142.7852,137.4,0.634,0.386,0.634,0.386
09/12/2024,130.87,57055560,135.71,135.77,130,0.25,0.491,0.25,0.491
10/12/2024,127.74,38907200,131.56,131.56,127.07,-0.296,0.429,-0.296,0.429
12/12/2024,130.6,34267090,130,132.32,129.07,0.333,0.386,0.333,0.386
13/12/2024,126.91,67544740,131.3,131.3,124.77,0.625,0.411,0.625,0.411
16/12/2024,126.69,42090280,126.01,127.76,123.12,0.411,0.351,0.411,0.351
17/12/2024,125.02,43314940,124.45,127.08,123.15,0,0.315,0,0.315
18/12/2024,121.41,49724440,125.43,127.75,120.43,0.237,0.391,0.237,0.391
19/12/2024,118.88,46160670,122.16,123.38,118.45,0.094,0.357,0.094,0.357
20/12/2024,119.21,53591210,118,121.86,117.9,0,0.268,0,0.268
23/12/2024,124.6,47777900,120.71,126.3387,120.47,0.333,0.171,0.333,0.171
24/12/2024,126.29,24829560,127.51,127.51,124.66,0.364,0.165,0.364,0.165
26/12/2024,125.06,25139140,125.52,127.2999,125.05,0.796,0.206,0.796,0.206
27/12/2024,125.19,32924010,124.37,126.18,122.26,0.296,0.234,0.296,0.234
30/12/2024,122.44,30501640,123.562,124.1,122.35,0.735,0.265,0.735,0.265
31/12/2024,120.79,30203430,123.1,123.55,120.138,0.727,0.316,0.727,0.316
02/01/2025,120.63,34256180,122.29,123.14,119.44,0.149,0.331,0.149,0.331
06/01/2025,129.55,48020190,129.07,130.73,127.36,0.651,0.427,0.651,0.427
08/01/2025,121.84,46723140,124.51,125.3,120.1201,0.335,0.37,0.335,0.37
10/01/2025,116.04,59415610,118.18,118.71,114.4501,0.5,0.34,0.5,0.34
13/01/2025,117.32,39128900,115.28,117.48,114.41,0.254,0.471,0.254,0.471
14/01/2025,116.09,37005280,118,118.66,114.5,0.664,0.472,0.664,0.472
15/01/2025,119.96,38185820,117.55,120.42,117.46,0.794,0.538,0.794,0.538
16/01/2025,118.44,29414130,120.24,121.09,118.25,0.674,0.564,0.674,0.564
17/01/2025,121.46,35765920,120.78,122.74,120.55,0.775,0.603,0.775,0.603
21/01/2025,122.28,31578830,122.39,123.75,121.1201,0.727,0.751,0.727,0.751
22/01/2025,123.75,35023840,123.08,125.65,121.912,0.982,0.778,0.982,0.778
23/01/2025,123.04,24921110,121.425,123.71,120.63,0.787,0.794,0.787,0.794
24/01/2025,122.84,31570300,124.55,125.25,122.23,0.144,0.704,0.144,0.704
27/01/2025,115.01,61067890,117.8,118.08,112.8,0.135,0.46,0.135,0.46
28/01/2025,114.17,40554760,115.175,116.15,112.95,0.273,0.396,0.273,0.396
29/01/2025,117.35,40199050,115.77,118.52,114.96,0.244,0.29,0.244,0.29
30/01/2025,118.86,29788380,118.53,120.44,117.09,0.247,0.213,0.247,0.213
31/01/2025,115.95,40533570,119.14,119.565,115.33,0.153,0.214,0.153,0.214
03/02/2025,114.27,34586050,113.875,115.16,112.98,0.14,0.215,0.14,0.215
04/02/2025,119.5,69412090,115.45,119.85,114.79,-0.005,0.176,-0.005,0.176
05/02/2025,112.01,110609300,107.61,112.09,106.5,0.118,0.158,0.118,0.158
06/02/2025,110.16,50426590,110.93,112.56,109.02,0.145,0.143,0.145,0.143
07/02/2025,107.56,46082500,109.13,109.92,106.79,0.286,0.162,0.286,0.162
10/02/2025,110.48,34905360,108.44,111.4,108.15,0.555,0.3,0.555,0.3
11/02/2025,111.1,35033760,108.98,113.07,108.94,0.192,0.328,0.192,0.328
12/02/2025,111.72,25319730,109.52,111.8356,109.0649,0.278,0.351,0.278,0.351
13/02/2025,111.81,40911800,112,114.6,110.4,0.19,0.357,0.19,0.357
14/02/2025,113.1,32477160,112.65,114.63,111.7,0.114,0.333,0.114,0.333
18/02/2025,114.28,31720310,114.05,115.55,113.45,0.433,0.263,0.433,0.263
19/02/2025,114.69,28807710,114.245,116.11,113.14,0.294,0.266,0.294,0.266
20/02/2025,114.17,27219570,115.01,116.55,113.105,0.181,0.264,0.181,0.264
21/02/2025,110.84,41353680,114.845,115.76,110.43,0.94,0.382,0.94,0.382
24/02/2025,108.11,29072210,111.49,111.6,107.98,-0.067,0.322,-0.067,0.322
