Date,Close,Volume,Open,High,Low,avg,7ma,Average Score,7 MA
12/05/2017,48.07,50183880,48.01,48.24,47.92,0.994,0.984,0.994,0.984
28/08/2017,47.3,51529120,47.33,47.65,47.11,1,0.985,1,0.985
05/10/2017,49.04,64401600,48.5,49.08,48.48,0.997,0.987,0.997,0.987
27/11/2017,59.79,134367700,60.13,60.67,59.56,0.996,0.987,0.996,0.987
28/11/2017,59.68,90961280,60.24,60.27,59.43,0.999,0.987,0.999,0.987
01/02/2018,69.5,228450400,70.13,72.95,66.04,0.996,0.997,0.996,0.997
14/03/2018,79.55,66024800,80.05,80.46,79.3,0.983,0.995,0.983,0.995
16/03/2018,78.58,105836960,79.17,79.47,78.38,0.991,0.995,0.991,0.995
04/04/2018,70.53,138849700,67.91,70.77,67.64,0.999,0.994,0.999,0.994
16/04/2018,72.08,55476720,72.25,72.35,71.37,0.997,0.994,0.997,0.994
12/07/2018,89.83,90225480,88.23,89.9,88.11,0.973,0.991,0.973,0.991
30/07/2018,88.96,130854240,91.37,91.48,88.3,0.998,0.991,0.998,0.991
31/07/2018,88.87,114328980,89.32,90.09,86.97,0.997,0.991,0.997,0.991
15/08/2018,94.13,153162160,95.48,95.81,93.49,0.994,0.993,0.994,0.993
27/08/2018,96.38,70929920,95.75,100.99,95.61,0.999,0.994,0.999,0.994
30/10/2018,76.52,247902600,74.31,77.05,73.82,0.996,0.993,0.996,0.993
13/11/2018,81.56,118029980,82.46,83.85,80.69,0.98,0.991,0.98,0.991
07/12/2018,81.46,150178780,85.25,85.95,81.27,0.997,0.994,0.997,0.994
05/02/2019,82.94,88872640,82.17,83.26,82.13,0.982,0.992,0.982,0.992
27/02/2019,82.05,62822920,81.41,82.09,80.76,0.997,0.992,0.997,0.992
11/03/2019,83.53,75945960,81.31,83.61,81.3,0.994,0.992,0.994,0.992
12/03/2019,83.66,71259860,83.45,84.21,83.05,1,0.992,1,0.992
15/04/2019,92.24,74213060,92.1,92.66,91.61,0.995,0.992,0.995,0.992
16/07/2019,100.5,52363960,100.53,101.32,100.06,0.99,0.994,0.99,0.994
06/08/2019,89.39,101405160,89.61,89.69,87.67,0.95,0.987,0.95,0.987
28/08/2019,88.21,48437860,87.75,89.32,84.03,0.998,0.989,0.998,0.989
20/12/2019,89.33,103049200,89.98,90.15,89.12,0.998,0.989,0.998,0.989
27/03/2020,95.01,107757940,96.54,96.99,95,0.99,0.989,0.99,0.989
30/03/2020,98.2,122521740,96.14,98.68,95.62,0.992,0.988,0.992,0.988
09/04/2020,102.14,93112340,102.22,102.65,100.88,0.972,0.984,0.972,0.984
16/04/2020,120.41,240764000,117.3,123.05,116.75,0.998,0.985,0.998,0.985
20/04/2020,119.68,115413880,119.5,122.25,119.3,0.998,0.992,0.998,0.992
22/04/2020,118.17,84365900,118.45,119.7,117.55,0.983,0.99,0.983,0.99
23/04/2020,119.97,101331040,120,121.21,119.1,0.504,0.92,0.504,0.92
24/04/2020,120.51,76635940,120.85,121.02,119.1,0.998,0.921,0.998,0.921
27/04/2020,118.8,112912900,122.16,124.71,121.8,0.866,0.615,0.866,0.615
28/04/2020,115.7,105388920,118.61,118.68,115.3,0.943,0.607,0.943,0.607
04/05/2020,115.8,97318520,112.82,116.35,112.82,0.131,0.486,0.131,0.486
06/05/2020,117.56,62356280,116.47,117.87,116,0.994,0.556,0.994,0.556
07/05/2020,118.38,67928220,118.74,118.8,117.16,1,0.556,1,0.556
12/05/2020,117.85,61498320,120.59,120.95,117.75,0.997,0.562,0.997,0.562
15/05/2020,120.49,84699020,118.43,120.55,117.82,0.984,0.845,0.984,0.845
20/05/2020,124.9,79962860,123.89,125,123.36,0.706,0.8,0.706,0.8
03/06/2020,123.92,53420480,123.4,124.4,121.05,0.995,0.923,0.995,0.923
04/06/2020,123.03,58974200,123.87,125.38,122.5,0.999,0.924,0.999,0.924
05/06/2020,124.15,66128900,122.23,124.43,121.86,0.189,0.808,0.189,0.808
10/06/2020,132.37,98920620,132.25,136.12,131.31,0.926,0.798,0.926,0.798
11/06/2020,127.9,116002140,130.18,133.57,126.81,0.771,0.796,0.771,0.796
15/06/2020,128.63,77466700,126.33,129.2,125.4,0.981,0.835,0.981,0.835
16/06/2020,130.76,71912980,131,132.63,127.79,0.948,0.829,0.948,0.829
17/06/2020,132.05,59186320,132.38,132.75,131.59,0.996,0.828,0.996,0.828
19/06/2020,133.75,115539260,133.9,134.87,132.95,0.995,0.943,0.995,0.943
23/06/2020,138.22,84634140,136.3,139.16,135.9,0.898,0.931,0.898,0.931
24/06/2020,136.72,90532100,139,144.95,135.35,0.995,0.941,0.995,0.941
25/06/2020,137.73,59373140,136.98,137.81,135.61,0.836,0.95,0.836,0.95
29/06/2020,134.02,84468440,134.5,134.84,131.5,0.956,0.946,0.956,0.946
02/07/2020,144.52,131867740,145.6,147.78,143.56,0.992,0.953,0.992,0.953
06/07/2020,152.85,137612840,146.75,152.99,146.5,0.996,0.948,0.996,0.948
07/07/2020,150.01,105150280,152.93,153.48,149.5,0.925,0.952,0.925,0.952
08/07/2020,154.06,100752700,151.13,154.2,150.62,0.867,0.933,0.867,0.933
10/07/2020,160,109719640,159.59,160.75,156.79,0.989,0.955,0.989,0.955
14/07/2020,154.2,144638660,154.45,156.37,147.5,0.994,0.961,0.994,0.961
15/07/2020,150.44,115777480,154.01,154.92,148.66,0.974,0.958,0.974,0.958
16/07/2020,150,127884920,148.55,151.6,145.91,0.996,0.963,0.996,0.963
23/07/2020,149.33,113138120,154.91,154.91,148.5,-0.805,0.706,-0.805,0.706
28/07/2020,150.02,62533020,152.71,153.85,149.79,0.844,0.694,0.844,0.694
29/07/2020,151.68,59481200,151.55,151.96,149.84,0.992,0.712,0.992,0.712
30/07/2020,152.59,122565300,150.7,154.6,150.25,0.999,0.713,0.999,0.713
04/08/2020,156.94,93885880,155.06,158.36,155.06,0.98,0.711,0.98,0.711
06/08/2020,161.25,78812040,159.72,162.37,158.27,0.984,0.713,0.984,0.713
11/08/2020,154.03,74361140,155.66,157.96,153.65,0.998,0.713,0.998,0.713
13/08/2020,158.05,62980860,159.15,160.88,157.75,0.889,0.955,0.889,0.955
18/08/2020,165.62,106919480,160.6,161.05,159.94,0.849,0.956,0.849,0.956
19/08/2020,163.02,83702740,165.15,165.8,162.8,0.96,0.951,0.96,0.951
21/08/2020,164.24,71517240,164.75,165.72,163.77,0.982,0.949,0.982,0.949
24/08/2020,165.37,93325160,165.51,169.02,162.88,0.982,0.949,0.982,0.949
25/08/2020,167.32,79856840,164.75,167.87,163.35,0.992,0.95,0.992,0.95
27/08/2020,170,66316740,170.04,171.6,169.78,1,0.951,1,0.951
28/08/2020,170.09,57939560,171.15,171.67,169.33,0.8,0.938,0.8,0.938
31/08/2020,172.55,83717700,170.45,174.75,170.25,0.991,0.958,0.991,0.958
01/09/2020,174.96,69528140,174.48,175.69,173.35,1,0.964,1,0.964
02/09/2020,176.57,78629520,177.35,177.61,174.33,0.844,0.944,0.844,0.944
03/09/2020,168.4,163222260,174.25,177.04,172.35,0.699,0.904,0.699,0.904
04/09/2020,164.73,175635080,165.9,169.08,155.56,0,0.762,0,0.762
08/09/2020,157.49,121884100,157.2,162.54,156.5,0.871,0.744,0.871,0.744
09/09/2020,163.43,103773500,160.15,165.16,159.25,0.948,0.765,0.948,0.765
11/09/2020,155.81,101879640,160.43,160.87,154.2,0.995,0.765,0.995,0.765
16/09/2020,153.91,90623780,159,159.36,153.71,0.975,0.762,0.975,0.762
17/09/2020,150.44,128981000,150.46,151.47,148.63,0.979,0.781,0.979,0.781
18/09/2020,147.75,177851600,151.59,151.89,145.28,0.943,0.816,0.943,0.816
22/09/2020,156.45,138976320,151.69,156.7,150.01,0.422,0.876,0.422,0.876
23/09/2020,149.99,113053300,156.02,156.35,149.62,0.992,0.893,0.992,0.893
24/09/2020,150.99,110587840,148.89,153.47,148.25,0.892,0.885,0.892,0.885
28/09/2020,158.7,84483300,157.44,158.75,155.86,0.863,0.867,0.863,0.867
29/09/2020,157.24,70067960,158.77,159.41,156.63,0.956,0.864,0.956,0.864
30/09/2020,157.44,97922020,157.06,160.64,156.7,0.656,0.818,0.656,0.818
01/10/2020,161.06,99438440,160.4,161.2,150.61,0.36,0.734,0.36,0.734
08/10/2020,159.53,63482280,161.25,161.66,158.75,1,0.817,1,0.817
09/10/2020,164.33,98157420,160.5,164.45,159.89,1,0.818,1,0.818
12/10/2020,172.15,167283960,167.5,174.81,166.98,0.983,0.831,0.983,0.831
14/10/2020,168.19,116578320,172.35,173.24,167,0.999,0.851,0.999,0.851
16/10/2020,163.64,129487060,168.16,169.98,158,0.995,0.856,0.995,0.856
20/10/2020,160.85,90193560,161.11,163.3,159.6,0.959,0.899,0.959,0.899
23/10/2020,160.22,69333740,159.55,160.27,157,0.951,0.984,0.951,0.984
27/10/2020,164.32,85820940,161.25,164.58,160.57,0.971,0.98,0.971,0.98
28/10/2020,158.14,111766600,162.47,163.2,158.12,0.997,0.979,0.997,0.979
30/10/2020,151.81,167921620,157.89,158.35,150.95,0.981,0.979,0.981,0.979
02/11/2020,150.22,145147000,153.09,153.99,147.51,0.888,0.963,0.888,0.963
05/11/2020,166.1,97458660,165.5,167.53,164.06,1,0.964,1,0.964
06/11/2020,165.57,92946600,165.23,166.1,161.6,0.967,0.965,0.967,0.965
09/11/2020,157.19,143808120,161.55,164.45,155.61,0.995,0.974,0.995,0.974
10/11/2020,151.75,131819120,154.75,155.7,150.97,0.872,0.957,0.872,0.957
11/11/2020,156.87,87338460,153.09,156.96,152.5,0.978,0.956,0.978,0.956
12/11/2020,155.51,87424160,158,158.79,154.3,1,0.972,1,0.972
13/11/2020,156.44,75251740,156.1,157.09,154.27,0.987,0.97,0.987,0.97
16/11/2020,156.55,76173520,154.66,157.14,153.63,0.99,0.974,0.99,0.974
17/11/2020,156.78,68894700,159.18,159.46,156.76,0.998,0.974,0.998,0.974
19/11/2020,155.85,60205400,155.27,156.25,154.05,0.99,0.974,0.99,0.974
23/11/2020,154.92,94177740,155.84,156.99,153.27,0.995,0.993,0.995,0.993
24/11/2020,155.9,72042040,155.03,156.71,154.31,0.977,0.99,0.977,0.99
25/11/2020,159.25,75808060,157.09,159.9,157.01,0.9,0.978,0.9,0.978
01/12/2020,161,90887640,159.43,162.45,157.86,0.994,0.978,0.994,0.978
03/12/2020,159.34,57840780,160.27,161.43,159.07,0.389,0.891,0.389,0.891
04/12/2020,158.13,58272220,159.91,159.91,157.94,0.69,0.848,0.69,0.848
07/12/2020,157.9,55026320,157.82,159.04,157.08,0.714,0.715,0.714,0.715
08/12/2020,158.86,65726060,157.95,159.21,156,0.997,0.729,0.997,0.729
09/12/2020,155.21,82016720,158.39,158.72,154.4,0.586,0.671,0.586,0.671
10/12/2020,155.07,60603720,154.45,157.11,153.8,0.866,0.739,0.866,0.739
11/12/2020,155.82,61293900,154.83,155.93,153.64,0.813,0.757,0.813,0.757
14/12/2020,157.85,83115880,157.15,159.52,156.3,0.978,0.828,0.978,0.828
15/12/2020,158.26,66473720,159.05,159.43,156.52,0.997,0.85,0.997,0.85
16/12/2020,162.05,88552320,158.8,162.35,158.18,0.281,0.788,0.281,0.788
17/12/2020,161.8,69486940,162.5,162.83,159.85,0.92,0.777,0.92,0.777
18/12/2020,160.08,119914260,162.2,162.47,158.58,0.984,0.834,0.984,0.834
21/12/2020,160.31,76736920,160,161.35,158.3,0.93,0.852,0.93,0.852
22/12/2020,160.33,47635620,160.14,161.1,159,0.999,0.855,0.999,0.855
23/12/2020,159.26,41875740,160.25,160.51,159.21,0.783,0.824,0.783,0.824
24/12/2020,158.63,29038340,159.7,160.1,158.45,0.462,0.85,0.462,0.85
28/12/2020,164.2,113735740,159.7,165.2,158.63,0.748,0.828,0.748,0.828
29/12/2020,166.1,97458660,165.5,167.53,164.06,0.33,0.75,0.33,0.75
31/12/2020,162.85,59144120,163.75,164.63,161.91,-0.339,0.569,-0.339,0.569
04/01/2021,159.33,88228980,163.5,165.72,162.36,0.966,0.434,0.966,0.434
05/01/2021,160.93,53110960,158.3,161.17,158.25,0.963,0.506,0.963,0.506
06/01/2021,156.92,87896300,157.32,159.88,156.56,0.508,0.435,0.508,0.435
07/01/2021,158.11,70290900,157.85,160.43,157.75,0.374,0.382,0.374,0.382
08/01/2021,159.14,70754880,159,159.53,157.11,0.914,0.465,0.914,0.465
11/01/2021,155.71,73381900,157.4,157.82,155.5,0.995,0.541,0.995,0.541
12/01/2021,156.04,70291640,156,157.11,154.3,0.282,0.444,0.282,0.444
13/01/2021,158.29,66424880,156.42,159.5,156.1,-0.811,0.255,-0.811,0.255
14/01/2021,156.37,61418380,158.38,158.9,156.03,0.996,0.344,0.996,0.344
15/01/2021,155.21,84879900,156.15,157.13,154.76,0.992,0.355,0.992,0.355
19/01/2021,156.04,66102840,155.35,157.25,154.8,0.808,0.538,0.808,0.538
20/01/2021,163.17,106196700,159.1,163.99,158.75,0.997,0.64,0.997,0.64
21/01/2021,165.35,98901020,164.65,167.43,164.48,0.214,0.787,0.214,0.787
22/01/2021,164.61,56438280,165.22,166.1,164.16,0.757,0.752,0.757,0.752
25/01/2021,164.7,74995160,166.43,168.19,162.16,0.254,0.582,0.254,0.582
26/01/2021,166.31,59104700,164.82,166.9,163.7,0.787,0.623,0.787,0.623
27/01/2021,161.63,93203160,167.07,167.33,160.35,0.948,0.643,0.948,0.643
28/01/2021,161.88,62984560,161.75,165.08,161.43,0.994,0.643,0.994,0.643
29/01/2021,160.31,85871120,161.5,166.35,160.7,0.784,0.724,0.784,0.724
01/02/2021,167.14,83204240,162.12,167.51,161.75,0.997,0.766,0.997,0.766
02/02/2021,169,141972740,169,170.34,167.78,0.916,0.784,0.916,0.784
03/02/2021,165.63,141775620,171.25,171.7,165.43,0.748,0.756,0.748,0.756
04/02/2021,166.55,73413220,166.5,167.35,163.89,0.782,0.726,0.782,0.726
05/02/2021,167.61,72416160,165.95,168.85,165.14,0.779,0.725,0.779,0.725
08/02/2021,166.15,65147820,167.93,168.25,165.2,0.864,0.753,0.864,0.753
09/02/2021,165.25,44070520,165.62,166.9,163.7,0.997,0.753,0.997,0.753
10/02/2021,164.33,63031000,165.7,165.9,162.7,0.972,0.761,0.972,0.761
11/02/2021,163.11,46028340,164.6,164.6,162.4,0.951,0.79,0.951,0.79
12/02/2021,163.89,46706780,162.5,162.83,159.85,0.509,0.751,0.509,0.751
16/02/2021,163.45,51494420,162.7,165.42,162.68,0.666,0.785,0.666,0.785
17/02/2021,165.43,66041980,163.18,166.05,162.98,0.698,0.746,0.698,0.746
18/02/2021,166.41,60672140,164.12,166.9,163.7,0.712,0.712,0.712,0.712
19/02/2021,162.5,86103680,166.41,166.68,162.29,0.597,0.724,0.597,0.724
22/02/2021,159.04,70313580,160.41,161.62,158.61,0.79,0.65,0.79,0.65
23/02/2021,159.73,93544440,156.35,160.24,154.68,0.66,0.65,0.66,0.65
24/02/2021,157.98,60225500,158.34,158.56,156.27,0.848,0.671,0.848,0.671
25/02/2021,152.86,90676020,156.84,158.91,152.39,0.588,0.653,0.588,0.653
26/02/2021,154.65,85518600,154.76,156.12,151.84,0.442,0.631,0.442,0.631
01/03/2021,157.31,54679260,156.39,157.48,154.9,0.903,0.739,0.903,0.739
02/03/2021,154.73,51915240,157.17,158.18,154.36,0.967,0.783,0.967,0.783
03/03/2021,150.25,79774500,154.06,155.39,149.75,0.65,0.755,0.65,0.755
04/03/2021,148.88,109631560,150.6,152.91,147.27,0.745,0.777,0.745,0.777
05/03/2021,150.02,107771020,150.25,150.45,144.05,0.682,0.812,0.682,0.812
08/03/2021,147.6,83700160,150.75,153.23,147.57,0.748,0.756,0.748,0.756
09/03/2021,153.14,80600640,150.9,154.55,150.26,0.531,0.693,0.531,0.693
10/03/2021,152.88,60249780,154.92,155.82,151.5,0.585,0.684,0.585,0.684
11/03/2021,155.68,55527820,155.2,156.59,154.15,0.828,0.696,0.828,0.696
12/03/2021,154.47,48437760,153.75,154.95,152.28,0.857,0.721,0.857,0.721
15/03/2021,154.08,58371840,153.73,154.11,151.6,0.883,0.695,0.883,0.695
16/03/2021,154.59,50775280,155.25,156.45,153.79,0.572,0.701,0.572,0.701
17/03/2021,156.79,62371680,153.66,158.65,153.51,0.815,0.734,0.815,0.734
18/03/2021,151.4,73140540,155.05,155.83,151.25,0.658,0.709,0.658,0.709
19/03/2021,153.75,92507080,151.46,153.86,150.83,0.696,0.686,0.696,0.686
22/03/2021,155.54,58043580,153.39,156.33,153,0.64,0.628,0.64,0.628
23/03/2021,156.88,76345260,156.35,159.1,156.04,0.693,0.645,0.693,0.645
24/03/2021,154.35,59179620,157.55,158.02,154.26,0.576,0.611,0.576,0.611
25/03/2021,152.31,71269380,153.65,155.49,151.86,0.563,0.597,0.563,0.597
26/03/2021,152.6,63604100,155.5,155.5,150.89,0.66,0.592,0.66,0.592
29/03/2021,153.79,54919360,152.77,154.56,151.42,0.748,0.613,0.748,0.613
30/03/2021,152.76,46752060,153.5,153.65,151.7,0.478,0.582,0.478,0.582
31/03/2021,154.7,61877920,153.2,155.97,153.13,0.626,0.589,0.626,0.589
01/04/2021,158.05,58806360,155.9,158.12,155.78,0.782,0.621,0.782,0.621
05/04/2021,161.34,66697640,158.65,161.8,158.06,0.223,0.424,0.223,0.424
06/04/2021,161.19,50756180,161.19,162.37,160.85,0.599,0.442,0.599,0.442
07/04/2021,163.97,66924540,161.69,165.18,161.18,0.7,0.452,0.7,0.452
08/04/2021,164.97,56241800,165.55,166.23,164.6,0.612,0.428,0.612,0.428
09/04/2021,168.61,86829460,165.24,168.61,164.45,0.556,0.428,0.556,0.428
12/04/2021,168.97,65635960,167.76,169.75,167.56,0.628,0.603,0.628,0.603
13/04/2021,170,66316740,170.04,171.6,169.78,0.775,0.628,0.775,0.628
14/04/2021,166.65,62904080,170.2,170.21,166.3,0.536,0.605,0.536,0.605
15/04/2021,168.95,64671600,168.55,169.85,167.6,0.799,0.631,0.799,0.631
16/04/2021,169.97,63720980,169,170.34,167.78,0.574,0.634,0.574,0.634
19/04/2021,168.6,54508100,169.52,171.8,168.01,0.72,0.669,0.72,0.669
20/04/2021,166.73,52460640,168.68,169.15,165.8,0.534,0.634,0.534,0.634
21/04/2021,168.1,44223320,165.8,166.39,163.7,0.59,0.642,0.59,0.642
22/04/2021,165.45,51611800,168.58,168.64,165.07,0.728,0.632,0.728,0.632
23/04/2021,167.04,63933040,165.96,168.75,166.45,0.659,0.644,0.659,0.644
26/04/2021,170.45,97614160,167.4,171.42,166.55,0.686,0.578,0.686,0.578
27/04/2021,170.87,76542800,172.17,173,169.9,0.668,0.597,0.668,0.597
28/04/2021,172.93,92637680,171.74,174.49,171.25,0.58,0.596,0.58,0.596
29/04/2021,173.57,153647620,175.25,175.72,171.75,0.705,0.593,0.705,0.593
30/04/2021,173.37,140186920,176.26,177.7,173.13,0.559,0.578,0.559,0.578
03/05/2021,169.32,117510600,174.24,174.33,168.64,0.66,0.566,0.66,0.566
04/05/2021,165.59,108788980,167.81,168.4,163.61,0.688,0.569,0.688,0.569
05/05/2021,163.53,74226160,166.94,167.73,163.22,0.667,0.581,0.667,0.581
06/05/2021,165.32,88953920,163.5,165.72,162.36,0.518,0.555,0.518,0.555
07/05/2021,164.58,94205520,165.95,166.54,164.45,0.611,0.562,0.611,0.562
10/05/2021,159.52,116772060,164.12,164.15,159.5,0.653,0.626,0.653,0.626
11/05/2021,161.2,92395620,156.81,161.9,156.37,0.577,0.61,0.577,0.61
12/05/2021,157.6,98728200,159.25,160.4,156.66,0.422,0.575,0.422,0.575
13/05/2021,158.07,67137540,159.27,160.19,156.65,0.671,0.597,0.671,0.597
14/05/2021,161.15,66500440,159.28,161.44,159.15,0.669,0.606,0.669,0.606
17/05/2021,163.52,73711980,162.3,164.64,161.73,0.529,0.461,0.529,0.461
18/05/2021,161.61,56567820,164.63,165.6,161.52,0.578,0.461,0.578,0.461
19/05/2021,161.59,53594160,159.75,161.74,159.2,0.421,0.461,0.421,0.461
20/05/2021,162.38,52663840,162.22,162.98,161.81,0.604,0.452,0.604,0.452
21/05/2021,160.15,82097640,162.5,162.83,159.85,0.745,0.462,0.745,0.462
24/05/2021,162.25,48456260,160.78,162.9,160.53,0.552,0.53,0.552,0.53
25/05/2021,162.95,65222180,163.33,163.99,160.69,0.584,0.531,0.584,0.531
26/05/2021,163.26,47679720,163.73,164.79,162.93,0.628,0.561,0.628,0.561
27/05/2021,161.51,51223140,162.8,163.02,161.5,0.747,0.581,0.747,0.581
28/05/2021,161.15,46630180,162.1,162.4,160.99,0.664,0.569,0.664,0.569
01/06/2021,160.93,48600900,162.17,162.55,160.45,0.703,0.68,0.703,0.68
02/06/2021,161.7,40290480,161.16,161.75,160.4,0.56,0.67,0.56,0.67
03/06/2021,159.35,47965860,160.21,160.72,159.2,0.829,0.682,0.829,0.682
04/06/2021,160.31,44994980,160.6,161.05,159.94,0.588,0.671,0.588,0.671
07/06/2021,159.9,44315120,159.87,160.4,158.61,0.555,0.655,0.555,0.655
08/06/2021,163.21,68334600,161.13,163.98,160.9,0.629,0.645,0.629,0.645
09/06/2021,164.06,49110600,163.64,164.88,163.54,0.548,0.643,0.548,0.643
10/06/2021,167.48,69529600,164.1,167.55,164.06,0.51,0.597,0.51,0.597
11/06/2021,167.34,56347040,167.48,168.33,166.67,0.607,0.6,0.607,0.6
14/06/2021,169.19,51393100,167.34,169.25,166.78,0.704,0.53,0.704,0.53
15/06/2021,169.16,48524000,169.2,169.85,168.16,0.532,0.516,0.532,0.516
16/06/2021,170.76,84055640,169.6,171.32,168.03,0.592,0.522,0.592,0.522
17/06/2021,174.46,102730620,170.16,174.86,170.05,0.549,0.528,0.549,0.528
18/06/2021,174.35,104954740,174,175.35,173.69,0.718,0.544,0.718,0.544
21/06/2021,172.7,65542600,173.82,174.1,171.7,0.54,0.606,0.54,0.606
22/06/2021,175.27,66901640,172.9,176.19,172.8,0.668,0.625,0.668,0.625
23/06/2021,175.19,56266820,175.25,176.05,174.16,0.556,0.62,0.556,0.62
24/06/2021,172.45,76639980,175.38,176.24,171.54,0.692,0.64,0.692,0.64
25/06/2021,170.07,78819940,173.2,173.24,169.71,0.642,0.629,0.642,0.629
28/06/2021,172.19,44855860,170.8,172.4,170.68,0.739,0.625,0.739,0.625
29/06/2021,172.41,41968780,171.94,172.8,171.15,0.752,0.637,0.752,0.637
30/06/2021,172.01,48079840,172.05,173.58,171.75,0.459,0.623,0.459,0.623
01/07/2021,171.65,40741060,171.73,172.85,170.47,0.589,0.608,0.589,0.608
02/07/2021,175.55,63533940,172.58,175.59,171.85,0.562,0.597,0.562,0.597
06/07/2021,183.79,134895360,176.51,184.27,176.45,0.477,0.487,0.477,0.487
07/07/2021,184.83,106561240,185.87,186.71,183.95,0.449,0.485,0.449,0.485
08/07/2021,186.57,103612460,182.18,188,181.06,0.663,0.496,0.663,0.496
09/07/2021,185.97,74964740,186.13,187.4,184.67,0.656,0.509,0.656,0.509
12/07/2021,185.93,51432700,187.2,187.86,184.84,0.645,0.53,0.645,0.53
13/07/2021,183.87,76918340,185.11,188.65,183.57,0.527,0.537,0.527,0.537
14/07/2021,184.08,65931360,185.44,185.88,183.04,0.532,0.549,0.532,0.549
15/07/2021,181.56,63705840,184.71,184.77,181.05,0.71,0.556,0.71,0.556
16/07/2021,178.68,80874120,181.67,182.3,178.52,0.602,0.548,0.602,0.548
19/07/2021,177.48,75691900,176.63,177.51,174.96,0.515,0.535,0.515,0.535
20/07/2021,178.66,65113600,178.37,179.6,175.9,0.653,0.553,0.653,0.553
21/07/2021,179.26,46379780,178.82,179.32,177.18,0.614,0.564,0.614,0.564
22/07/2021,181.9,65307040,179.36,182,179.11,0.706,0.564,0.706,0.564
23/07/2021,182.83,48725840,182,183.31,181.1,0.733,0.583,0.733,0.583
26/07/2021,184.99,58001360,183.66,185.6,182.36,0.534,0.614,0.534,0.614
27/07/2021,181.32,82637800,184.93,184.93,179.31,0.606,0.607,0.606,0.607
28/07/2021,181.52,59987560,181.69,182.92,180.05,0.719,0.622,0.719,0.622
29/07/2021,180,110399040,181.39,181.9,179,0.521,0.596,0.521,0.596
30/07/2021,166.38,199311860,167.4,168.41,165.35,0.448,0.555,0.448,0.555
02/08/2021,166.57,67078300,167.66,167.95,165.85,0.762,0.534,0.762,0.534
03/08/2021,168.31,83146860,167.04,169.55,164.99,0.72,0.55,0.72,0.55
04/08/2021,167.74,43678900,168.97,169.44,167.28,0.662,0.542,0.662,0.542
05/08/2021,168.8,48670060,167.81,169.45,167.05,0.643,0.559,0.643,0.559
06/08/2021,167.25,52752880,168.75,168.99,166.62,0.555,0.575,0.555,0.575
09/08/2021,167.09,42964400,167.18,167.74,166.43,0.734,0.566,0.734,0.566
10/08/2021,166.03,48251020,167.25,167.9,165.75,0.524,0.538,0.524,0.538
11/08/2021,164.61,58944980,166.57,166.89,163.89,0.566,0.524,0.566,0.524
12/08/2021,165.18,46476460,164.5,165.73,163.48,0.664,0.527,0.664,0.527
13/08/2021,164.7,41133980,165.28,165.3,164.15,0.751,0.555,0.751,0.555
16/08/2021,164.95,66569880,164.15,165,160.56,0.613,0.609,0.613,0.609
17/08/2021,162.1,67758440,163.88,164.02,161.28,0.345,0.584,0.345,0.584
18/08/2021,160.06,56086220,162.1,162.7,160,0.752,0.61,0.752,0.61
19/08/2021,159.39,75657240,159.7,161.65,159.12,0.599,0.601,0.599,0.601
20/08/2021,160,67168560,160.19,160.39,158.79,0.464,0.56,0.464,0.56
23/08/2021,163.29,65362620,160.6,164.05,160.5,0.735,0.527,0.735,0.527
24/08/2021,165.29,51036820,164,165.37,162.25,0.566,0.558,0.566,0.558
25/08/2021,164.96,33606120,165.49,166.05,164.31,0.571,0.533,0.571,0.533
26/08/2021,165.8,44616210,165.17,166.69,162.55,0.5,0.518,0.5,0.518
27/08/2021,167.48,48047380,166.66,167.62,165.69,0.623,0.541,0.623,0.541
30/08/2021,171.08,63844880,167.87,172.25,167.76,0.687,0.598,0.687,0.598
31/08/2021,173.54,87128260,171.24,173.63,169.78,0.679,0.614,0.679,0.614
01/09/2021,173.95,72598220,174.82,176.35,173.76,0.678,0.629,0.678,0.629
02/09/2021,173.16,58511880,174.74,175.6,172.75,0.522,0.632,0.522,0.632
03/09/2021,173.9,51566480,172.6,174.13,171.82,0.583,0.627,0.583,0.627
07/09/2021,175.46,54823680,173.9,176.4,173.85,0.657,0.535,0.657,0.535
08/09/2021,176.28,61067280,175.58,177.28,174.78,0.5,0.509,0.5,0.509
09/09/2021,174.21,54384820,176.3,177.5,173.33,0.581,0.518,0.581,0.518
10/09/2021,173.46,47945380,175.09,175.42,173.15,0.672,0.53,0.672,0.53
13/09/2021,172.86,51380440,174.14,174.9,171.9,0.639,0.608,0.639,0.608
14/09/2021,172.5,38737940,173.78,174.34,171.89,0.578,0.597,0.578,0.597
15/09/2021,173.79,59150740,172.13,174.27,170.1,0.56,0.605,0.56,0.605
16/09/2021,174.41,51671960,173,174.63,172.31,0.554,0.601,0.554,0.601
17/09/2021,173.13,92331120,174.42,174.87,172.61,0.684,0.603,0.684,0.603
20/09/2021,167.79,93382600,169.8,170.95,165.75,0.458,0.529,0.458,0.529
21/09/2021,167.18,55617560,168.75,168.99,166.62,0.571,0.528,0.571,0.528
22/09/2021,169,48228060,167.55,170.7,166.16,0.625,0.537,0.625,0.537
23/09/2021,170.8,29045030,173.69,173.69,168.92,0.447,0.522,0.447,0.522
24/09/2021,171.28,42324820,170.1,171.46,169.67,0.618,0.512,0.618,0.512
27/09/2021,170.29,72689000,168.58,170.78,166.98,0.467,0.555,0.467,0.555
28/09/2021,165.8,88616380,167.89,168.46,164.51,0.636,0.564,0.636,0.564
29/09/2021,165.06,51245360,166.11,167.57,164.89,0.546,0.553,0.546,0.553
30/09/2021,164.25,56940660,165.8,166.39,163.7,0.712,0.591,0.712,0.591
01/10/2021,164.16,56712340,164.45,165.46,162.8,0.529,0.578,0.529,0.578
04/10/2021,159.49,90461140,163.97,164,158.81,0.524,0.551,0.524,0.551
05/10/2021,161.05,65384160,160.23,163.04,160.12,0.49,0.53,0.49,0.53
06/10/2021,163.1,50659540,160.68,163.22,159.93,0.393,0.508,0.393,0.508
07/10/2021,165.12,48181500,164.58,166.29,164.15,0.592,0.491,0.592,0.491
08/10/2021,164.43,39964340,165.85,166.07,164.41,0.559,0.496,0.559,0.496
11/10/2021,162.32,40684060,163.75,164.63,161.91,0.495,0.448,0.495,0.448
12/10/2021,162.37,36391420,162.85,163.38,161.81,0.475,0.446,0.475,0.446
13/10/2021,164.21,48501720,163.49,164.42,163.05,0.597,0.475,0.597,0.475
14/10/2021,164.99,42240400,165.12,165.63,164.54,0.631,0.481,0.631,0.481
15/10/2021,170.45,103598820,165.57,170.52,165.2,0.628,0.491,0.628,0.491
18/10/2021,172.34,63482300,169.42,172.46,169.26,0.596,0.487,0.596,0.487
19/10/2021,172.21,47721580,171.71,172.73,171.1,0.525,0.494,0.525,0.494
20/10/2021,170.75,42795540,172.63,173.14,170.02,0.647,0.501,0.647,0.501
21/10/2021,171.75,37627700,170.71,172.01,170.15,0.578,0.493,0.578,0.493
22/10/2021,166.78,62781060,171.05,171.49,166.57,0.604,0.49,0.604,0.49
25/10/2021,166.02,44519120,166.75,168.77,160.55,0.632,0.584,0.632,0.584
26/10/2021,168.8,53966840,167.48,170.81,167.2,0.574,0.591,0.574,0.591
27/10/2021,169.62,54044480,169.4,171.85,168.57,0.6,0.584,0.6,0.584
28/10/2021,172.33,114174660,170.1,173.95,169.3,0.575,0.584,0.575,0.584
29/10/2021,168.62,129721540,165,168.74,163.67,0.354,0.548,0.354,0.548
01/11/2021,165.91,72177580,168.09,168.79,164.6,0.452,0.528,0.452,0.528
02/11/2021,165.64,52551800,165.75,166.56,164.18,0.421,0.506,0.421,0.506
03/11/2021,169.2,67943780,165.45,169.75,164.88,0.72,0.523,0.72,0.523
04/11/2021,173.85,107060400,168.5,174.93,168.25,0.493,0.512,0.493,0.512
05/11/2021,175.95,99939020,173.85,178.31,173.85,0.637,0.552,0.637,0.552
08/11/2021,174.45,61479840,176.16,178.95,174.39,0.641,0.562,0.641,0.562
09/11/2021,178.81,85898440,175.76,179.69,175.07,0.652,0.595,0.652,0.595
10/11/2021,174.1,80548440,178.19,180.27,173.15,0.581,0.575,0.581,0.575
11/11/2021,173.63,45288120,175.65,177.16,173.37,0.573,0.587,0.573,0.587
12/11/2021,176.26,53788680,174.25,177.04,172.35,0.453,0.56,0.453,0.56
15/11/2021,177.28,58594380,176.85,179.69,176.29,0.694,0.546,0.694,0.546
16/11/2021,177.04,44341420,176.95,178.83,176.26,0.705,0.553,0.705,0.553
17/11/2021,177.45,51205400,178.24,179.36,177.27,0.625,0.56,0.625,0.56
18/11/2021,184.8,114070760,178.32,185.21,178.05,0.546,0.556,0.546,0.556
19/11/2021,183.83,98924060,185.63,188.11,183.79,0.686,0.589,0.686,0.589
22/11/2021,178.63,96957000,183.82,185.67,178.38,0.625,0.628,0.625,0.628
23/11/2021,179,73844920,179.25,181.05,176.39,0.546,0.606,0.546,0.606
24/11/2021,179.02,46560360,178.13,180.68,176.84,0.521,0.591,0.521,0.591
26/11/2021,175.23,59825940,180.1,181.68,175.21,0.512,0.584,0.512,0.584
29/11/2021,178.08,65311140,177.38,179.8,176.58,0.603,0.589,0.603,0.589
30/11/2021,175.35,80022140,178.18,179.29,174.6,0.761,0.62,0.761,0.62
01/12/2021,172.19,75139900,177.25,177.99,172.08,0.652,0.639,0.652,0.639
02/12/2021,171.87,64725760,173,174.64,171.19,0.637,0.634,0.637,0.634
03/12/2021,169.49,80711000,172.75,173.49,166.93,0.56,0.64,0.56,0.64
06/12/2021,171.37,68860000,169.65,171.43,168.88,0.663,0.616,0.663,0.616
07/12/2021,176.16,66410720,174.6,177.5,173.33,0.482,0.576,0.482,0.576
08/12/2021,176.16,45253660,176.15,177.18,174.75,0.429,0.544,0.429,0.544
09/12/2021,174.17,46061820,175.75,176.97,174.14,0.514,0.526,0.514,0.526
10/12/2021,172.21,60689760,175.42,175.93,170.5,0.476,0.514,0.476,0.514
13/12/2021,169.57,62169000,172,172.1,169.13,0.391,0.417,0.391,0.417
14/12/2021,169.09,55975280,167.55,170.7,166.16,0.652,0.441,0.652,0.441
15/12/2021,173.32,75794260,168.6,173.6,165.2,0.578,0.463,0.578,0.463
16/12/2021,168.87,60876840,173.37,174.17,168.16,0.565,0.47,0.565,0.47
17/12/2021,170.02,85755160,167.71,170.9,165.61,0.594,0.487,0.594,0.487
20/12/2021,167.08,57372660,166.85,167.87,165.6,0.613,0.611,0.613,0.611
21/12/2021,170.42,55955820,167.85,170.72,165.65,0.56,0.598,0.56,0.598
22/12/2021,171.04,55035460,169.27,172.05,168.5,0.496,0.586,0.496,0.586
23/12/2021,171.07,36788240,170.43,171.98,170.15,0.721,0.608,0.721,0.608
27/12/2021,169.67,58846820,171.04,172.94,169.22,0.646,0.694,0.646,0.694
28/12/2021,170.66,54711860,170.18,172.18,169.14,0.641,0.705,0.641,0.705
29/12/2021,169.2,35754040,170.84,171.21,168.6,0.657,0.728,0.657,0.728
30/12/2021,168.64,37583100,169.7,170.89,168.52,0.503,0.697,0.503,0.697
31/12/2021,166.72,47830380,168.96,169.35,166.56,0.638,0.655,0.638,0.655
03/01/2022,170.4,63869140,167.55,170.7,166.16,0.697,0.56,0.697,0.56
04/01/2022,167.52,70725160,170.44,171.4,166.35,0.433,0.53,0.433,0.53
05/01/2022,164.36,64302720,166.88,167.13,164.36,0.7,0.537,0.7,0.537
06/01/2022,163.25,51957780,163.45,164.8,161.94,0.599,0.55,0.599,0.55
07/01/2022,162.55,46605900,163.84,165.24,162.03,0.592,0.544,0.592,0.544
10/01/2022,161.49,87798300,160.59,161.66,156.3,0.559,0.561,0.559,0.561
11/01/2022,165.36,62805580,161.5,166.35,160.7,0.544,0.577,0.544,0.577
12/01/2022,165.21,50029120,166.58,166.88,164.42,0.498,0.548,0.498,0.548
13/01/2022,161.21,52188300,165.25,166.22,161.09,0.7,0.563,0.7,0.563
14/01/2022,162.14,45974860,160.15,162.25,159.8,0.58,0.561,0.58,0.561
18/01/2022,158.92,67441440,159.11,159.73,157.66,0.701,0.633,0.701,0.633
19/01/2022,156.3,53241920,158.76,159.25,156.25,0.644,0.654,0.644,0.654
20/01/2022,151.67,71973320,156.77,158,151.35,0.575,0.636,0.575,0.636
21/01/2022,142.64,163971440,149.95,150.9,142.07,0.464,0.619,0.464,0.619
24/01/2022,144.54,156044740,139,144.95,135.35,0.563,0.603,0.563,0.603
25/01/2022,139.99,90824660,142.24,143.6,138.15,0.559,0.583,0.559,0.583
26/01/2022,138.87,95601700,144.75,150.36,144.3,0.529,0.566,0.529,0.566
27/01/2022,139.64,77515800,140.8,144.24,139.35,0.484,0.553,0.484,0.553
28/01/2022,143.98,74391980,140.86,144,137.93,0.616,0.575,0.616,0.575
31/01/2022,149.57,78307440,144.75,150.36,144.3,0.54,0.505,0.54,0.505
01/02/2022,151.19,59219840,150,151.71,147.63,0.696,0.525,0.696,0.525
02/02/2022,150.61,87329760,155.05,155.08,148.86,0.61,0.537,0.61,0.537
03/02/2022,138.85,225531400,141.74,144.25,138.33,0.376,0.521,0.376,0.521
04/02/2022,157.64,253455800,155.61,161.2,150.61,0.568,0.514,0.568,0.514
07/02/2022,157.94,102624380,158.52,162.69,157.25,0.653,0.551,0.653,0.551
08/02/2022,161.41,76040360,156.75,161.79,155.55,0.607,0.539,0.607,0.539
09/02/2022,161.19,68785600,162.87,163.83,160.25,0.554,0.531,0.554,0.531
10/02/2022,159,68268120,158.35,160.72,157.75,0.653,0.57,0.653,0.57
11/02/2022,153.29,77100440,158.13,159,152.73,0.494,0.56,0.494,0.56
14/02/2022,155.17,83230700,151.75,158.45,151.65,0.744,0.636,0.744,0.636
15/02/2022,156.51,56970660,157.61,158.01,154.64,0.572,0.631,0.572,0.631
16/02/2022,158.1,52704280,155.79,158.83,154.73,0.531,0.628,0.531,0.628
17/02/2022,154.65,64032500,158.15,160.35,154.5,0.517,0.609,0.517,0.609
18/02/2022,152.6,63604100,155.5,155.5,150.89,0.551,0.617,0.551,0.617
22/02/2022,150.2,66128240,150.48,152.98,148.49,0.64,0.538,0.64,0.538
23/02/2022,144.83,64243560,151.65,151.76,144.65,0.591,0.546,0.591,0.546
24/02/2022,151.36,100785760,139.84,151.75,139.5,0.383,0.527,0.383,0.527
25/02/2022,153.79,62395360,150.55,153.99,149.21,0.623,0.537,0.623,0.537
28/02/2022,153.56,57683420,152.43,154.45,150.85,0.363,0.427,0.363,0.427
01/03/2022,151.14,44873580,152.73,154.1,149.98,0.295,0.377,0.295,0.377
02/03/2022,152.05,47334720,150.85,153,148.75,0.589,0.377,0.589,0.377
03/03/2022,147.9,65197200,153.53,153.93,146.86,0.522,0.397,0.522,0.397
04/03/2022,145.64,60983120,147.16,147.85,144.28,0.491,0.378,0.491,0.378
07/03/2022,137.45,86933860,145.44,146.09,137.42,0.492,0.461,0.492,0.461
08/03/2022,136.01,91662580,136.68,140.7,133.57,0.492,0.49,0.492,0.49
09/03/2022,139.28,82656660,139.5,140.25,136.83,0.395,0.462,0.395,0.462
10/03/2022,146.82,135062900,145.69,148.67,143.98,0.483,0.456,0.483,0.456
11/03/2022,145.52,68900560,149.57,149.68,145.37,0.588,0.47,0.588,0.47
14/03/2022,141.85,74086100,145.98,147.45,140.88,0.503,0.476,0.503,0.476
15/03/2022,147.37,75584600,142.85,147.99,142,0.437,0.469,0.437,0.469
16/03/2022,153.1,84957680,148.5,153.15,147.35,0.615,0.5,0.615,0.5
17/03/2022,157.24,72934840,152.64,157.5,152.14,0.428,0.492,0.428,0.492
18/03/2022,161.25,102962760,156.81,161.59,156.01,0.465,0.475,0.465,0.475
21/03/2022,161.49,66537520,161.12,163.08,159.55,0.573,0.492,0.573,0.492
22/03/2022,164.89,64086120,161.81,166.17,161.7,0.739,0.535,0.739,0.535
23/03/2022,163.41,55811860,163.71,166.37,162.69,0.505,0.519,0.505,0.519
24/03/2022,163.65,56798060,163.75,164.12,160.05,0.558,0.538,0.558,0.538
25/03/2022,164.77,49085500,164,165.37,162.25,0.535,0.548,0.535,0.548
28/03/2022,168.99,59853820,164.98,169.04,164.9,0.676,0.574,0.676,0.574
29/03/2022,169.32,66153600,170.38,170.83,167.87,0.633,0.559,0.633,0.559
30/03/2022,166.3,56167260,168.51,168.95,165.5,0.579,0.569,0.579,0.569
31/03/2022,163,59965780,166.44,166.5,162.95,0.514,0.563,0.514,0.563
01/04/2022,163.56,57089500,164.15,165.83,162.32,0.557,0.566,0.557,0.566
04/04/2022,168.35,50007960,164.13,168.39,163.21,0.596,0.617,0.596,0.617
05/04/2022,164.06,53728560,167.74,168.11,163.27,0.565,0.607,0.565,0.607
06/04/2022,158.76,79055760,161.65,162.2,157.25,0.509,0.597,0.509,0.597
07/04/2022,157.78,68136780,158.4,160.08,154.51,0.476,0.592,0.476,0.592
08/04/2022,154.46,46001660,156.75,157.37,154.23,0.268,0.551,0.268,0.551
11/04/2022,151.12,52112340,152.71,154.14,150.53,0.682,0.514,0.682,0.514
12/04/2022,150.79,55177440,153.69,155.1,150.38,0.645,0.525,0.645,0.525
13/04/2022,155.54,53390880,150.02,156.03,149.6,0.5,0.524,0.5,0.524
14/04/2022,151.71,51598140,155.39,156.2,154.01,0.589,0.54,0.589,0.54
18/04/2022,152.79,46513520,151.52,154.04,150.25,0.526,0.515,0.526,0.515
19/04/2022,158.12,54926420,152.03,158.65,151.55,0.574,0.505,0.574,0.505
20/04/2022,154,59630020,157.6,157.6,153.6,0.657,0.527,0.657,0.527
21/04/2022,148.3,63969320,154.71,156.74,147.59,0.484,0.512,0.484,0.512
22/04/2022,144.35,73078580,148.25,149.62,143.7,0.326,0.443,0.326,0.443
25/04/2022,146.07,61874980,144.02,146.22,142.31,0.579,0.608,0.579,0.608
26/04/2022,139.39,77529160,144.8,144.86,138.93,0.237,0.56,0.237,0.56
27/04/2022,138.17,71336300,140.19,141.95,135.78,0.504,0.538,0.504,0.538
28/04/2022,144.6,117316940,142.18,145.94,140.3,0.56,0.549,0.56,0.549
29/04/2022,124.28,272661800,129.85,130.76,121.63,0.308,0.547,0.308,0.547
02/05/2022,124.5,148788980,122.4,124.67,118.38,0.483,0.401,0.483,0.401
03/05/2022,124.25,79133360,124.05,126.22,122.83,0.541,0.444,0.541,0.444
04/05/2022,125.93,110745360,123.6,126,119.18,0.583,0.455,0.583,0.455
05/05/2022,116.41,144391220,123,123.5,115.07,0.379,0.429,0.379,0.429
06/05/2022,114.77,124259900,114.85,119.05,113.08,0.363,0.437,0.363,0.437
09/05/2022,108.79,128124380,111.31,114,108.88,0.288,0.435,0.288,0.435
10/05/2022,108.86,105433820,111.25,112.64,107.17,0.286,0.399,0.286,0.399
11/05/2022,105.37,109703640,108.1,110.16,104.43,0.547,0.393,0.547,0.393
12/05/2022,106.93,132025140,102.75,104.2,101.52,0.616,0.427,0.616,0.427
13/05/2022,113.06,93684560,109.07,113.18,107.8,0.569,0.457,0.569,0.457
16/05/2022,110.81,74565740,113.1,113.99,110.35,0.346,0.526,0.346,0.526
17/05/2022,115.37,76447740,113.28,115.8,111.28,0.503,0.557,0.503,0.557
18/05/2022,107.11,108379180,111.44,112.85,106.25,0.139,0.499,0.139,0.499
19/05/2022,107.32,88142540,106.28,110.03,106.19,0.311,0.455,0.311,0.455
20/05/2022,107.59,99500640,109.57,109.9,105.01,0.705,0.475,0.705,0.475
23/05/2022,107.56,107797360,108.46,108.82,103.95,0.569,0.425,0.569,0.425
24/05/2022,104.1,102934680,104.03,105.4,101.26,0.626,0.442,0.626,0.442
25/05/2022,106.78,93120100,103.66,108.18,103.65,0.715,0.524,0.715,0.524
26/05/2022,111.08,93002600,107.97,112.67,107.45,0.624,0.569,0.624,0.569
27/05/2022,115.15,93660160,113.55,115.19,112.63,0.753,0.576,0.753,0.576
31/05/2022,120.21,144634160,116.28,121.99,115.68,0.662,0.646,0.662,0.646
01/06/2022,121.68,127528980,122.26,125.18,120.62,0.659,0.638,0.659,0.638
02/06/2022,125.51,100560680,121.68,125.61,120.05,0.628,0.639,0.628,0.639
03/06/2022,122.35,97603320,124.2,124.4,121.05,0.495,0.602,0.495,0.602
06/06/2022,124.79,135269000,125.25,128.99,123.81,0.716,0.631,0.716,0.631
07/06/2022,123,85156710,122.01,124.1,120.63,0.432,0.598,0.432,0.598
08/06/2022,121.18,64926590,122.61,123.75,120.75,0.692,0.602,0.692,0.602
09/06/2022,116.15,67029840,119.99,121.3,116.1,0.395,0.569,0.395,0.569
10/06/2022,109.65,87412250,113.42,114.5,109.05,0.592,0.583,0.592,0.583
13/06/2022,103.67,99277740,104.19,104.88,101.43,0.514,0.514,0.514,0.514
14/06/2022,102.31,69728760,104.19,104.88,101.43,0.598,0.538,0.598,0.538
15/06/2022,107.67,85011060,103.86,109.06,103.53,0.64,0.531,0.64,0.531
16/06/2022,103.66,82186300,104.47,104.58,96.06,0.329,0.521,0.329,0.521
17/06/2022,106.22,99772150,102.8,106.98,102.51,0.45,0.501,0.45,0.501
21/06/2022,108.68,70901250,108.2,111.63,103.56,0.651,0.479,0.651,0.479
22/06/2022,108.95,60040130,107.43,112.13,107.02,0.528,0.463,0.528,0.463
23/06/2022,112.44,64345300,110.39,113,107.93,0.577,0.498,0.577,0.498
24/06/2022,116.46,69867620,112.38,116.71,111.43,0.491,0.504,0.491,0.504
27/06/2022,113.22,62133240,117.09,117.98,112.7,0.536,0.479,0.536,0.479
28/06/2022,107.4,75172030,113.5,114.85,107.04,0.464,0.452,0.464,0.452
29/06/2022,108.92,66375340,107.38,110.99,106.91,0.394,0.433,0.394,0.433
30/06/2022,106.21,69575610,107.66,109.23,105.07,0.445,0.414,0.445,0.414
01/07/2022,109.56,73021170,106.29,109.75,105.85,0.411,0.403,0.411,0.403
05/07/2022,113.5,76684410,107.6,114.08,106.32,0.368,0.263,0.368,0.263
06/07/2022,114.33,66958880,113.21,115.48,110.39,0.377,0.26,0.377,0.26
07/07/2022,116.33,57872320,113.85,116.99,113.49,0.492,0.267,0.492,0.267
08/07/2022,115.54,45719690,114.6,116.58,113.69,0.4,0.265,0.4,0.265
11/07/2022,111.75,53540020,114.08,114.3,110.87,0.495,0.408,0.495,0.408
12/07/2022,109.22,54280260,112.16,112.64,109.32,0.641,0.447,0.641,0.447
13/07/2022,110.4,61353810,107.03,111.78,106.01,0.599,0.479,0.599,0.479
14/07/2022,110.63,51163140,110.24,111.18,107.58,0.425,0.469,0.425,0.469
15/07/2022,113.55,84317820,112.5,115.59,111.59,0.492,0.482,0.492,0.482
18/07/2022,113.76,59115420,115,117.24,113.15,0.617,0.555,0.617,0.555
19/07/2022,118.21,60990040,115.7,118.95,114.03,0.412,0.522,0.412,0.522
20/07/2022,122.77,54375130,120.69,123.49,119.93,0.419,0.496,0.419,0.496
21/07/2022,124.63,60239890,123.2,124.85,121.26,0.498,0.507,0.498,0.507
22/07/2022,122.42,51463800,125.01,125.5,121.35,0.399,0.493,0.399,0.493
25/07/2022,121.14,50221260,122.7,123.64,120.03,0.314,0.434,0.314,0.434
26/07/2022,114.81,67075060,115.79,118.15,114.53,0.321,0.421,0.321,0.421
27/07/2022,120.97,61582020,117.31,121.9,117.16,0.522,0.435,0.522,0.435
28/07/2022,122.28,82245540,121.57,122.84,118.08,0.493,0.435,0.493,0.435
29/07/2022,134.95,148892900,134.9,137.65,132.41,0.539,0.455,0.539,0.455
01/08/2022,135.39,76846910,134.96,138.83,133.51,0.428,0.402,0.428,0.402
02/08/2022,134.16,61922430,134.72,137.44,134.09,0.496,0.427,0.496,0.427
03/08/2022,139.52,71827780,136.21,140.49,136.05,0.608,0.439,0.608,0.439
04/08/2022,142.57,70585020,140.58,143.56,139.55,0.56,0.449,0.56,0.449
05/08/2022,140.8,50686870,140.1,142.86,139.6,0.483,0.441,0.483,0.441
08/08/2022,139.41,52303480,142.05,143.57,140.09,0.347,0.528,0.347,0.528
09/08/2022,137.83,40434720,138.05,138.95,136.21,0.527,0.533,0.527,0.533
10/08/2022,142.69,54773820,142.9,144.6,141.01,0.353,0.496,0.353,0.496
11/08/2022,140.64,44867340,143.86,144.49,139.76,0.575,0.498,0.575,0.498
12/08/2022,143.55,47643480,142.05,143.57,140.09,0.595,0.514,0.595,0.514
15/08/2022,143.18,39014580,142.8,143.76,141.49,0.515,0.488,0.515,0.488
16/08/2022,144.78,59102860,143.91,146.57,142,0.545,0.491,0.545,0.491
17/08/2022,142.1,48149780,142.69,143.57,140.09,0.32,0.486,0.32,0.486
18/08/2022,142.3,37458740,141.32,142.77,140.38,0.608,0.491,0.608,0.491
19/08/2022,138.23,38365930,136.86,138.85,136.75,0.606,0.493,0.606,0.493
22/08/2022,133.22,48497700,131.62,134.07,131.15,0.616,0.527,0.616,0.527
23/08/2022,133.62,36252100,133.41,134.99,132.95,0.609,0.536,0.609,0.536
24/08/2022,133.8,38626980,132.75,133.57,131.71,0.586,0.574,0.586,0.574
25/08/2022,137.28,37496280,135.26,137.42,134.28,0.606,0.574,0.606,0.574
26/08/2022,130.75,53322660,136.55,137.83,130.5,0.458,0.553,0.458,0.553
29/08/2022,129.79,45824690,132.98,133.31,128.95,0.638,0.584,0.638,0.584
30/08/2022,128.73,49202990,131.25,132.07,126.85,0.689,0.595,0.689,0.595
31/08/2022,126.77,53648700,129.45,130.59,126.74,0.591,0.596,0.591,0.596
01/09/2022,127.82,56636150,126,128.02,123.66,0.527,0.585,0.527,0.585
02/09/2022,127.51,57429830,129.5,131.38,126.39,0.618,0.608,0.618,0.608
06/09/2022,126.11,43888590,127.92,128.62,124.74,0.524,0.626,0.524,0.626
07/09/2022,129.48,42178620,128.82,130.74,128.05,0.483,0.611,0.483,0.611
08/09/2022,129.82,43988510,127.72,130.28,127.1,0.577,0.618,0.577,0.618
09/09/2022,133.27,49422260,130.91,133.69,131.62,0.456,0.595,0.456,0.595
12/09/2022,136.45,53826860,134.1,136.49,134,0.718,0.575,0.718,0.575
13/09/2022,126.82,72694010,131.01,131.4,129.64,0.464,0.566,0.464,0.566
14/09/2022,128.55,45316770,127.36,128.84,126.33,0.498,0.568,0.498,0.568
15/09/2022,126.28,52887200,127.38,130.37,125.5,0.496,0.557,0.496,0.557
16/09/2022,123.53,115667800,122.78,123.87,120.7,0.485,0.561,0.485,0.561
19/09/2022,124.66,47279730,122.16,124.71,121.8,0.588,0.441,0.588,0.441
20/09/2022,122.19,47698430,123.35,124.4,121.14,0.631,0.465,0.631,0.465
21/09/2022,118.54,58498890,122.49,123.76,118.45,0.63,0.484,0.63,0.484
22/09/2022,117.31,55229190,117.08,118.79,116.26,0.548,0.491,0.548,0.491
23/09/2022,113.78,65126670,116,119.35,114.76,0.41,0.481,0.41,0.481
26/09/2022,115.15,62723270,113.3,117.34,115.02,0.482,0.469,0.482,0.469
27/09/2022,114.41,60094690,117.2,118.32,113.05,0.712,0.481,0.712,0.481
28/09/2022,118.01,55763750,114.38,118.7,113.8,0.73,0.495,0.73,0.495
29/09/2022,114.8,58969710,115.6,116.07,113.06,0.448,0.481,0.448,0.481
30/09/2022,113,59479590,114.08,116.92,112.84,0.628,0.512,0.628,0.512
03/10/2022,115.88,50941850,113.58,116.91,112.45,0.606,0.541,0.606,0.541
04/10/2022,121.09,62812560,119.89,123,119.79,0.538,0.516,0.538,0.516
05/10/2022,120.95,48217540,118.58,121.75,117.69,0.639,0.503,0.639,0.503
06/10/2022,120.3,42253760,120.77,121.53,119.5,0.515,0.513,0.515,0.513
07/10/2022,114.56,54677980,118,118.17,113.88,0.623,0.512,0.623,0.512
10/10/2022,113.67,42339680,115.1,116.25,112.43,0.588,0.627,0.588,0.627
11/10/2022,112.21,56432230,112.71,115.48,110.39,0.674,0.646,0.674,0.646
12/10/2022,112.9,45728660,112.49,113.83,111.4,0.608,0.642,0.608,0.642
13/10/2022,112.53,86868100,107.88,113.44,105.35,0.541,0.646,0.541,0.646
14/10/2022,106.9,67737340,114.1,114.96,106.6,0.418,0.616,0.418,0.616
17/10/2022,113.79,62781990,110.11,114.19,110.09,0.802,0.532,0.802,0.532
18/10/2022,116.36,65607450,119.06,119.52,114.79,0.469,0.503,0.469,0.503
19/10/2022,115.07,47198120,114.71,116.59,113.22,0.54,0.493,0.54,0.493
20/10/2022,115.25,48795100,113.83,118.24,113.51,0.282,0.456,0.282,0.456
21/10/2022,119.32,55660490,114.79,119.59,114.5,0.476,0.464,0.476,0.464
24/10/2022,119.82,49531520,119.98,120.39,116.57,0.536,0.474,0.536,0.474
25/10/2022,120.6,50934610,119.65,121.32,118.95,0.657,0.501,0.657,0.501
26/10/2022,115.66,69002460,116,119.35,114.76,0.523,0.499,0.523,0.499
27/10/2022,110.96,129605400,113.92,114.12,109.77,0.48,0.527,0.48,0.527
28/10/2022,103.41,223133400,97.91,103.96,97.66,0.408,0.517,0.408,0.517
31/10/2022,102.44,99251400,103.56,104.87,100.74,0.467,0.521,0.467,0.521
01/11/2022,96.79,153370000,103.99,104.58,96.06,0.453,0.492,0.453,0.492
02/11/2022,92.12,135761800,97.32,97.74,92.01,0.53,0.493,0.53,0.493
03/11/2022,89.3,136683300,92.47,96.54,91.53,0.458,0.49,0.458,0.49
04/11/2022,90.98,129101300,91.49,92.44,88.04,0.472,0.499,0.472,0.499
07/11/2022,90.53,77495730,91.95,92.1,89.04,0.583,0.456,0.583,0.456
08/11/2022,89.98,88703370,90.79,91.72,88.23,0.538,0.468,0.538,0.468
09/11/2022,86.14,90796250,89.47,89.48,87.08,0.433,0.455,0.433,0.455
10/11/2022,96.63,173414900,92.94,98.69,91.65,0.48,0.458,0.48,0.458
11/11/2022,100.79,111590500,97.88,101.19,96.66,0.43,0.452,0.43,0.452
14/11/2022,98.49,99533070,98.77,100.12,97.29,0.363,0.397,0.363,0.397
15/11/2022,98.94,111336300,103.21,103.79,97.34,0.395,0.377,0.395,0.377
16/11/2022,97.12,87958830,96.85,98.49,95.54,0.348,0.365,0.348,0.365
17/11/2022,94.85,82617870,95.37,96.97,94.03,0.389,0.352,0.389,0.352
18/11/2022,94.14,72428190,95.95,95.99,92.48,0.616,0.378,0.616,0.378
21/11/2022,92.46,84330270,93.97,95.02,90.59,0.455,0.468,0.455,0.468
22/11/2022,93.2,62191960,92.62,93.35,90.87,0.721,0.515,0.721,0.515
23/11/2022,94.13,72496390,94.48,95.36,93.78,0.585,0.549,0.585,0.549
25/11/2022,93.41,35088610,93.79,94.43,93.07,0.676,0.6,0.676,0.6
28/11/2022,93.95,75062320,93.93,96.4,93.43,0.659,0.643,0.659,0.643
29/11/2022,92.42,65567290,94.04,94.41,91.44,0.67,0.636,0.67,0.636
30/11/2022,96.54,102805800,92.47,96.54,91.53,0.705,0.653,0.705,0.653
01/12/2022,95.5,68487970,96.99,97.23,94.92,0.606,0.641,0.606,0.641
02/12/2022,94.13,72496390,94.48,95.36,93.78,0.733,0.65,0.733,0.65
05/12/2022,91.01,71535530,93.05,94.06,90.82,0.698,0.634,0.698,0.634
06/12/2022,88.25,75503630,90.5,91.04,87.9,0.684,0.636,0.684,0.636
07/12/2022,88.46,68086880,88.34,89.89,87.48,0.269,0.573,0.269,0.573
08/12/2022,90.35,73305890,89.24,90.86,87.88,0.696,0.586,0.696,0.586
09/12/2022,89.09,67398510,88.9,90.3,88.63,0.583,0.565,0.583,0.565
12/12/2022,90.55,61999760,89.21,90.58,87.87,0.746,0.545,0.746,0.545
13/12/2022,92.49,100212000,95.23,96.25,90.52,0.66,0.541,0.66,0.541
14/12/2022,91.58,70298010,92.5,93.46,89.87,0.482,0.572,0.482,0.572
15/12/2022,88.45,84802880,89.89,89.97,87.47,0.419,0.532,0.419,0.532
16/12/2022,87.86,146144100,88.27,89.35,86.73,0.597,0.534,0.597,0.534
19/12/2022,84.92,83531460,87.51,87.63,84.51,0.606,0.56,0.606,0.56
20/12/2022,85.19,74348300,85.33,85.42,83.07,0.56,0.546,0.56,0.546
21/12/2022,86.77,59267160,86.18,87.23,85.21,0.422,0.537,0.422,0.537
22/12/2022,83.79,81431310,85.52,85.68,82.25,0.611,0.565,0.611,0.565
23/12/2022,85.25,57433660,83.25,85.78,82.93,0.517,0.553,0.517,0.553
27/12/2022,83.04,57284040,84.97,85.35,83,0.728,0.458,0.728,0.458
28/12/2022,81.82,58228580,82.8,83.48,81.69,0.563,0.479,0.563,0.479
29/12/2022,84.18,54995900,82.87,84.55,82.55,0.683,0.489,0.683,0.489
30/12/2022,84,62401190,83.12,84.05,82.47,0.785,0.527,0.785,0.527
03/01/2023,85.82,76706040,85.46,86.96,84.21,0.319,0.564,0.319,0.564
04/01/2023,85.14,68885120,86.55,86.98,83.36,0.426,0.544,0.426,0.544
05/01/2023,83.12,67930830,85.33,85.42,83.07,0.39,0.503,0.39,0.503
06/01/2023,86.08,83303360,83.03,86.4,81.43,0.404,0.448,0.404,0.448
09/01/2023,87.36,65266060,87.46,89.48,87.08,0.297,0.425,0.297,0.425
10/01/2023,89.87,67756600,87.57,90.19,87.29,0.519,0.454,0.519,0.454
11/01/2023,95.09,103126200,90.93,95.26,90.93,0.635,0.484,0.635,0.484
12/01/2023,95.27,85254780,96.93,98.09,96,0.624,0.517,0.624,0.517
13/01/2023,98.12,85549430,94.18,98.37,94.12,0.461,0.525,0.461,0.525
17/01/2023,96.05,72755000,98.68,98.89,95.73,0.575,0.495,0.575,0.495
18/01/2023,95.46,79570370,97.25,99.32,95.38,0.45,0.468,0.45,0.468
19/01/2023,93.68,69002660,94.74,95.44,92.86,0.655,0.473,0.655,0.473
20/01/2023,97.25,67481540,93.86,97.35,93.2,0.446,0.471,0.446,0.471
23/01/2023,97.52,76501100,97.56,98.82,96.23,0.356,0.423,0.356,0.423
24/01/2023,96.32,66929450,96.93,98.09,96,0.512,0.414,0.512,0.414
25/01/2023,97.18,94261570,92.56,97.24,91.52,0.454,0.415,0.454,0.415
26/01/2023,99.22,68523560,98.24,99.49,96.92,0.554,0.401,0.554,0.401
27/01/2023,102.24,87775610,99.53,103.49,99.53,0.429,0.398,0.429,0.398
30/01/2023,100.55,70691860,101.09,101.74,99.01,0.513,0.51,0.513,0.51
31/01/2023,103.13,66527250,101.16,103.35,101.14,0.678,0.534,0.678,0.534
01/02/2023,105.15,80450120,102.53,106.24,101.24,0.527,0.545,0.527,0.545
02/02/2023,112.91,158154200,110.25,114,108.88,0.501,0.537,0.501,0.537
03/02/2023,103.39,144374800,105.26,108.78,102.52,0.229,0.508,0.229,0.508
06/02/2023,102.18,81945200,102.93,103.95,100.65,0.601,0.484,0.601,0.484
07/02/2023,102.11,119501300,101.17,102.41,98.08,0.329,0.434,0.329,0.434
08/02/2023,100.05,75878300,102.04,102.67,98.78,0.482,0.428,0.482,0.428
09/02/2023,98.24,64622490,101.32,101.78,97.57,0.337,0.404,0.337,0.404
10/02/2023,97.61,52740130,97.56,98.82,96.23,0.603,0.458,0.603,0.458
13/02/2023,99.54,52841460,97.85,99.68,96.91,0.574,0.481,0.574,0.481
14/02/2023,99.7,56202900,98.41,98.48,95.7,0.569,0.516,0.569,0.516
15/02/2023,101.16,48053880,99.09,101.17,98.45,0.618,0.535,0.618,0.535
16/02/2023,98.15,56339170,99.21,100.63,98.1,0.546,0.565,0.546,0.565
17/02/2023,97.2,60029410,97.8,97.94,95.65,0.73,0.583,0.73,0.583
21/02/2023,94.58,56580360,95.34,95.61,94.27,0.467,0.624,0.467,0.624
22/02/2023,95.79,59534090,95.1,97.01,94.8,0.576,0.618,0.576,0.618
23/02/2023,95.82,48466990,96.12,96.43,93.67,0.711,0.641,0.711,0.641
24/02/2023,93.5,57053810,93.53,94.14,92.32,0.623,0.626,0.623,0.626
27/02/2023,93.76,47470320,94.28,94.78,93.14,0.484,0.619,0.484,0.619
28/02/2023,94.23,43959290,93.14,94.69,92.92,0.745,0.659,0.745,0.659
01/03/2023,92.17,52299520,93.87,94.68,91.59,0.633,0.667,0.633,0.667
02/03/2023,92.13,55574820,91.41,92.23,90.39,0.655,0.659,0.655,0.659
03/03/2023,94.9,55759610,92.74,94.94,92.66,0.626,0.659,0.626,0.659
06/03/2023,93.75,52112360,95.19,96.55,93.74,0.722,0.654,0.722,0.654
07/03/2023,93.55,49100670,94.06,95.09,92.78,0.538,0.624,0.538,0.624
08/03/2023,93.92,44899130,93.6,94.17,92.18,0.606,0.62,0.606,0.62
09/03/2023,92.25,56218710,93.68,96.21,92.18,0.621,0.615,0.621,0.615
10/03/2023,90.73,69827490,92.67,93.57,90.25,0.802,0.641,0.802,0.641
13/03/2023,92.43,72397050,89.97,94.02,88.12,0.647,0.57,0.647,0.57
14/03/2023,94.88,60912670,93.83,95.07,92.71,0.525,0.568,0.525,0.568
15/03/2023,96.2,70731790,93.22,96.67,93.07,0.463,0.547,0.463,0.547
16/03/2023,100.04,84558930,95.75,100.99,95.61,0.534,0.535,0.534,0.535
17/03/2023,98.95,87300240,99.79,100.66,97.46,0.667,0.516,0.667,0.516
20/03/2023,97.71,62388910,98.41,98.48,95.7,0.317,0.539,0.317,0.539
21/03/2023,100.61,58597280,98.14,100.85,98,0.365,0.516,0.365,0.516
22/03/2023,98.7,57475370,100.45,102.1,98.61,0.797,0.564,0.797,0.564
23/03/2023,98.71,57559310,100.43,101.06,97.62,0.725,0.591,0.725,0.591
24/03/2023,98.13,56144800,98.07,98.3,96.4,0.595,0.581,0.595,0.581
27/03/2023,98.04,46721300,99.07,99.34,97.08,0.598,0.604,0.598,0.604
28/03/2023,97.24,38720050,98.11,98.44,96.29,0.618,0.64,0.618,0.64
29/03/2023,100.25,49783280,98.69,100.42,98.56,0.885,0.652,0.885,0.652
30/03/2023,102,53633400,101.55,103.04,101.01,0.745,0.655,0.745,0.655
31/03/2023,103.29,56750320,102.16,103.49,101.95,0.576,0.652,0.576,0.652
03/04/2023,102.41,41135730,102.3,103.29,101.43,0.738,0.714,0.738,0.714
04/04/2023,103.95,48662500,102.75,104.2,101.52,0.756,0.734,0.756,0.734
05/04/2023,101.1,45175390,103.91,103.91,100.75,0.684,0.705,0.684,0.705
06/04/2023,102.06,43808020,100.75,102.38,99.8,0.797,0.713,0.797,0.713
10/04/2023,102.17,37261190,100.96,102.2,99.57,0.53,0.743,0.53,0.743
11/04/2023,99.92,60417850,100.8,101,99.01,0.46,0.703,0.46,0.703
12/04/2023,97.83,56735010,100.4,100.51,97.71,0.506,0.668,0.506,0.668
13/04/2023,102.4,67925140,98.95,102.57,98.71,0.639,0.661,0.639,0.661
14/04/2023,102.51,51450520,102.07,103.2,101.11,0.777,0.658,0.777,0.658
17/04/2023,102.74,39919460,103.16,103.73,101.59,0.774,0.613,0.774,0.613
18/04/2023,102.3,39790520,103.95,104.2,101.52,0.595,0.633,0.595,0.633
19/04/2023,104.3,58398890,101.58,105.12,101.39,0.51,0.633,0.51,0.633
20/04/2023,103.81,57696870,103.53,105.25,103.21,0.55,0.621,0.55,0.621
21/04/2023,106.96,86774190,106.1,108.15,105.08,0.405,0.567,0.405,0.567
24/04/2023,106.21,69575610,107.66,109.23,105.07,0.605,0.532,0.605,0.532
25/04/2023,102.57,65026820,104.91,105.45,102.45,0.749,0.554,0.749,0.554
26/04/2023,104.98,73803790,105.04,106.1,104.7,0.748,0.588,0.748,0.588
27/04/2023,109.82,149961200,108.16,110.86,106.8,0.651,0.603,0.651,0.603
28/04/2023,105.45,130715900,107.73,109.48,104.33,0.554,0.624,0.554,0.624
01/05/2023,102.05,74728100,104.95,105.23,101.82,0.542,0.558,0.542,0.558
02/05/2023,103.63,73469350,101.47,103.9,101.15,0.546,0.529,0.546,0.529
03/05/2023,103.65,65051930,103.74,105.96,103.28,0.578,0.505,0.578,0.505
04/05/2023,104,45345520,104.04,105.39,103.31,0.698,0.512,0.698,0.512
05/05/2023,105.66,56951740,104.27,105.76,103.55,0.819,0.55,0.819,0.55
08/05/2023,105.83,49430910,105.04,106.1,104.7,0.711,0.677,0.711,0.677
09/05/2023,106.62,44089360,105.48,106.79,105.16,0.854,0.721,0.854,0.721
10/05/2023,110.19,78627620,108.1,110.67,108.05,0.706,0.744,0.706,0.744
11/05/2023,112.18,74924840,111.03,113.28,110.49,0.61,0.749,0.61,0.749
12/05/2023,110.26,49852670,112.16,112.64,109.32,0.521,0.723,0.521,0.723
15/05/2023,111.2,53011150,111.15,112.29,109.25,0.665,0.683,0.665,0.683
16/05/2023,113.4,71472910,111.05,114.79,111.05,0.588,0.645,0.588,0.645
17/05/2023,115.5,65655180,114.89,115.83,114.22,0.528,0.62,0.528,0.62
18/05/2023,118.15,73174090,116.69,118.6,116.34,0.82,0.65,0.82,0.65
19/05/2023,116.25,55056310,118.16,118.31,115.7,0.811,0.691,0.811,0.691
22/05/2023,115.01,70741120,116.77,116.77,114.25,0.606,0.64,0.606,0.64
23/05/2023,114.99,67576260,114.27,117.14,113.78,0.403,0.603,0.403,0.603
24/05/2023,116.75,63487940,115.35,117.34,115.02,0.996,0.661,0.996,0.661
25/05/2023,115,66496680,116.63,116.87,114.31,0.876,0.711,0.876,0.711
26/05/2023,120.11,96779890,116.04,121.5,116.02,0.966,0.731,0.966,0.731
30/05/2023,121.66,64314810,122.37,122.92,119.86,0.698,0.933,0.698,0.933
31/05/2023,120.58,72800790,121.45,122.04,119.17,0.423,0.851,0.423,0.851
01/06/2023,122.77,54375130,120.69,123.49,119.93,0.756,0.834,0.756,0.834
02/06/2023,124.25,62159270,123.01,125.63,122.26,0.582,0.779,0.582,0.779
05/06/2023,125.3,47950130,123.36,125.8,123.19,0.603,0.604,0.603,0.604
06/06/2023,126.61,45695210,125.07,127.4,125,0.724,0.607,0.724,0.607
07/06/2023,121.23,95663280,127.01,127.37,120.63,0.579,0.63,0.579,0.63
08/06/2023,124.25,62159270,123.01,125.63,122.26,0.552,0.6,0.552,0.6
09/06/2023,123.43,51396020,124.08,125.8,123.19,0.599,0.603,0.599,0.603
12/06/2023,126.57,51473380,124.02,126.78,123.53,0.586,0.668,0.586,0.668
13/06/2023,126.66,50564790,128.12,128.41,125.18,0.366,0.617,0.366,0.617
14/06/2023,126.42,52422460,126.7,126.95,124.12,0.37,0.587,0.37,0.587
15/06/2023,127.11,60458470,125.21,127.69,124.32,0.644,0.6,0.644,0.6
16/06/2023,125.49,84247100,127.71,127.9,125.3,0.547,0.592,0.547,0.592
20/06/2023,125.78,56930120,124.97,127.25,124.5,0.737,0.586,0.737,0.586
21/06/2023,124.83,52137670,125.64,126.73,124.33,0.31,0.578,0.31,0.578
22/06/2023,130.15,90354570,125.31,130.33,125.14,0.569,0.567,0.569,0.567
23/06/2023,129.33,70343340,131.94,132.24,127.47,0.683,0.586,0.683,0.586
26/06/2023,127.33,59989320,129.33,131.49,127.1,0.63,0.574,0.63,0.574
27/06/2023,129.18,46801010,128.63,130.09,127.55,0.762,0.577,0.762,0.577
28/06/2023,129.04,52149510,128.94,131.48,128.44,0.747,0.64,0.747,0.64
29/06/2023,127.9,40760960,128.77,129.26,127.26,0.629,0.648,0.629,0.648
30/06/2023,130.36,54350680,129.47,131.25,128.95,0.823,0.668,0.823,0.668
03/07/2023,130.22,27939570,130.82,131.85,130.07,0.784,0.723,0.784,0.723
05/07/2023,130.38,35895410,130.24,131.4,129.64,0.674,0.675,0.674,0.675
06/07/2023,128.36,40697850,128.25,128.73,127.37,0.76,0.677,0.76,0.677
07/07/2023,129.78,41992250,128.59,130.97,128.13,0.656,0.681,0.656,0.681
10/07/2023,127.13,61889290,129.07,129.28,125.92,0.628,0.653,0.628,0.653
11/07/2023,128.78,49951460,127.75,129.77,127.35,0.476,0.666,0.476,0.666
12/07/2023,130.8,54022850,130.31,131.26,128.83,0.611,0.657,0.611,0.657
13/07/2023,134.3,61170880,134.04,134.67,132.71,0.777,0.66,0.777,0.66
14/07/2023,134.68,41442480,133.74,135.19,132.71,0.713,0.668,0.713,0.668
17/07/2023,133.56,48450200,134.56,135.62,133.21,0.794,0.651,0.794,0.651
18/07/2023,132.83,54969130,132.71,133.86,131.36,0.808,0.698,0.808,0.698
19/07/2023,135.36,41785510,136.32,137.45,134.61,0.554,0.69,0.554,0.69
20/07/2023,129.96,59820580,134.07,134.79,129.33,0.628,0.669,0.628,0.669
21/07/2023,130,133307300,131.34,131.37,128.42,0.51,0.64,0.51,0.64
24/07/2023,128.8,45671540,130.31,131.66,128.35,0.605,0.485,0.605,0.485
25/07/2023,129.13,39236660,129.31,129.58,128.53,0.682,0.467,0.682,0.467
26/07/2023,128.15,53910090,126.51,129.08,126.11,0.644,0.48,0.644,0.48
27/07/2023,128.25,52610660,131,132.63,127.79,0.569,0.471,0.569,0.471
28/07/2023,132.21,46317380,129.69,133.01,129.33,0.628,0.488,0.628,0.488
31/07/2023,133.68,41901520,133.2,133.87,130.58,0.72,0.688,0.72,0.688
01/08/2023,131.69,42298930,133.55,133.69,131.62,0.583,0.674,0.583,0.674
02/08/2023,128.21,51027610,130.15,130.23,126.82,0.702,0.683,0.702,0.683
03/08/2023,128.91,91163740,127.48,129.84,126.41,0.624,0.69,0.624,0.69
04/08/2023,139.57,153128500,141.06,143.63,139.32,0.678,0.698,0.678,0.698
07/08/2023,142.22,71213110,140.99,142.54,138.95,0.387,0.659,0.387,0.659
08/08/2023,139.94,51710500,140.62,140.84,138.42,0.755,0.684,0.755,0.684
09/08/2023,137.85,48498910,133.9,138.03,133.16,0.682,0.681,0.682,0.681
10/08/2023,138.56,58928400,139.08,140.41,137.49,0.741,0.697,0.741,0.697
11/08/2023,138.41,42905830,137.4,139.33,137,0.74,0.706,0.74,0.706
14/08/2023,140.57,47148700,138.3,140.59,137.75,0.779,0.707,0.779,0.707
15/08/2023,137.67,42781520,140.05,141.28,137.23,0.725,0.702,0.725,0.702
16/08/2023,135.07,36137020,134.93,135.68,133.92,0.695,0.704,0.695,0.704
17/08/2023,133.98,48354090,135.46,136.09,133.53,0.707,0.699,0.707,0.699
18/08/2023,133.22,48497700,131.62,134.07,131.15,0.747,0.7,0.747,0.7
21/08/2023,134.68,41442480,133.74,135.19,132.71,0.776,0.718,0.776,0.718
22/08/2023,134.25,32935100,135.08,135.65,133.73,0.75,0.722,0.75,0.722
23/08/2023,135.52,42801040,134.5,135.95,133.22,0.718,0.725,0.718,0.725
24/08/2023,131.84,43646250,136.4,136.78,131.83,0.743,0.73,0.743,0.73
25/08/2023,133.26,44147450,132.47,133.87,130.58,0.416,0.683,0.416,0.683
28/08/2023,133.14,34108410,133.78,133.95,131.85,0.862,0.683,0.862,0.683
29/08/2023,134.91,38646090,133.38,135.14,133.25,0.634,0.666,0.634,0.666
30/08/2023,135.07,36137020,134.93,135.68,133.92,0.635,0.654,0.635,0.654
31/08/2023,138.01,58781310,135.06,138.79,135,0.638,0.639,0.638,0.639
01/09/2023,138.12,40991540,139.46,139.96,136.88,0.677,0.676,0.677,0.676
05/09/2023,137.27,40636740,137.73,137.8,135.82,0.541,0.521,0.541,0.521
06/09/2023,135.36,41785510,136.32,137.45,134.61,0.663,0.525,0.663,0.525
07/09/2023,137.85,48498910,133.9,138.03,133.16,0.625,0.523,0.625,0.523
08/09/2023,138.23,38365930,136.86,138.85,136.75,0.584,0.51,0.584,0.51
11/09/2023,143.1,56764530,138.75,143.62,138.64,0.724,0.592,0.724,0.592
12/09/2023,141.23,42668450,142.32,143,140.61,0.764,0.624,0.764,0.624
13/09/2023,144.85,60465180,140.95,144.98,140.87,0.616,0.617,0.616,0.617
14/09/2023,144.72,64033610,145.08,145.86,142.95,0.626,0.617,0.626,0.617
15/09/2023,140.39,102909300,142.69,143.57,140.09,0.619,0.622,0.619,0.622
18/09/2023,139.98,42823480,140.48,141.75,139.22,0.652,0.659,0.652,0.659
19/09/2023,137.63,61482470,138.7,138.84,135.56,0.602,0.636,0.602,0.636
20/09/2023,135.29,46263720,138.55,139.37,135.2,0.643,0.64,0.643,0.64
21/09/2023,129.33,70343340,131.94,132.24,127.47,0.603,0.637,0.603,0.637
22/09/2023,129.12,59904350,131.11,132.03,128.52,0.612,0.636,0.612,0.636
25/09/2023,131.27,46017830,129.36,131.78,128.77,0.6,0.611,0.6,0.611
26/09/2023,125.98,54554970,124.04,126.58,123.04,0.289,0.566,0.289,0.566
27/09/2023,125.98,54554970,124.04,126.58,123.04,0.347,0.524,0.347,0.524
28/09/2023,125.98,54554970,124.04,126.58,123.04,0.551,0.516,0.551,0.516
29/09/2023,127.12,62411730,128.2,129.15,126.32,0.454,0.494,0.454,0.494
02/10/2023,129.46,48029740,127.28,130.47,126.54,0.594,0.463,0.594,0.463
03/10/2023,124.72,51564990,128.06,128.52,124.25,0.579,0.505,0.579,0.505
04/10/2023,127,44203870,126.06,127.36,125.68,0.71,0.556,0.71,0.556
05/10/2023,125.96,39660640,126.71,126.73,124.33,0.607,0.564,0.607,0.564
06/10/2023,127.96,46836700,124.16,128.45,124.13,0.435,0.562,0.435,0.562
09/10/2023,128.26,38773740,126.22,128.79,124.76,0.573,0.579,0.573,0.579
10/10/2023,129.48,42178620,128.82,130.74,128.05,0.682,0.592,0.682,0.592
11/10/2023,131.83,40741840,129.74,132.05,129.61,0.68,0.606,0.68,0.606
12/10/2023,132.33,55528580,132.17,134.48,131.23,0.71,0.606,0.71,0.606
13/10/2023,129.79,45824690,132.98,133.31,128.95,0.531,0.596,0.531,0.596
16/10/2023,132.55,42832920,130.69,133.07,130.43,0.64,0.599,0.64,0.599
17/10/2023,131.47,49344550,130.39,132.58,128.71,0.718,0.604,0.718,0.604
18/10/2023,128.13,42699480,129.9,130.67,127.51,0.398,0.564,0.398,0.564
19/10/2023,128.4,60961360,130.57,132.24,127.47,0.552,0.542,0.552,0.542
20/10/2023,125.17,56406410,128.05,128.17,124.97,0.528,0.541,0.528,0.541
23/10/2023,126.56,48259950,124.63,127.88,123.98,0.573,0.595,0.573,0.595
24/10/2023,128.56,46477360,127.74,128.8,126.34,0.782,0.604,0.782,0.604
25/10/2023,121.39,74577540,126.04,126.34,120.79,0.574,0.629,0.574,0.629
26/10/2023,119.57,100419500,120.63,121.64,118.35,0.572,0.632,0.572,0.632
27/10/2023,127.74,125309300,126.2,130.02,125.52,0.658,0.651,0.658,0.651
30/10/2023,132.71,72485540,129.72,133,128.56,0.576,0.625,0.576,0.625
31/10/2023,133.09,51589380,132.75,133.57,131.71,0.67,0.609,0.67,0.609
01/11/2023,137,61529410,133.96,137.35,133.71,0.439,0.59,0.439,0.59
02/11/2023,138.07,52236690,138.73,138.81,136.47,0.658,0.602,0.658,0.602
03/11/2023,138.6,44059810,138.99,139.49,137.45,0.591,0.592,0.591,0.592
06/11/2023,139.74,44970420,138.76,140.73,138.36,0.761,0.595,0.761,0.595
07/11/2023,142.71,53553540,140.55,143.37,140.5,0.436,0.562,0.436,0.562
08/11/2023,142.08,44521660,142.97,143.12,141.22,0.722,0.602,0.722,0.602
09/11/2023,140.6,36235370,142.02,142.65,139.84,0.511,0.581,0.511,0.581
10/11/2023,143.56,49349940,140.46,143.65,139.91,0.584,0.58,0.584,0.58
13/11/2023,142.59,35680570,142.08,143.23,140.67,0.647,0.611,0.647,0.611
14/11/2023,145.8,56674550,145,147.26,144.68,0.735,0.653,0.735,0.653
15/11/2023,143.2,63875720,147.06,147.29,142.59,0.771,0.66,0.771,0.66
16/11/2023,142.83,49653510,140.91,143.32,139.52,0.546,0.665,0.546,0.665
17/11/2023,145.18,49678440,142.66,145.23,142.55,0.648,0.674,0.648,0.674
20/11/2023,146.13,41978770,145.13,146.63,144.73,0.467,0.637,0.467,0.637
21/11/2023,143.9,71225990,143.91,144.05,141.5,0.616,0.62,0.616,0.62
22/11/2023,146.71,45700000,144.57,147.74,144.57,0.733,0.615,0.733,0.615
24/11/2023,146.74,22378380,146.7,147.2,145.32,0.583,0.63,0.583,0.63
27/11/2023,147.73,53762430,147.53,149.26,146.88,0.701,0.634,0.701,0.634
28/11/2023,147.03,39951830,146,147.25,145.55,0.787,0.659,0.787,0.659
29/11/2023,146.32,40610910,147.85,148.54,145.97,0.684,0.652,0.684,0.652
30/11/2023,146.09,65814020,144.76,146.93,144.33,0.712,0.651,0.712,0.651
01/12/2023,147.03,39951830,146,147.25,145.55,0.569,0.649,0.569,0.649
04/12/2023,144.84,48294240,145.25,145.35,142.81,0.624,0.617,0.624,0.617
05/12/2023,146.88,52352830,146.15,147.92,145.34,0.724,0.608,0.724,0.608
06/12/2023,144.52,39678960,147.58,147.85,144.28,0.678,0.607,0.678,0.607
07/12/2023,146.88,52352830,146.15,147.92,145.34,0.508,0.578,0.508,0.578
08/12/2023,147.42,58400850,149.93,150.54,145.52,0.57,0.578,0.57,0.578
11/12/2023,145.89,50907290,145.66,146.19,143.64,0.584,0.593,0.584,0.593
12/12/2023,147.48,44944260,145.52,147.5,145.3,0.757,0.598,0.757,0.598
13/12/2023,148.84,52766200,148.12,149.46,146.82,0.619,0.589,0.619,0.589
14/12/2023,147.42,58400850,149.93,150.54,145.52,0.673,0.613,0.673,0.613
15/12/2023,149.97,110089300,148.38,150.57,147.88,0.729,0.636,0.729,0.636
18/12/2023,154.07,62512830,150.56,154.86,150.05,0.814,0.671,0.814,0.671
19/12/2023,153.79,43171290,154.4,155.12,152.69,0.833,0.682,0.833,0.682
20/12/2023,152.12,50322110,152.9,155.63,151.56,0.701,0.694,0.701,0.694
21/12/2023,153.84,36305730,153.3,153.97,152.1,0.779,0.709,0.779,0.709
22/12/2023,153.42,29514090,153.77,154.35,152.71,0.851,0.727,0.851,0.727
26/12/2023,153.41,25067220,153.56,154.78,153.12,0.813,0.736,0.813,0.736
27/12/2023,153.34,31434730,153.56,154.78,153.12,0.586,0.72,0.586,0.72
28/12/2023,153.38,27057000,153.72,154.08,152.95,0.613,0.696,0.613,0.696
29/12/2023,151.94,39823200,153.1,153.89,151.03,0.84,0.694,0.84,0.694
02/01/2024,149.93,47339420,151.54,152.38,148.39,0.759,0.749,0.759,0.749
03/01/2024,148.47,49425500,149.2,151.05,148.33,0.843,0.786,0.843,0.786
04/01/2024,144.57,56039810,145.59,147.38,144.05,0.648,0.791,0.648,0.791
05/01/2024,145.24,45153150,144.69,146.59,144.53,0.738,0.776,0.738,0.776
08/01/2024,149.1,46757050,146.74,149.4,146.15,0.727,0.669,0.727,0.669
09/01/2024,151.37,43812570,148.33,151.71,148.21,0.623,0.65,0.623,0.65
10/01/2024,153.73,44421830,152.06,154.42,151.88,0.68,0.627,0.68,0.627
11/01/2024,155.18,49072690,155.04,157.17,153.12,0.437,0.596,0.437,0.596
12/01/2024,154.62,40484160,155.39,156.2,154.01,0.703,0.591,0.703,0.591
16/01/2024,153.16,41384640,153.53,154.99,152.15,0.796,0.709,0.796,0.709
17/01/2024,151.71,34953360,151.49,152.15,149.91,0.865,0.735,0.865,0.735
18/01/2024,153.5,37850250,152.77,153.78,151.82,0.545,0.75,0.545,0.75
19/01/2024,155.34,51651630,153.83,155.76,152.74,0.477,0.718,0.477,0.718
22/01/2024,154.78,43687470,156.89,157.05,153.9,0.916,0.705,0.916,0.705
23/01/2024,156.02,37986040,154.85,156.21,153.93,0.772,0.701,0.772,0.701
24/01/2024,156.87,48547320,157.8,158.51,156.48,0.812,0.694,0.812,0.694
25/01/2024,157.75,43638590,156.95,158.51,154.55,0.721,0.719,0.721,0.719
26/01/2024,159.12,51047350,158.42,160.72,157.91,0.837,0.77,0.837,0.77
29/01/2024,161.26,45270390,159.34,161.29,158.9,0.716,0.787,0.716,0.787
30/01/2024,159,45207430,160.7,161.73,158.49,0.765,0.786,0.765,0.786
31/01/2024,155.2,50284370,157,159.01,154.81,0.765,0.78,0.765,0.78
01/02/2024,159.28,76542420,155.87,159.76,155.62,0.75,0.784,0.75,0.784
02/02/2024,171.81,117218300,169.19,172.5,167.33,0.758,0.773,0.758,0.773
05/02/2024,170.31,55081300,170.2,170.55,167.7,0.772,0.758,0.772,0.758
06/02/2024,169.15,42505520,169.39,170.71,167.65,0.749,0.755,0.749,0.755
07/02/2024,170.53,47174060,169.48,170.88,168.94,0.779,0.757,0.779,0.757
08/02/2024,169.84,42316450,169.65,171.43,168.88,0.798,0.764,0.798,0.764
09/02/2024,174.45,56985990,170.9,175,170.58,0.688,0.754,0.688,0.754
12/02/2024,172.34,51050440,174.8,175.39,171.54,0.932,0.761,0.932,0.761
13/02/2024,168.64,56345120,167.73,170.95,165.75,0.768,0.764,0.768,0.764
14/02/2024,170.98,42815540,169.21,171.21,168.28,0.831,0.771,0.831,0.771
15/02/2024,169.8,49855200,170.58,171.17,167.59,0.97,0.796,0.97,0.796
16/02/2024,169.51,48107740,168.74,170.42,167.17,0.696,0.797,0.696,0.797
20/02/2024,167.08,41980330,167.83,168.71,165.74,0.752,0.846,0.752,0.846
21/02/2024,168.59,44575620,168.94,170.23,167.14,0.629,0.817,0.629,0.817
22/02/2024,174.58,55392350,173.1,174.8,171.77,0.818,0.796,0.818,0.796
23/02/2024,174.99,59715240,174.28,175.75,173.7,0.754,0.804,0.754,0.804
26/02/2024,174.73,44368610,175.7,176.37,174.26,0.656,0.745,0.656,0.745
27/02/2024,173.54,31141730,174.08,174.62,172.86,0.498,0.709,0.498,0.709
28/02/2024,173.16,28180480,172.44,174.05,172.27,0.766,0.729,0.766,0.729
29/02/2024,176.76,53805360,173.01,177.22,172.85,0.825,0.73,0.825,0.73
01/03/2024,178.22,31129810,177.64,178.3,176.16,0.997,0.764,0.997,0.764
04/03/2024,177.58,37381520,177.53,180.14,177.49,0.721,0.729,0.721,0.729
05/03/2024,174.12,37228340,176.93,176.93,173.3,0.845,0.779,0.845,0.779
06/03/2024,173.51,32090930,175.54,176.46,173.26,0.609,0.756,0.609,0.756
07/03/2024,176.82,34063280,174.83,177.99,173.72,0.947,0.774,0.947,0.774
08/03/2024,175.35,37893240,176.44,178.79,174.33,0.962,0.769,0.962,0.769
11/03/2024,171.96,28484780,174.31,174.47,171.47,0.682,0.833,0.682,0.833
12/03/2024,175.39,36610600,173.5,176.76,171.98,0.694,0.811,0.694,0.811
13/03/2024,176.56,30772600,175.9,177.62,175.55,0.659,0.818,0.659,0.818
14/03/2024,178.75,43705840,177.69,179.53,176.47,0.659,0.777,0.659,0.777
15/03/2024,174.42,72147390,176.64,177.93,173.9,0.584,0.723,0.584,0.723
18/03/2024,174.48,31250690,175.8,176.69,174.28,0.899,0.68,0.899,0.68
19/03/2024,175.9,26880890,174.22,176.09,173.52,0.749,0.688,0.749,0.688
20/03/2024,178.15,32824320,179.99,181.42,178.15,0.6,0.68,0.6,0.68
21/03/2024,178.15,32824320,179.99,181.42,178.15,0.879,0.711,0.879,0.711
22/03/2024,178.87,27995380,177.75,179.26,176.75,0.779,0.739,0.779,0.739
25/03/2024,179.71,29815460,178.01,180.99,177.24,0.83,0.776,0.83,0.776
26/03/2024,178.3,29658980,180.15,180.45,177.95,0.526,0.744,0.526,0.744
27/03/2024,179.83,33272550,179.88,180,177.31,0.993,0.8,0.993,0.8
28/03/2024,180.38,38051590,180.17,181.7,179.26,0.79,0.788,0.79,0.788
01/04/2024,180.97,29174520,180.79,183,179.95,0.685,0.729,0.685,0.729
02/04/2024,180.69,32611550,179.07,180.79,178.38,0.808,0.77,0.808,0.77
03/04/2024,182.41,31046640,179.9,182.87,179.8,0.638,0.719,0.638,0.719
04/04/2024,180,41624260,184,185.1,179.91,0.609,0.693,0.609,0.693
05/04/2024,185.07,42373990,182.38,186.27,181.97,0.731,0.714,0.731,0.714
08/04/2024,185.19,39221280,186.9,187.29,184.81,0.81,0.678,0.81,0.678
09/04/2024,185.67,36546950,187.24,187.34,184.2,0.862,0.686,0.862,0.686
10/04/2024,185.95,35879150,182.77,186.27,182.67,0.738,0.7,0.738,0.7
11/04/2024,189.05,40020740,186.74,189.77,185.51,0.747,0.72,0.747,0.72
12/04/2024,186.13,38608850,187.72,188.38,185.08,0.701,0.716,0.701,0.716
15/04/2024,183.62,48052400,187.43,188.69,183,0.783,0.782,0.783,0.782
16/04/2024,183.32,32891270,183.27,184.83,182.26,0.717,0.761,0.717,0.761
17/04/2024,181.28,32116390,180.1,181.5,178.75,0.936,0.789,0.936,0.789
18/04/2024,179.22,30723790,181.47,182.39,178.65,0.769,0.793,0.769,0.793
19/04/2024,174.63,56000730,178.74,179,173.44,0.796,0.806,0.796,0.806
22/04/2024,177.23,37924890,176.94,178.87,174.56,0.888,0.81,0.888,0.81
23/04/2024,179.54,37046520,178.08,179.93,175.98,0.8,0.822,0.8,0.822
24/04/2024,176.59,34185110,179.94,180.32,176.18,0.648,0.781,0.648,0.781
25/04/2024,173.67,49249390,169.68,173.92,166.32,0.725,0.775,0.725,0.775
26/04/2024,179.62,43919770,177.8,180.82,176.13,0.63,0.751,0.63,0.751
29/04/2024,180.96,54063940,182.75,183.53,179.39,0.907,0.749,0.907,0.749
30/04/2024,175,94639790,181.09,182.99,174.8,0.698,0.734,0.698,0.734
01/05/2024,179,94645150,181.64,185.15,176.56,0.74,0.747,0.74,0.747
02/05/2024,184.72,54303510,180.85,185.1,179.91,0.678,0.74,0.678,0.74
03/05/2024,186.21,39172000,186.99,187.87,185.42,0.807,0.766,0.807,0.766
06/05/2024,188.7,34725300,186.28,188.75,184.8,0.503,0.702,0.503,0.702
07/05/2024,188.76,34048900,188.92,189.94,187.31,0.709,0.704,0.709,0.704
08/05/2024,188,26136350,187.44,188.43,186.39,0.795,0.712,0.795,0.712
09/05/2024,189.5,43368380,188.88,191.7,187.44,0.772,0.725,0.772,0.725
10/05/2024,187.48,34141770,189.16,189.89,186.93,0.768,0.72,0.768,0.72
13/05/2024,186.57,24898610,188,188.31,185.36,0.833,0.754,0.833,0.754
14/05/2024,187.07,38698160,183.82,187.72,183.45,0.778,0.764,0.778,0.764
15/05/2024,185.99,75459930,185.97,186.72,182.73,0.645,0.742,0.645,0.742
16/05/2024,183.63,38834450,185.6,187.31,183.46,0.802,0.747,0.802,0.747
17/05/2024,184.7,33175660,183.76,185.3,183.35,0.804,0.752,0.804,0.752
20/05/2024,183.54,30511770,184.34,186.67,183.28,0.901,0.762,0.901,0.762
21/05/2024,183.15,50839130,182.3,183.26,180.75,0.819,0.768,0.819,0.768
22/05/2024,183.13,43081830,181.14,184.93,180.11,0.729,0.78,0.729,0.78
23/05/2024,181.05,33670170,183.66,184.76,180.08,0.78,0.776,0.78,0.776
24/05/2024,180.75,27471640,181.65,182.44,180.3,0.814,0.778,0.814,0.778
28/05/2024,182.15,29926960,179.93,185.86,178,0.821,0.805,0.821,0.805
29/05/2024,182.02,32009290,181.7,184.08,181.55,0.626,0.79,0.626,0.79
30/05/2024,179.32,29249230,181.31,181.34,178.36,0.706,0.78,0.706,0.78
31/05/2024,176.44,58903940,178.3,179.21,173.87,0.724,0.767,0.724,0.767
03/06/2024,178.34,30786640,177.7,178.7,175.92,0.718,0.736,0.718,0.736
04/06/2024,179.34,27198390,177.64,178.3,176.16,0.988,0.76,0.988,0.76
05/06/2024,181.28,32116390,180.1,181.5,178.75,0.86,0.793,0.86,0.793
06/06/2024,185,31371150,181.75,185,181.22,0.906,0.822,0.906,0.822
07/06/2024,184.3,28021470,184.9,186.19,183.45,0.735,0.823,0.735,0.823
10/06/2024,187.06,34494500,184.07,187.23,183.79,0.78,0.872,0.78,0.872
11/06/2024,187.23,27265110,187.06,187.77,184.54,0.882,0.856,0.882,0.856
12/06/2024,186.89,23456810,187.05,187.78,185.61,0.815,0.85,0.815,0.85
13/06/2024,183.83,39721550,186.09,187.67,182.67,0.96,0.858,0.96,0.858
14/06/2024,183.66,25456410,183.08,183.72,182.23,0.738,0.858,0.738,0.858
17/06/2024,184.06,35601910,182.52,185,181.22,0.694,0.774,0.694,0.774
18/06/2024,182.81,36659160,183.74,184.29,181.43,0.468,0.715,0.468,0.715
20/06/2024,186.1,44726780,182.91,183.9,176.8,0.88,0.697,0.88,0.697
21/06/2024,189.08,72931750,187.8,189.28,185.86,0.747,0.699,0.747,0.699
24/06/2024,185.57,50610380,189.33,191,185.33,0.652,0.716,0.652,0.716
25/06/2024,186.34,45898480,186.81,188.84,185.42,0.789,0.762,0.789,0.762
26/06/2024,193.61,65103890,186.92,194.8,186.26,0.716,0.754,0.716,0.754
27/06/2024,197.85,74397490,195.01,199.84,194.2,0.775,0.739,0.775,0.739
28/06/2024,193.25,76930190,197.73,198.85,192.5,0.781,0.744,0.781,0.744
01/07/2024,197.2,41192010,193.49,198.3,192.82,0.664,0.787,0.664,0.787
02/07/2024,200,39858890,198.65,200.55,198.17,0.827,0.793,0.827,0.793
03/07/2024,197.59,31597930,199.94,200.03,196.76,0.847,0.812,0.847,0.812
05/07/2024,200,39858890,198.65,200.55,198.17,0.7,0.819,0.7,0.819
08/07/2024,199.29,34767260,200.04,201.2,197.96,0.952,0.84,0.952,0.84
09/07/2024,199.34,32756740,199.4,200.57,199.05,0.738,0.827,0.738,0.827
10/07/2024,199.79,32883750,200,200.11,197.69,0.742,0.812,0.742,0.812
11/07/2024,195.05,44565040,200.09,200.27,192.86,0.778,0.794,0.778,0.794
12/07/2024,194.49,30598530,194.8,196.47,193.83,0.754,0.802,0.754,0.802
15/07/2024,192.72,52548230,198.42,199.26,191.88,0.711,0.735,0.711,0.735
16/07/2024,193.02,33994710,195.59,196.62,192.24,0.741,0.735,0.741,0.735
17/07/2024,187.93,48076140,191.35,191.58,185.99,0.537,0.706,0.537,0.706
18/07/2024,183.75,51043630,189.59,189.68,181.45,0.794,0.708,0.794,0.708
19/07/2024,183.13,43081830,181.14,184.93,180.11,0.4,0.658,0.4,0.658
22/07/2024,182.55,39931920,185,185.06,182.48,0.747,0.685,0.747,0.685
23/07/2024,186.41,47537670,184.1,189.39,183.56,0.7,0.679,0.7,0.679
24/07/2024,180.83,41532360,183.2,185.45,180.41,0.899,0.731,0.899,0.731
25/07/2024,179.85,44464160,182.91,183.9,176.8,0.733,0.722,0.733,0.722
26/07/2024,182.5,29505960,180.39,183.19,180.24,0.792,0.778,0.792,0.778
29/07/2024,183.2,33270120,183.84,184.75,182.38,0.779,0.765,0.779,0.765
30/07/2024,181.71,39508570,184.72,185.86,178,0.634,0.756,0.634,0.756
31/07/2024,186.98,41667330,185.05,187.94,184.46,0.878,0.753,0.878,0.753
01/08/2024,184.07,70435640,189.29,190.6,185.23,0.74,0.754,0.74,0.754
02/08/2024,167.9,141448400,166.75,168.77,160.55,0.434,0.703,0.434,0.703
05/08/2024,161.02,83149440,154.21,162.96,151.61,0.421,0.614,0.421,0.614
06/08/2024,161.93,59950830,161.71,165.08,158.54,0.669,0.619,0.669,0.619
07/08/2024,162.77,48408240,166.55,167.58,161.43,0.685,0.592,0.685,0.592
08/08/2024,165.8,44616210,165.17,166.69,162.55,0.595,0.571,0.595,0.571
09/08/2024,166.94,36401050,166.4,168.55,166.11,0.599,0.594,0.599,0.594
12/08/2024,166.8,30072790,168.14,168.55,166.11,0.792,0.68,0.792,0.68
13/08/2024,170.23,39237920,167.81,171.04,167.1,0.845,0.705,0.845,0.705
14/08/2024,170.1,28843800,172.11,172.28,168.86,0.925,0.739,0.925,0.739
15/08/2024,177.59,51698510,174.86,177.91,173.99,0.715,0.756,0.715,0.756
16/08/2024,177.06,31489180,177.04,178.34,176.26,0.797,0.785,0.797,0.785
19/08/2024,178.22,31129810,177.64,178.3,176.16,0.885,0.802,0.885,0.802
20/08/2024,178.88,26255200,177.92,179.01,177.43,0.898,0.809,0.898,0.809
21/08/2024,180.11,35599120,179.92,182.39,178.89,0.728,0.781,0.728,0.781
22/08/2024,176.13,32047480,181.38,181.47,175.68,0.649,0.772,0.649,0.772
23/08/2024,177.04,29150090,177.34,178.97,175.24,0.66,0.752,0.66,0.752
26/08/2024,175.5,22366240,176.7,177.47,174.3,0.775,0.77,0.775,0.77
27/08/2024,173.12,29841980,174.15,174.89,172.25,0.665,0.736,0.665,0.736
28/08/2024,170.8,29045030,173.69,173.69,168.92,0.745,0.739,0.745,0.739
29/08/2024,172.12,26407820,173.22,174.29,170.81,0.708,0.747,0.708,0.747
30/08/2024,178.5,43429360,172.78,178.9,172.6,0.599,0.739,0.599,0.739
03/09/2024,176.25,37817510,177.55,178.26,175.26,0.738,0.675,0.738,0.675
04/09/2024,173.33,30309230,174.48,175.98,172.54,0.826,0.687,0.826,0.687
05/09/2024,177.89,40170530,175,179.88,175,0.839,0.705,0.839,0.705
06/09/2024,171.39,41466540,177.24,178.38,171.16,0.54,0.697,0.54,0.697
09/09/2024,175.4,29037360,174.53,175.85,173.51,0.678,0.743,0.678,0.743
10/09/2024,179.55,36233800,177.49,180.5,176.79,0.829,0.756,0.829,0.756
11/09/2024,184.52,42564700,180.1,184.99,175.73,0.791,0.751,0.791,0.751
12/09/2024,187,33622480,184.8,187.41,183.54,0.87,0.756,0.87,0.756
13/09/2024,186.49,26495350,187,188.5,185.91,0.742,0.785,0.742,0.785
16/09/2024,184.89,26065490,185.29,185.81,183.36,0.601,0.748,0.601,0.748
17/09/2024,186.88,26091680,186.85,189.45,186.14,0.789,0.742,0.789,0.742
18/09/2024,186.43,34448130,186.45,188.8,185.06,0.868,0.753,0.868,0.753
19/09/2024,189.87,39543170,190.04,190.99,188.47,0.726,0.733,0.726,0.733
20/09/2024,191.6,100378600,190.23,191.84,187.41,0.997,0.769,0.997,0.769
23/09/2024,193.88,36993110,191.64,194.45,190.57,0.972,0.766,0.972,0.766
24/09/2024,193.96,43478930,194.27,195.37,190.13,0.762,0.763,0.762,0.763
25/09/2024,192.53,26391140,193.75,193.95,192.16,0.727,0.742,0.727,0.742
26/09/2024,191.16,36334850,194.31,194.53,189.54,0.9,0.767,0.9,0.767
27/09/2024,187.97,36002320,190.68,190.9,187.34,0.913,0.755,0.913,0.755
30/09/2024,186.33,41680400,187.14,188.49,184.65,0.786,0.778,0.786,0.778
01/10/2024,185.13,36044910,184.9,186.19,183.45,0.608,0.756,0.608,0.756
02/10/2024,184.76,23704060,184.44,186.6,184.04,0.526,0.727,0.526,0.727
03/10/2024,181.96,30204300,183.05,183.44,180.88,0.811,0.714,0.811,0.714
04/10/2024,186.51,41079010,185.75,187.6,183.6,0.86,0.707,0.86,0.707
07/10/2024,180.8,42364200,182.95,183.6,180.25,0.627,0.721,0.627,0.721
08/10/2024,182.72,26372090,181.92,183.09,180.92,0.669,0.73,0.669,0.73
09/10/2024,185.17,26343120,182.82,185.85,182.05,0.893,0.782,0.893,0.782
10/10/2024,186.65,27785040,187.13,188.13,185.83,0.849,0.788,0.849,0.788
11/10/2024,188.82,25751560,186.63,189.93,186.3,0.872,0.79,0.872,0.79
14/10/2024,187.54,22614410,189.78,189.83,187.36,1,0.845,1,0.845
15/10/2024,187.69,32178930,187.63,188.41,184.58,0.782,0.861,0.782,0.861
16/10/2024,186.89,23456810,187.05,187.78,185.61,0.812,0.85,0.812,0.85
17/10/2024,187.53,25039410,188.22,188.94,186,0.9,0.857,0.9,0.857
18/10/2024,188.99,37417670,187.15,190.74,186.28,0.895,0.86,0.895,0.86
21/10/2024,189.07,24639390,188.05,189.46,186.4,0.515,0.785,0.515,0.785
22/10/2024,189.7,29650590,188.35,191.52,186.98,0.687,0.772,0.687,0.772
23/10/2024,184.71,31937090,188.85,189.16,183.69,0.134,0.675,0.134,0.675
24/10/2024,186.38,21647400,185.25,187.11,183.86,0.492,0.617,0.492,0.617
25/10/2024,187.83,29362060,187.85,190.45,187.53,0.794,0.602,0.794,0.602
28/10/2024,188.39,27930840,189.57,190.21,188.21,-0.09,0.452,-0.09,0.452
29/10/2024,190.83,35690160,188.58,191.46,187.82,0.777,0.465,0.777,0.465
30/10/2024,192.73,37707550,194.7,195.61,192.42,0.48,0.514,0.48,0.514
31/10/2024,186.4,75146760,190.51,190.6,185.23,0.5,0.515,0.5,0.515
01/11/2024,197.93,99687850,199,200.5,197.02,0.568,0.483,0.568,0.483
04/11/2024,195.78,38492060,196.45,197.33,194.31,0.393,0.541,0.393,0.541
05/11/2024,199.5,30564780,196.04,199.82,195.99,0.306,0.473,0.306,0.473
06/11/2024,207.09,72292170,200.01,207.55,199.14,0.408,0.463,0.408,0.463
07/11/2024,210.05,52878380,207.44,212.25,207.19,0.727,0.495,0.727,0.495
08/11/2024,208.18,36075850,209.72,209.96,207.44,0.293,0.456,0.293,0.456
11/11/2024,206.84,35456010,208.5,209.65,205.59,0.178,0.356,0.178,0.356
12/11/2024,208.91,38942920,208.37,209.54,206.01,0.288,0.353,0.288,0.353
13/11/2024,214.1,46212940,209.4,215.09,209.14,-0.038,0.289,-0.038,0.289
14/11/2024,211.48,42620310,214.16,215.9,210.88,0.584,0.269,0.584,0.269
15/11/2024,202.61,86591140,206.76,207.34,199.61,0.275,0.266,0.275,0.266
18/11/2024,201.7,36512470,204.15,204.67,200.95,0.497,0.288,0.497,0.288
20/11/2024,202.88,32768990,202.98,203.13,199.45,0.284,0.288,0.284,0.288
21/11/2024,198.38,58800040,203.49,203.49,195.75,0.077,0.304,0.077,0.304
22/11/2024,197.12,31530840,198.25,199.26,196.75,0.433,0.283,0.433,0.283
26/11/2024,207.86,41673740,201.9,208,201.79,-0.055,0.316,-0.055,0.316
27/11/2024,205.74,28061640,206.98,207.64,205.05,0.666,0.34,0.666,0.34
29/11/2024,207.89,24892450,205.83,208.2,204.59,0.459,0.403,0.459,0.403
02/12/2024,210.71,39523190,209.96,212.99,209.51,0.079,0.318,0.079,0.318
03/12/2024,213.44,32214830,210.31,214.02,209.65,0.4,0.383,0.4,0.383
04/12/2024,218.16,48745720,215.96,220,215.75,0.701,0.388,0.701,0.388
05/12/2024,220.55,41140220,218.03,222.15,217.3,0.545,0.417,0.545,0.417
06/12/2024,227.03,44178070,220.75,227.15,220.6,0.533,0.428,0.533,0.428
09/12/2024,226.09,46819360,227.21,230.08,225.67,0.447,0.503,0.447,0.503
10/12/2024,225.04,31199860,226.09,229.06,224.2,0.379,0.5,0.379,0.5
11/12/2024,230.26,35385790,226.41,231.2,226.26,0.355,0.451,0.355,0.451
12/12/2024,228.97,28204080,229.83,231.09,227.63,0.045,0.379,0.045,0.379
13/12/2024,227.46,28768080,228.4,230.2,225.86,0.456,0.368,0.456,0.368
16/12/2024,232.93,37552100,230.23,233,228.01,0.366,0.254,0.366,0.254
17/12/2024,231.15,35948130,232.39,232.73,227.85,0.258,0.237,0.258,0.237
18/12/2024,220.52,43281440,230.77,231.4,220.11,0.355,0.237,0.355,0.237
19/12/2024,223.29,39918740,224.91,226.09,222.92,0.37,0.283,0.37,0.283
20/12/2024,224.92,88279180,219.84,226.21,218.73,0.28,0.258,0.28,0.258
23/12/2024,225.06,28070010,225.01,226.88,223.9,0.627,0.4,0.627,0.4
24/12/2024,229.05,15007500,226.94,229.14,226.13,0.682,0.461,0.682,0.461
26/12/2024,227.05,16174500,228.5,228.5,226.67,0.43,0.462,0.43,0.462
27/12/2024,223.75,27367150,225.6,226.03,220.9,0.399,0.479,0.399,0.479
31/12/2024,219.39,24819660,222.97,223.23,218.94,0.436,0.325,0.436,0.325
02/01/2025,220.22,33956580,222.03,225.15,218.19,0.494,0.357,0.494,0.357
03/01/2025,224.19,27515610,222.51,225.36,221.62,0.545,0.373,0.545,0.373
06/01/2025,227.61,31849830,226.78,228.84,224.84,0.35,0.491,0.35,0.491
07/01/2025,222.11,28084160,227.9,228.38,221.46,0.572,0.51,0.572,0.51
08/01/2025,222.13,25033290,223.19,223.52,220.2,0.699,0.509,0.699,0.509
10/01/2025,218.94,36811530,221.46,221.71,216.5,0.462,0.461,0.462,0.461
13/01/2025,218.46,27262660,218.06,219.4,216.47,0.328,0.448,0.328,0.448
14/01/2025,217.76,24711650,220.44,221.82,216.2,0.75,0.474,0.75,0.474
15/01/2025,223.35,31291260,222.83,223.57,220.75,0.63,0.464,0.63,0.464
16/01/2025,220.66,24757280,224.42,224.65,220.31,0.759,0.537,0.759,0.537
17/01/2025,225.94,42370120,225.84,226.51,223.08,0.753,0.579,0.753,0.579
21/01/2025,230.71,39951460,228.9,231.78,226.94,0.987,0.814,0.987,0.814
22/01/2025,235.01,41448220,232.02,235.44,231.19,0.707,0.825,0.707,0.825
23/01/2025,235.42,49428330,226.21,235.61,225.86,0.707,0.817,0.707,0.817
24/01/2025,234.85,25890740,234.5,236.4,232.93,0.337,0.758,0.337,0.758
27/01/2025,235.42,49428330,226.21,235.61,225.86,0.314,0.631,0.314,0.631
28/01/2025,238.15,41587190,234.29,241.77,233.98,0.132,0.509,0.132,0.509
29/01/2025,237.07,26091720,239.02,240.39,236.15,0.34,0.457,0.34,0.457
30/01/2025,234.64,32020730,237.14,237.95,232.22,0.123,0.373,0.123,0.373
31/01/2025,237.68,36162380,236.5,240.29,236.41,0.466,0.392,0.466,0.392
03/02/2025,237.42,37285870,234.06,239.25,232.9,0.132,0.339,0.132,0.339
04/02/2025,242.06,29713810,239.01,242.52,238.03,0.276,0.36,0.276,0.36
05/02/2025,236.17,38832040,237.02,238.32,235.2,0.174,0.336,0.174,0.336
06/02/2025,238.83,60897100,238.01,239.66,236.01,0.185,0.345,0.185,0.345
07/02/2025,229.15,77539280,232.5,234.81,228.06,0.234,0.312,0.234,0.312
10/02/2025,233.14,35419930,230.55,233.92,229.2,0.142,0.391,0.142,0.391
11/02/2025,232.76,23713730,231.92,233.44,230.13,0.373,0.405,0.373,0.405
12/02/2025,228.93,32285250,230.46,231.18,228.16,-0.005,0.379,-0.005,0.379
13/02/2025,230.37,31346510,228.85,230.42,227.52,0.347,0.403,0.347,0.403
14/02/2025,228.68,27031080,229.2,229.89,227.23,0.087,0.382,0.087,0.382
18/02/2025,226.65,42975130,228.82,229.3,223.72,0.153,0.245,0.153,0.245
19/02/2025,226.63,28566710,225.52,226.83,223.71,0.161,0.268,0.161,0.268
20/02/2025,222.88,30001670,224.78,225.13,221.81,0.089,0.231,0.089,0.231
21/02/2025,216.58,55323850,223.28,223.31,214.74,0.28,0.259,0.28,0.259
24/02/2025,212.71,42387590,217.45,217.72,212.42,0.243,0.256,0.243,0.256
25/02/2025,212.8,58957980,211.63,213.34,204.16,0.177,0.259,0.177,0.259
26/02/2025,214.35,39120600,214.94,218.16,213.09,0.131,0.255,0.131,0.255
27/02/2025,208.74,40548570,218.35,219.97,208.37,0.255,0.279,0.255,0.279
28/02/2025,212.28,51771740,208.65,212.62,206.99,0.092,0.252,0.092,0.252
03/03/2025,205.02,42948450,213.35,214.01,202.55,0.067,0.138,0.067,0.138
04/03/2025,203.8,60853080,200.11,206.8,197.43,-0.079,0.127,-0.079,0.127
05/03/2025,208.36,38610090,204.8,209.98,203.26,0.126,0.11,0.126,0.11
06/03/2025,200.7,49863760,204.4,205.77,198.3,-0.014,0.083,-0.014,0.083
07/03/2025,199.25,59802820,199.49,202.27,192.53,0.138,0.084,0.138,0.084
10/03/2025,194.54,62350930,195.6,196.73,190.85,0.308,0.101,0.308,0.101
11/03/2025,196.59,54002880,193.9,200.18,193.4,0.104,0.127,0.104,0.127
12/03/2025,198.89,43679280,200.72,201.52,195.29,0.153,0.131,0.153,0.131
13/03/2025,193.89,41270760,198.17,198.88,191.82,0.135,0.152,0.135,0.152
14/03/2025,197.95,38096660,197.41,198.65,195.32,-0.005,0.132,-0.005,0.132
17/03/2025,195.74,47341750,198.77,199,194.32,0.13,0.142,0.13,0.142
18/03/2025,192.82,40414870,192.52,194,189.38,0.256,0.135,0.256,0.135
19/03/2025,195.54,39442880,193.38,195.97,191.96,0.121,0.137,0.121,0.137
20/03/2025,194.95,38921110,193.07,199.32,192.3,0.091,0.128,0.091,0.128
21/03/2025,196.21,60056920,192.9,196.99,192.52,0.192,0.137,0.192,0.137
24/03/2025,203.26,41625370,200,203.64,199.95,0.06,0.117,0.06,0.117
25/03/2025,205.71,31171160,203.6,206.21,203.22,0.146,0.101,0.146,0.101
26/03/2025,201.13,32990970,205.84,206.01,199.93,0.102,0.099,0.102,0.099
27/03/2025,201.36,27317660,200.89,203.79,199.28,0.16,0.109,0.16,0.109
28/03/2025,192.72,52548230,198.42,199.26,191.88,0.021,0.084,0.021,0.084
31/03/2025,190.26,63547560,188.19,191.33,184.4,0.167,0.154,0.167,0.154
01/04/2025,192.17,41267320,187.86,193.93,187.2,0.128,0.151,0.128,0.151
02/04/2025,196.01,53679200,187.66,198.34,187.66,0.127,0.155,0.118,0.153
03/04/2025,178.41,95553620,183,184.13,176.92,-0.108,0.116,-0.101,0.116
04/04/2025,171,123159400,167.15,178.14,166,0.183,0.14,0.274,0.152
07/04/2025,175.26,109327100,162,183.41,161.38,0.174,0.133,0.153,0.134
08/04/2025,170.66,87710360,185.23,185.9,168.57,0.256,0.151,0.255,0.152
09/04/2025,191.1,116804300,172.12,192.65,169.93,0.163,0.156,0.163,0.159
10/04/2025,181.22,68302050,185.44,186.87,175.85,0.102,0.186,0.098,0.187
11/04/2025,184.87,50594340,179.93,185.86,178,0.101,0.174,0.092,0.161
14/04/2025,182.12,48002540,186.84,187.44,179.23,0.194,0.14,0.249,0.145
