Date,Close,Volume,Open,High,Low,Average Score,7 MA
2015-09-03,142.0694,3595764,141.3628,143.2793,141.0918,0.994,0.994
2015-09-07,#N/A,#N/A,#N/A,#N/A,#N/A,0.992,0.994
2015-09-08,142.5049,3919644,141.1789,142.6114,140.9853,0.988,0.993
2015-09-09,140.3949,3399297,143.9665,144.2568,140.2013,0.989,0.993
2015-09-11,142.6404,3113803,141.2273,142.7663,140.995,0.995,0.993
2015-09-15,142.7953,2713661,141.8952,143.1825,141.0821,0.997,0.993
2015-10-06,144.0052,3011246,144.2762,145.3312,143.7245,0.991,0.992
2015-11-10,131.1223,4448658,131.0159,131.3788,129.8157,0.989,0.992
2015-11-19,132.3516,4753303,131.8386,133.3151,131.645,0.995,0.992
2015-11-23,134.0164,5137820,134.0841,134.4132,132.7194,0.998,0.993
2015-12-15,133.3679,4234341,132.9904,134.51,132.8743,0.994,0.994
2015-12-16,134.8198,4342627,134.6552,135.1682,133.3679,0.997,0.994
2015-12-17,132.3613,4088762,134.8778,135.023,131.933,0.996,0.994
2015-12-29,135.294,3943676,133.8131,135.565,133.7647,0.972,0.992
2016-02-16,118.8009,4061016,117.9201,119.1397,117.4458,0.997,0.993
2016-02-29,126.8248,4427070,127.7637,129.0801,126.699,0.997,0.993
2016-03-14,138.1977,4047564,137.4525,138.5946,136.5136,0.999,0.993
2016-04-05,145.186,3336922,146.5701,146.7347,144.8473,0.987,0.992
2016-04-07,143.4922,3662508,144.2859,144.7989,143.2502,0.996,0.992
2016-04-12,144.8279,3592828,144.8086,145.2925,143.8116,0.998,0.992
2016-04-14,146.3088,3176285,146.6379,147.8575,145.5538,0.999,0.996
2016-05-10,145.157,3992259,143.4825,145.2248,142.9986,0.992,0.995
2016-05-25,146.8218,4355296,144.1504,147.209,143.7343,0.094,0.866
2016-05-31,148.806,5836207,147.6639,148.8738,147.3832,0.997,0.866
2016-06-14,146.212,2864498,146.425,146.9186,145.5732,0.994,0.867
2016-08-15,156.6848,2967957,157.1881,157.7398,156.588,0.982,0.865
2016-11-15,153.5778,3475578,153.3358,154.0424,152.4937,0.994,0.865
2017-02-01,168.6965,2795443,169.3837,170.0637,167.3414,0.996,0.864
2017-02-07,172.7327,3859161,170.3516,172.8875,170.2548,0.999,0.865
2017-02-14,174.3491,2775296,172.8391,174.3491,172.6262,0.996,0.994
2017-05-23,147.1509,2564503,147.6736,148.7479,147.0444,0.989,0.993
2017-06-08,147.2186,3693150,146.1539,147.9155,146.0765,0.997,0.993
2017-08-28,137.9364,5131244,139.4851,139.9206,137.8203,0.991,0.995
2017-09-12,141.0821,5239033,140.453,141.6725,139.8722,0.999,0.995
2017-10-03,142.0694,2302599,141.9823,142.4758,141.6435,0.996,0.995
2017-10-18,154.4102,30473410,152.0775,156.0556,151.913,0.998,0.995
2017-11-27,147.1025,3304050,147.1799,147.5961,146.754,0.995,0.995
2018-01-30,158.3689,4901284,160.8758,161.4178,157.9189,0.995,0.996
2018-02-01,157.1881,4431977,157.9527,158.8626,156.7041,0.996,0.996
2018-03-16,155.1168,9206814,154.9232,156.7816,154.5167,0.991,0.996
2018-03-19,152.3002,5454834,154.5844,154.7585,151.429,0.998,0.996
2018-04-04,149.1738,4801403,143.1438,149.5126,142.7179,0.998,0.996
2018-04-17,155.7459,10030300,153.723,156.8009,153.4229,0.995,0.995
2018-06-14,140.5401,3278242,141.9435,142.263,140.4336,0.998,0.996
2018-06-22,136.7459,5978837,137.0943,137.2589,136.2619,0.997,0.996
2018-06-28,135.5457,4523146,133.6679,136.0296,133.5179,0.991,0.995
2018-10-01,148.0898,3737903,146.8412,148.4963,146.8412,0.961,0.991
2018-10-22,125.8473,5629672,125.4214,126.2517,124.2792,0.995,0.991
2018-10-29,115.8004,20130510,115.51,119.9721,114.5034,0.678,0.945
2018-10-30,111.6965,21412910,116.6134,117.6007,111.4545,0.995,0.945
2018-11-01,113.0806,13619520,111.7932,113.2451,111.4158,0.934,0.936
2018-11-06,119.1687,9593084,116.8264,119.8366,116.4489,1,0.936
2018-11-30,120.2818,7250091,117.7556,120.6883,117.5813,0.995,0.937
2018-12-11,117.0103,4806171,119.2945,119.8366,116.1488,0.956,0.936
2018-12-17,112.374,7332780,115.2487,115.9359,111.377,0.999,0.937
2019-01-03,109.2864,4154119,110.8544,111.1931,109.0734,0.996,0.982
2019-01-15,117.8233,3507503,117.078,118.0169,116.9425,0.994,0.982
2019-01-16,117.7168,3789197,117.6781,118.0846,116.9522,0.999,0.991
2019-01-22,118.588,9734454,119.3429,119.8269,117.6394,0.996,0.991
2019-02-21,133.4163,2937236,133.3969,133.9099,132.942,0.995,0.991
2019-03-01,134.7326,2979597,134.8391,135.5457,134.1906,0.998,0.997
2019-04-25,134.1809,2910104,135.2166,135.2632,133.2905,0.999,0.997
2019-04-26,134.9649,2319706,134.8681,135.4005,134.3552,0.997,0.997
2019-04-30,135.7683,4195775,134.6455,135.9328,134.2293,0.993,0.997
2019-07-02,135.7199,2410092,135.265,135.9232,134.994,0.999,0.997
2019-10-15,138.4107,3046999,137.9654,139.1076,137.2589,0.998,0.997
2020-01-23,138.2849,5657790,139.5722,139.7751,137.588,0.999,0.998
2020-03-23,91.7285,9729393,91.564,94.6032,87.6536,0.994,0.997
2020-03-27,104.563,6423038,105.0953,107.9216,104.1903,0.999,0.997
2020-04-06,111.1351,7034193,106.8085,111.9191,106.5956,0.807,0.97
2020-04-09,117.6007,5576815,116.6134,118.9751,116.3107,0.998,0.971
2020-04-28,122.2176,4778144,123.9211,124.0857,121.3562,0.997,0.97
2020-05-13,112.0159,5882813,116.1004,116.1391,111.1641,-0.95,0.692
2020-05-21,115.2971,4000863,117.1071,117.8136,115.1519,0.987,0.69
2020-05-22,114.5905,4180771,115.539,115.631,113.8162,0.997,0.691
2020-06-03,124.9084,3917746,123.0694,125.4359,122.9242,0.996,0.69
2020-06-23,115.5778,6632605,118.0943,118.9558,115.4035,0.477,0.643
2020-07-02,115.8585,3746958,115.8488,117.5233,115.4326,0.999,0.643
2020-08-11,122.6822,5001176,124.6277,126.2828,122.5467,0.68,0.598
2020-08-12,122.6338,3530177,123.5146,123.6888,121.8362,0.991,0.875
2020-09-03,120.456,5716750,124.076,125.7795,119.6817,0.552,0.813
2020-09-08,117.32,5210292,118.2395,118.9267,116.836,0.758,0.779
2020-09-10,116.6909,3978805,118.5976,119.6105,116.3811,0.999,0.779
2020-09-11,117.562,3548091,117.4942,118.7622,116.8554,-0.874,0.586
2020-10-02,116.7005,2925228,115.2196,117.8427,115.0067,0.917,0.575
2020-10-07,120.0882,2815663,118.7331,120.3979,118.3944,0.876,0.603
2020-10-08,127.2701,25288930,126.6603,131.1514,125.6053,0.989,0.602
2020-10-09,123.6888,8353704,127.7637,127.7637,123.5049,1,0.666
2020-10-12,123.1274,4635115,123.9598,124.1341,122.3821,1,0.701
2020-10-16,121.8885,4714320,121.1529,122.3725,120.6544,0.44,0.621
2020-10-19,121.4917,7478735,122.7306,123.2629,121.0658,-0.243,0.711
2020-10-20,113.6032,21501070,115.9552,116.294,113.0902,0.999,0.723
2020-10-21,111.3674,9755308,112.916,113.9129,111.106,0.052,0.605
2020-11-04,108.3088,5800071,108.725,110.2543,107.5925,0.637,0.555
2020-12-03,119.643,4548161,120.1753,120.8529,119.3332,-0.649,0.319
2020-12-16,121.5207,4530096,121.8885,122.5107,121.2652,1,0.319
2020-12-17,121.5207,3787962,122.0337,122.0434,120.9013,0.998,0.399
2020-12-21,119.43,6115671,119.9914,120.1947,117.8136,0.995,0.576
2020-12-30,120.3495,3380494,119.8269,120.8432,119.6623,0.999,0.576
2021-01-04,119.9624,5179161,121.8111,121.8763,119.0913,1,0.711
2021-01-05,122.0918,6114619,120.998,122.6144,120.6109,0.998,0.763
2021-01-07,124.8503,4507382,125.8666,126.2731,124.1437,0.999,0.998
2021-01-08,124.4051,4676487,124.4438,125.1697,122.9048,0.914,0.986
2021-01-09,#N/A,#N/A,#N/A,#N/A,#N/A,0.995,0.986
2021-01-12,125.0633,3749213,124.9471,125.6827,123.834,0.993,0.985
2021-01-14,124.831,7503180,123.9114,125.9828,123.4565,0.998,0.985
2021-01-19,124.8793,5397956,125.131,125.4311,123.9777,0.999,0.985
2021-01-21,127.4249,12819230,125.944,127.996,125.8763,0.978,0.982
2021-01-22,114.8034,38063530,116.8264,116.8264,113.5936,0.393,0.896
2021-01-25,114.7744,13686390,114.9506,115.7017,113.6807,0.273,0.804
2021-01-28,116.2263,8084051,118.859,119.2461,116.2166,0.999,0.805
2021-01-29,115.2874,11825500,116.3618,117.4071,115.0841,0.999,0.806
2021-01-31,#N/A,#N/A,#N/A,#N/A,#N/A,0.727,0.767
2021-02-04,117.1361,4562124,116.0617,117.2135,115.0551,0.35,0.674
2021-02-08,119.643,5887999,118.6847,119.9979,118.4718,0.996,0.677
2021-02-09,118.1814,4717014,117.9879,118.6608,117.1651,0.999,0.763
2021-02-10,118.3169,4866765,119.0816,119.4494,117.3237,-0.402,0.667
2021-02-11,117.0296,5381556,118.0846,118.2831,116.7586,0.999,0.667
2021-02-12,116.9232,3871195,117.1167,117.4652,116.2359,0.996,0.666
2021-02-13,#N/A,#N/A,#N/A,#N/A,#N/A,0.997,0.705
2021-02-16,116.2166,6639790,116.294,116.7296,115.5294,0.964,0.793
2021-02-19,115.1712,6578741,116.8748,116.8844,114.5808,1,0.793
2021-02-23,116.836,4531464,117.0393,117.4555,115.9552,0.999,0.793
2021-02-25,118.5396,5691830,119.4107,120.3592,118.4089,0.991,0.992
2021-02-26,115.1132,9050990,118.3266,118.3266,115.0648,0.836,0.969
2021-03-01,116.8651,5715767,116.4876,118.3944,116.0181,0.997,0.969
2021-03-03,118.4331,7404269,116.6328,118.6983,116.1295,0.998,0.969
2021-03-04,116.2553,8068492,118.0846,119.2655,114.9438,0.997,0.974
2021-03-05,118.888,6949265,116.7683,119.7785,116.3908,0.991,0.973
2021-03-07,#N/A,#N/A,#N/A,#N/A,#N/A,0,0.83
2021-03-08,120.8045,7239191,119.0429,122.779,118.9364,0.698,0.788
2021-03-09,120.1947,5609029,121.3755,122.3725,120.1753,0.998,0.811
2021-03-10,123.7663,7247807,121.0368,124.1244,120.6109,0.997,0.811
2021-03-11,123.0597,5146937,123.9792,124.5115,122.7112,0.915,0.799
2021-03-12,123.5146,4010100,123.1081,123.5824,122.5467,0.999,0.8
2021-03-13,#N/A,#N/A,#N/A,#N/A,#N/A,0.999,0.801
2021-03-14,#N/A,#N/A,#N/A,#N/A,#N/A,0.226,0.833
2021-03-15,124.4535,3421281,123.6695,124.618,123.4469,0.998,0.876
2021-03-16,124.1244,4653178,124.1631,124.3954,123.2533,0.969,0.872
2021-03-18,125.886,5835669,124.8019,126.791,123.6888,0.773,0.84
2021-03-19,124.7632,9844983,125.8473,126.2538,124.4051,0.997,0.852
2021-03-20,#N/A,#N/A,#N/A,#N/A,#N/A,0.663,0.804
2021-03-21,#N/A,#N/A,#N/A,#N/A,#N/A,0.999,0.804
2021-03-22,126.3602,4164914,124.376,126.5248,123.7856,0.997,0.914
2021-03-23,126.2731,4356359,126.2538,127.3378,125.6343,0.655,0.865
2021-03-24,126.428,4005027,126.7474,127.8702,126.3796,0.749,0.833
2021-03-25,128.7994,5553966,126.1473,128.9639,125.6053,0.999,0.866
2021-03-26,132.0031,5567592,129.0123,132.0999,128.8478,0.599,0.809
2021-03-27,#N/A,#N/A,#N/A,#N/A,#N/A,0.57,0.795
2021-03-29,131.4998,4622664,131.616,132.671,131.1611,0.996,0.795
2021-03-30,130.3964,4790366,131.4998,131.8967,129.7189,0.98,0.793
2021-03-31,128.9833,4945315,130.2222,130.3867,128.4509,0.872,0.824
2021-04-01,128.9542,4074161,129.4672,129.6318,128.025,0.473,0.784
2021-04-04,#N/A,#N/A,#N/A,#N/A,#N/A,0,0.641
2021-04-05,131.5676,5471616,129.3511,132.3032,129.1188,0.989,0.697
2021-04-07,130.5997,2976136,129.5447,130.6094,129.4866,0.871,0.74
2021-04-08,130.7836,4087228,130.2512,131.2771,129.8544,0.814,0.714
2021-04-09,131.374,3023916,130.5416,131.3837,130.3867,1,0.717
2021-04-10,#N/A,#N/A,#N/A,#N/A,#N/A,-0.599,0.507
2021-04-11,#N/A,#N/A,#N/A,#N/A,#N/A,0.691,0.538
2021-04-12,130.2706,3753959,130.6868,131.0256,129.5543,0.682,0.635
2021-04-13,126.97,8033530,128.7316,129.3317,126.1957,0.995,0.636
2021-04-14,128.3735,5868049,127.091,128.5187,126.3312,0.852,0.634
2021-04-15,128.3251,3883955,129.0026,129.5737,127.9767,0.977,0.657
2021-04-16,129.3027,5291756,128.7316,129.7963,128.6832,0.499,0.585
2021-04-18,#N/A,#N/A,#N/A,#N/A,#N/A,0.056,0.679
2021-04-19,128.8478,8198582,129.3124,129.5205,128.3251,0.57,0.662
2021-04-20,133.726,15480580,132.671,135.2843,132.3129,0.481,0.633
2021-04-21,138.943,11909010,133.6292,139.1173,133.2905,0.604,0.577
2021-04-22,136.7459,7101368,139.0882,140.0948,136.4749,0.623,0.544
2021-04-23,137.859,4556700,136.7749,139.0011,136.4265,0.816,0.521
2021-04-24,#N/A,#N/A,#N/A,#N/A,#N/A,0,0.45
2021-04-26,137.0266,4710763,137.8493,139.0205,136.9395,0.717,0.544
2021-04-27,137.4525,3884037,137.1427,137.9848,136.2329,0.977,0.603
2021-04-28,138.4107,3768129,138.3333,138.7978,137.5396,0.656,0.628
2021-04-29,139.6109,4353880,139.5044,143.9665,138.3913,0.901,0.67
2021-04-30,137.3266,8872181,139.0882,139.214,136.0393,0.875,0.706
2021-05-01,#N/A,#N/A,#N/A,#N/A,#N/A,0,0.589
2021-05-02,#N/A,#N/A,#N/A,#N/A,#N/A,0.495,0.66
2021-05-03,140.1045,5733463,139.1947,141.0724,138.943,0.482,0.627
2021-05-04,141.0724,6350479,139.7754,141.8855,139.698,0.995,0.629
2021-05-05,140.5594,3622786,141.2563,141.3144,139.7263,1,0.678
2021-05-06,143.6567,7503487,140.5982,143.7487,140.5207,0.738,0.655
2021-05-07,140.7917,7003467,141.237,141.4499,139.9303,0.902,0.659
2021-05-10,141.479,6983377,141.1208,143.618,141.1208,0.72,0.762
2021-05-11,139.5915,7126404,140.3368,140.5304,138.3139,0.77,0.801
2021-05-12,136.7652,5959579,139.2237,139.5238,136.6104,0.995,0.874
2021-05-13,139.5431,4598920,136.9104,140.2497,136.7459,0.975,0.871
2021-05-14,140.0368,2747385,140.453,141.0144,139.3399,0.409,0.787
2021-05-17,140.453,4275014,139.8045,141.1208,139.698,0.82,0.799
2021-05-18,139.2915,3824050,140.1336,140.6369,138.6333,0.938,0.804
2021-05-19,138.5946,4300732,137.7525,138.6043,136.3974,0.856,0.823
2021-05-20,139.2624,4112690,138.5268,140.2594,137.5976,0.998,0.856
2021-05-21,140.0948,4033482,139.6496,141.0231,139.6496,0.999,0.856
2021-05-22,#N/A,#N/A,#N/A,#N/A,#N/A,0.967,0.855
2021-05-24,140.0755,3297570,140.4046,140.724,139.5528,0.976,0.936
2021-05-25,139.1753,3937323,140.2691,140.3465,138.6043,0.538,0.896
2021-05-26,138.7785,3083789,138.8946,139.3683,138.4494,0.634,0.853
2021-05-27,139.2044,5630345,139.2044,140.1239,139.0205,0.954,0.867
2021-05-28,139.1269,2534811,139.5819,139.698,138.8801,0.998,0.867
2021-05-30,#N/A,#N/A,#N/A,#N/A,#N/A,0.318,0.769
2021-05-31,#N/A,#N/A,#N/A,#N/A,#N/A,0.999,0.774
2021-06-01,139.5625,2417455,140.3465,141.1499,139.1366,0.999,0.777
2021-06-02,141.0434,2786916,139.9787,141.0724,139.4851,0.998,0.843
2021-06-03,140.8788,4130741,140.2594,141.1983,139.4173,1,0.895
2021-06-04,142.6888,3117905,141.3144,142.8147,141.0821,0.527,0.834
2021-06-05,#N/A,#N/A,#N/A,#N/A,#N/A,0.911,0.822
2021-06-07,143.2696,3462712,142.8147,143.9665,142.4469,0.857,0.899
2021-06-08,144.2859,5080099,143.3664,145.3796,143.3664,0.644,0.848
2021-06-09,145.8345,5303252,144.2472,146.2217,144.0439,0.971,0.844
2021-06-10,145.7087,4758488,146.6089,147.9349,144.9537,0.987,0.842
2021-06-11,146.425,3438255,145.6022,146.9718,145.5442,0.242,0.734
2021-06-12,#N/A,#N/A,#N/A,#N/A,#N/A,0.202,0.688
2021-06-14,145.2151,3344845,145.8732,146.183,143.8842,0.935,0.691
2021-06-15,144.5666,2513281,145.0408,145.0989,143.831,0.678,0.666
2021-06-16,143.0857,3879185,144.9537,144.9537,142.4953,0.999,0.716
2021-06-17,140.9272,4367387,142.8147,143.3083,140.6175,0.998,0.72
2021-06-18,138.5268,9156505,139.8432,140.0368,138.4494,0.765,0.688
2021-06-21,141.9435,4285711,139.4851,142.3501,139.4367,0.999,0.797
2021-06-22,141.6629,2437121,141.8177,142.0984,140.6853,0.977,0.907
2021-06-23,139.969,3202644,141.7306,141.7984,139.9303,0.998,0.916
2021-06-24,140.7724,3609679,141.1208,141.4983,140.0464,0.471,0.887
2021-06-25,142.1274,3594218,140.7143,142.2146,140.2933,0.979,0.884
2021-06-28,140.6272,3888869,142.292,142.5727,140.2614,0.88,0.867
2021-06-29,140.8788,2428626,140.5982,142.0307,140.4433,0.999,0.9
2021-06-30,141.8855,3245091,140.4723,142.2146,140.0658,0.985,0.898
2021-07-01,142.1274,2686289,142.2436,142.7663,141.8661,0.993,0.901
2021-07-02,135.5263,16828160,142.1952,142.2339,134.9843,0.581,0.841
2021-07-06,134.3261,8093747,135.4973,135.9135,132.7,0.744,0.88
2021-07-07,135.3327,4059667,134.3068,135.8264,134.3068,0.712,0.842
2021-07-08,136.2232,5487425,133.3582,136.7749,133.2421,0.786,0.829
2021-07-09,136.9782,3904059,136.9104,137.4234,136.321,0.989,0.827
2021-07-12,136.3974,3342627,136.8911,137.404,135.6183,0.998,0.829
2021-07-13,135.778,3164294,136.3974,136.3974,135.1488,0.997,0.83
2021-07-14,135.3327,4403752,136.2039,136.2329,134.4687,0.616,0.835
2021-07-15,135.9425,3639698,134.8488,135.9522,134.346,0.966,0.866
2021-07-16,134.4423,4109308,136.4749,136.4749,134.1422,0.685,0.862
2021-07-18,#N/A,#N/A,#N/A,#N/A,#N/A,0.99,0.892
2021-07-19,133.4937,8582302,132.0709,134.0454,131.8375,0.35,0.8
2021-07-20,135.4779,13611680,138.4107,140.2691,134.2487,0.38,0.712
2021-07-21,136.7652,4803977,135.4779,136.8524,135.1682,0.574,0.652
2021-07-22,136.1942,3314153,137.1137,137.2589,135.9038,0.776,0.674
2021-07-23,136.804,4474157,136.4362,137.1524,135.8264,1,0.679
2021-07-24,#N/A,#N/A,#N/A,#N/A,#N/A,0,0.581
2021-07-27,138.1687,3137027,137.9558,139.0301,137.0556,0.644,0.532
2021-07-28,137.2202,2544099,138.4204,138.5075,137.0943,0.797,0.596
2021-07-29,137.375,2670873,137.7622,138.372,137.0556,0.991,0.683
2021-07-30,136.4362,3535555,136.9782,137.2976,136.2716,0,0.601
2021-07-31,#N/A,#N/A,#N/A,#N/A,#N/A,0.997,0.633
2021-08-01,#N/A,#N/A,#N/A,#N/A,#N/A,0.103,0.505
2021-08-03,139.4463,4084724,137.346,140.0561,137.104,0.999,0.647
2021-08-04,138.1784,2830079,139.185,139.5528,137.8977,0.924,0.687
2021-08-06,139.4657,3826835,138.4107,139.7561,138.3042,0.5,0.645
2021-08-07,#N/A,#N/A,#N/A,#N/A,#N/A,0.727,0.607
2021-08-09,136.7168,4904065,137.6364,137.9219,136.4458,0.997,0.75
2021-08-10,136.8427,5299869,136.6781,137.2598,135.8361,1,0.75
2021-08-12,138.4784,2089418,137.6944,138.5559,137.5169,0.977,0.875
2021-08-13,138.5849,1910443,138.0622,138.9721,137.8687,0.51,0.805
2021-08-17,137.8493,3074078,138.4107,138.5656,136.562,0,0.673
2021-08-18,134.994,3510694,137.1234,137.3605,134.9165,0.999,0.744
2021-08-19,133.5905,4160129,134.239,134.9746,132.8065,0.976,0.78
2021-08-20,134.6455,2657763,133.3195,134.9069,132.8646,0.628,0.727
2021-08-23,135.1392,3039587,135.1392,135.6522,134.3455,0.792,0.697
2021-08-24,135.3521,2365638,135.294,135.7296,134.8488,0.922,0.69
2021-08-25,135.3715,2012817,135.4295,136.2813,134.9843,0.988,0.758
2021-08-26,134.3261,2498915,135.4779,136.2813,134.2584,-0.021,0.755
2021-08-27,134.9359,2459643,134.2584,135.1053,133.9583,0.58,0.695
2021-08-28,#N/A,#N/A,#N/A,#N/A,#N/A,0.797,0.669
2021-08-30,134.51,1995526,135.023,135.3908,134.36,0.994,0.722
2021-09-01,134.8294,2474544,135.4876,135.5746,134.723,0.964,0.746
2021-09-02,135.5166,2715659,135.236,135.5554,134.5681,0.937,0.748
2021-09-03,135.1004,1924215,135.1972,135.9619,134.8294,0.996,0.75
2021-09-05,#N/A,#N/A,#N/A,#N/A,#N/A,0.92,0.884
2021-09-06,#N/A,#N/A,#N/A,#N/A,#N/A,0.999,0.944
2021-09-07,133.6292,3285363,135.1682,135.3037,133.3402,0.999,0.973
2021-09-08,134.2196,2985409,133.7067,134.6262,133.184,0.838,0.95
2021-09-09,133.3195,3508363,133.426,134.5003,133.1404,0.499,0.884
2021-09-10,132.6226,3975115,134.3648,134.8971,132.6032,0.94,0.884
2021-09-11,#N/A,#N/A,#N/A,#N/A,#N/A,0.586,0.826
2021-09-13,133.7163,4144345,133.9583,134.5294,133.0969,0.332,0.742
2021-09-14,131.8483,4454291,133.9583,134.1229,130.9965,0.995,0.741
2021-09-15,132.7968,3254122,131.8483,133.3776,131.3159,0.998,0.741
2021-09-16,132.0515,2643975,132.8743,133.5228,131.3546,0.969,0.76
2021-09-20,129.9996,4770651,129.6027,130.8417,128.5187,0.988,0.83
2021-09-22,130.3093,3602416,129.4285,131.0256,129.1865,0.923,0.827
2021-09-23,132.3419,3013238,130.9094,133.0098,130.6965,0.998,0.886
2021-09-27,134.1132,3306865,133.5324,134.602,133.0678,0.992,0.98
2021-09-28,133.0582,4314595,134.7036,135.205,132.8065,0.946,0.973
2021-09-29,134.7133,3774236,133.3098,135.4392,132.0612,0.644,0.923
2021-09-30,134.4713,5824431,135.507,136.0587,134.0551,0.636,0.875
2021-10-01,138.7204,6604064,136.4749,139.3496,135.8651,0.861,0.857
2021-10-02,#N/A,#N/A,#N/A,#N/A,#N/A,0.71,0.827
2021-10-04,139.4851,7351128,138.159,141.3144,137.7816,0.959,0.821
2021-10-05,138.5559,6976648,140.1045,140.3465,138.0622,0.762,0.788
2021-10-06,137.7912,5328433,137.9074,138.7688,136.3684,0.267,0.691
2021-10-07,137.2589,3823803,138.1494,138.793,136.9879,0.14,0.619
2021-10-08,138.6236,3731279,137.2589,139.0398,136.5233,0.338,0.577
2021-10-09,#N/A,#N/A,#N/A,#N/A,#N/A,0.818,0.571
2021-10-10,#N/A,#N/A,#N/A,#N/A,#N/A,-0.052,0.462
2021-10-11,137.859,2793298,138.8946,139.456,137.8299,0.993,0.467
2021-10-12,135.9619,3148559,137.646,137.7332,135.7973,0.734,0.463
2021-10-13,136.2426,2880747,136.0103,136.8717,135.1779,0.735,0.529
2021-10-14,138.7882,4217305,136.5136,139.3012,136.4846,0.955,0.646
2021-10-15,139.969,3222778,138.7882,140.2013,138.2074,0,0.598
2021-10-17,#N/A,#N/A,#N/A,#N/A,#N/A,0.959,0.618
2021-10-18,137.7525,6154055,139.3786,140.2884,137.2095,0.816,0.742
2021-10-19,137.4234,4339548,136.5523,138.3526,136.0104,0.991,0.741
2021-10-20,137.346,6189255,137.133,137.6364,136.1845,0.474,0.704
2021-10-21,124.2115,31466530,129.2253,129.4285,123.9889,0.472,0.667
2021-10-22,123.7759,11582200,123.9405,126.0699,122.5477,0.718,0.633
2021-10-24,#N/A,#N/A,#N/A,#N/A,#N/A,0.511,0.706
2021-10-25,123.5436,6374038,123.4372,124.5212,122.8661,0.414,0.628
2021-10-26,123.05,8520872,123.4275,124.1825,122.687,0.647,0.604
2021-10-27,121.1529,6973432,123.3501,123.7759,120.998,0.4,0.519
2021-10-28,121.8014,6503003,121.1529,122.2563,120.6206,0.997,0.594
2021-10-29,121.0852,5916789,121.4046,122.266,120.9013,0.997,0.669
2021-10-30,#N/A,#N/A,#N/A,#N/A,#N/A,0.916,0.697
2021-11-01,122.2273,5905521,121.0368,122.2563,119.8632,0.772,0.735
2021-11-02,122.1305,4514438,122.2466,123.0887,120.9013,0.903,0.805
2021-11-03,123.05,5421406,122.1789,123.2049,121.6465,0.604,0.798
2021-11-04,120.85,7208736,123.05,123.34,119.9,0.266,0.779
2021-11-05,123.61,6790478,121.43,123.77,121.43,0.998,0.779
2021-11-06,#N/A,#N/A,#N/A,#N/A,#N/A,1,0.78
2021-11-08,124.54,5625275,123.985,124.78,123.53,0.746,0.756
2021-11-09,120.85,7236608,122.56,122.9,120.26,0.902,0.774
2021-11-10,120.22,6268961,121,122.43,119.932,0.541,0.722
2021-11-11,120.27,4643257,120.9,121.7894,120.08,0.361,0.688
2021-11-12,118.96,5418279,120,120.64,118.78,0.997,0.792
2021-11-15,118.87,5046321,119.54,120.16,118.31,0.922,0.781
2021-11-16,118.46,4750760,118.92,119.9,118.42,0.998,0.781
2021-11-17,118.06,4043289,118.38,119.33,117.78,0.982,0.815
2021-11-18,116.66,5047879,118.36,118.36,116.31,0.993,0.828
2021-11-19,116.05,5384548,116.49,116.56,115.27,0.999,0.893
2021-11-21,#N/A,#N/A,#N/A,#N/A,#N/A,0.72,0.944
2021-11-22,116.47,6417218,116,118.81,115.19,0.362,0.854
2021-11-23,116.79,4914995,116.79,117.94,116.04,0.72,0.825
2021-11-24,116.73,3220802,116.16,117.27,116.08,0.546,0.76
2021-11-26,115.81,3322012,115,116.335,114.56,0.335,0.668
2021-11-29,118.5,8949795,118.62,119.61,117.53,0.649,0.619
2021-11-30,117.1,9252701,117.5,119.2399,116.45,0.99,0.617
2021-12-01,116.92,5959867,118.25,118.93,116.85,0.27,0.553
2021-12-03,118.84,6630139,117.36,119.36,117.36,0.986,0.642
2021-12-04,#N/A,#N/A,#N/A,#N/A,#N/A,0.318,0.585
2021-12-06,119.91,4785560,119.4,121.15,119.4,0.987,0.648
2021-12-07,121.58,5193991,120.475,122.08,120.07,0.855,0.722
2021-12-08,123.02,5483948,122,123.38,121.52,0.877,0.755
2021-12-09,123.57,4601092,122.15,123.95,121.79,0.997,0.756
2021-12-10,124.09,4966921,124.3,125.33,123.36,0.998,0.86
2021-12-11,#N/A,#N/A,#N/A,#N/A,#N/A,0.997,0.861
2021-12-12,#N/A,#N/A,#N/A,#N/A,#N/A,0.184,0.842
2021-12-13,122.58,6847468,123.76,124.3554,120.79,0.982,0.841
2021-12-14,123.76,5716124,122.35,125.03,122.3,0.997,0.862
2021-12-15,123.11,4990028,123.8,124.815,122.18,0.876,0.862
2021-12-16,125.93,7280537,123.51,126.6399,123.475,0.609,0.806
2021-12-17,127.4,10382690,125.87,128.64,125.2093,0.671,0.759
2021-12-18,#N/A,#N/A,#N/A,#N/A,#N/A,1,0.76
2021-12-20,127.06,4941411,125.72,127.2,124.7,0.792,0.847
2021-12-21,128.97,4855972,127.66,129.3356,127.66,0.79,0.819
2021-12-23,130.63,3649044,130,130.96,129.52,0.494,0.747
2021-12-27,131.62,4294499,130.63,131.65,129.95,-0.178,0.597
2021-12-28,132.63,3447079,131.6,133.22,131.59,0.652,0.603
2021-12-29,133.35,4239935,132.4,134.21,132.3,0.999,0.65
2021-12-30,133.91,3158111,133.75,134.37,133.33,0.764,0.616
2021-12-31,133.66,3362060,134,134.99,133.61,0,0.503
2022-01-01,#N/A,#N/A,#N/A,#N/A,#N/A,0.586,0.474
2022-01-03,136.04,4610665,134.07,136.295,133.63,0.99,0.545
2022-01-04,138.02,7300011,136.1,139.95,135.9,0.865,0.694
2022-01-05,138.22,8956910,138.31,142.2,137.88,0.7,0.701
2022-01-06,135.34,9908081,138.2,138.4099,132.51,0.992,0.7
2022-01-07,134.83,5238099,134.9,135.6618,133.5111,0.856,0.713
2022-01-08,#N/A,#N/A,#N/A,#N/A,#N/A,1,0.856
2022-01-10,135.03,5432807,134.47,136.2,133.38,0.778,0.883
2022-01-11,132.87,11105320,130.52,133.25,127.97,0.582,0.825
2022-01-12,133.59,5352014,133.25,134.47,131.37,0.783,0.813
2022-01-13,134.76,4868349,133.9,136.05,133.56,0.916,0.844
2022-01-14,134.21,5310305,134.55,135.14,133.3,0.304,0.746
2022-01-17,#N/A,#N/A,#N/A,#N/A,#N/A,0.996,0.766
2022-01-18,132.94,5247453,132.95,133.89,131.78,0.989,0.764
2022-01-19,131.58,4103694,132.9,133.9,131.5,0.998,0.795
2022-01-20,130.82,5278244,131.26,132.88,130.5705,0.917,0.843
2022-01-21,129.35,5906950,131.65,131.87,129.27,0.626,0.821
2022-01-22,#N/A,#N/A,#N/A,#N/A,#N/A,0.824,0.808
2022-01-23,#N/A,#N/A,#N/A,#N/A,#N/A,0.995,0.906
2022-01-24,128.82,13777650,127.99,129.15,124.193,0.446,0.828
2022-01-25,136.1,19715700,129.14,137.3361,128.3,0.641,0.778
2022-01-26,134.26,8335992,136.47,137.07,133.13,0.778,0.747
2022-01-27,132.52,5499566,133.66,134.75,132.08,0.758,0.724
2022-01-28,134.5,5471497,133.19,134.53,131.79,0.46,0.7
2022-01-29,#N/A,#N/A,#N/A,#N/A,#N/A,0.44,0.645
2022-01-31,133.57,5859043,134.09,134.09,132.3,0.997,0.646
2022-02-01,135.53,6206448,133.76,135.96,132.5,0.952,0.718
2022-02-02,137.25,5357237,135.7,137.555,135.26,0.855,0.749
2022-02-03,137.78,6100777,137,138.76,135.831,0.993,0.779
2022-02-04,137.15,4142045,137.86,138.82,136.215,0.734,0.776
2022-02-05,#N/A,#N/A,#N/A,#N/A,#N/A,0.888,0.837
2022-02-06,#N/A,#N/A,#N/A,#N/A,#N/A,0.999,0.917
2022-02-07,137.24,3759046,137.45,137.8223,136.27,0.996,0.917
2022-02-08,137.02,4181825,137.23,137.52,135.78,0.993,0.923
2022-02-09,137.79,5393478,137.84,138.35,136.83,0.999,0.943
2022-02-10,133.52,5978640,135.47,136.56,133.17,0.675,0.898
2022-02-12,#N/A,#N/A,#N/A,#N/A,#N/A,0.285,0.834
2022-02-14,130.15,5345289,132.59,132.65,129.07,0.855,0.829
2022-02-15,129.94,4395714,130.64,131.68,129.61,0.996,0.828
2022-02-16,129.18,4875612,129.45,130.44,128.26,0.953,0.822
2022-02-17,124.97,6796997,128.05,128.5,124.85,0.983,0.821
2022-02-18,124.35,4609212,124.94,125.44,123.61,0.995,0.82
2022-02-22,123.92,5349687,124.2,125,122.68,0.923,0.856
2022-02-23,122.07,4086367,124.38,124.7,121.87,0.568,0.896
2022-02-24,121.97,6563202,120,122.1,118.81,0.546,0.852
2022-02-25,124.18,4460904,122.05,124.2625,121.45,0.691,0.808
2022-02-28,122.51,6757332,122.21,123.3851,121.0388,0.494,0.743
2022-03-01,121.35,4873331,122.67,123.39,120.7,0.755,0.71
2022-03-02,123.86,4891435,122.59,124.64,121.8,0.151,0.59
2022-03-04,126.62,4402911,124.4,127.35,124.2103,0.677,0.555
2022-03-07,126.07,5047358,126.47,127.905,125.62,0.992,0.615
2022-03-08,125.68,4887565,126.62,128.345,124.82,0.5,0.609
2022-03-09,126.22,4403499,127.41,128.1,125.91,0.903,0.639
2022-03-10,124.35,5326835,125.75,126.03,123.125,0.786,0.681
2022-03-11,123.96,4119630,125,126.77,123.91,0.324,0.619
2022-03-13,#N/A,#N/A,#N/A,#N/A,#N/A,0.116,0.614
2022-03-14,123.94,3289440,124.45,125.16,122.685,0.988,0.658
2022-03-15,125.64,4021228,124,125.9398,123.22,0.439,0.579
2022-03-16,127.04,4292845,126.5,127.2842,124.71,0.712,0.61
2022-03-17,127.96,3671903,127.1,128.29,126.53,0,0.481
2022-03-18,128.76,7466026,127.38,128.93,126.37,0.32,0.414
2022-03-19,#N/A,#N/A,#N/A,#N/A,#N/A,0.997,0.51
2022-03-21,128.1,3384636,129,129.74,127.4,0.995,0.636
2022-03-22,129.06,2690193,128.5,129.3,127.85,0.982,0.635
2022-03-23,128.3,2924535,129.08,129.32,128.25,0.998,0.715
2022-03-24,129.25,2971075,128.33,129.37,127.8,0.999,0.756
2022-03-25,131.35,3531746,129.5,131.4,129.31,0.982,0.896
2022-03-27,#N/A,#N/A,#N/A,#N/A,#N/A,-0.66,0.756
2022-03-28,131.47,2483492,130.82,131.5,129.6,0.958,0.751
2022-03-29,131.94,5791032,132.04,132.84,130.43,0.864,0.732
2022-03-30,132.13,2622860,132.01,133.08,131.39,0.018,0.594
2022-03-31,130.02,4274029,130.72,131.88,130,0.749,0.559
2022-04-01,130.15,4012373,129.66,130.27,128.06,0.021,0.419
2022-04-02,#N/A,#N/A,#N/A,#N/A,#N/A,0.536,0.355
2022-04-04,130.27,2811100,130.26,130.45,128.93,0.495,0.52
2022-04-05,128.89,3107181,129.85,131.23,128.66,0.454,0.448
2022-04-06,129.39,3958057,127.78,129.515,127.25,0.857,0.447
2022-04-09,#N/A,#N/A,#N/A,#N/A,#N/A,0.992,0.586
2022-04-11,126.37,3202545,127.95,128.175,126.18,0.761,0.588
2022-04-12,125.98,2690998,126.42,127.34,125.5835,0.997,0.727
2022-04-13,126.14,3064918,125.64,126.67,124.91,0.997,0.793
2022-04-14,126.56,6384180,128.93,130.58,126.38,0.551,0.801
2022-04-15,#N/A,#N/A,#N/A,#N/A,#N/A,0.892,0.864
2022-04-16,#N/A,#N/A,#N/A,#N/A,#N/A,0.994,0.883
2022-04-17,#N/A,#N/A,#N/A,#N/A,#N/A,-0.938,0.608
2022-04-18,126.17,4884150,126.6,127.3899,125.53,0.274,0.538
2022-04-19,129.15,7971361,126.08,129.4,126,0.577,0.478
2022-04-20,138.32,17859160,135,139.56,133.38,0.521,0.41
2022-04-21,139.85,9922349,138.23,141.88,137.35,0.499,0.403
2022-04-22,138.25,6508599,139.7,140.4399,137.35,0.842,0.396
2022-04-25,139.1,5748289,137.59,139.65,135.19,0.679,0.351
2022-04-26,136.19,4956236,139,139.87,136.17,0.891,0.612
2022-04-27,135.06,4369052,135.78,137.12,134.63,0.904,0.702
2022-04-28,135.74,4477068,136.85,136.99,134.81,0.977,0.759
2022-04-29,132.21,5078660,135.13,135.5545,132,0.999,0.827
2022-04-30,#N/A,#N/A,#N/A,#N/A,#N/A,0,0.756
2022-05-01,#N/A,#N/A,#N/A,#N/A,#N/A,0.994,0.778
2022-05-02,133.04,4213477,133,133.77,130.89,0.997,0.823
2022-05-03,132.52,3688574,133,133.6,131.99,0.273,0.735
2022-05-04,137.4,5932574,132.87,137.87,132.14,-0.569,0.524
2022-05-05,135.92,5957434,136.46,137.26,134.76,0.788,0.497
2022-05-06,137.67,7306396,135.47,137.99,135.47,0.775,0.465
2022-05-07,#N/A,#N/A,#N/A,#N/A,#N/A,0.997,0.608
2022-05-09,134.44,7647933,134.41,136.345,133.315,0.993,0.608
2022-05-10,129.13,8642398,135,135.41,128.43,0.455,0.53
2022-05-11,130.75,5301131,129.86,132.96,129.86,0.845,0.612
2022-05-12,132.9,5384809,131.27,133.62,130.41,0.995,0.835
2022-05-13,133.6,4195218,133,133.8,131.05,0.858,0.845
2022-05-14,#N/A,#N/A,#N/A,#N/A,#N/A,0.818,0.852
2022-05-15,#N/A,#N/A,#N/A,#N/A,#N/A,0.999,0.852
2022-05-16,135.03,4250395,133.1,136.51,132.41,0.999,0.853
2022-05-17,138.37,4372909,137.19,138.37,135.64,0.773,0.898
2022-05-18,132.94,6003015,137.1,137.615,132.17,0.435,0.84
2022-05-19,129.66,5819664,132,132.32,128.71,0.619,0.786
2022-05-20,128.48,6914458,130.18,130.37,125.8,0.422,0.724
2022-05-21,#N/A,#N/A,#N/A,#N/A,#N/A,0.998,0.749
2022-05-23,131.17,3591511,129.5,131.95,129.42,0.945,0.742
2022-05-24,133.8,4189723,130.57,134.37,130.42,0.712,0.701
2022-05-25,134.39,3299303,132.86,134.82,132.86,0.961,0.727
2022-05-26,136.89,3929338,135,137.55,134.52,0.514,0.739
2022-05-27,139.27,4608215,137.39,139.7394,137.24,0.999,0.793
2022-05-28,#N/A,#N/A,#N/A,#N/A,#N/A,0.994,0.875
2022-05-30,#N/A,#N/A,#N/A,#N/A,#N/A,0.992,0.874
2022-05-31,138.84,7978053,138.2,139.83,136.81,0.399,0.796
2022-06-01,139.43,3796488,139.67,140.4699,138.52,0.613,0.782
2022-06-02,140.15,3734812,139.45,140.29,136.85,0.712,0.746
2022-06-03,141.18,4352213,140.26,142.5794,139.74,0.994,0.815
2022-06-05,#N/A,#N/A,#N/A,#N/A,#N/A,0.946,0.807
2022-06-06,142.88,4767100,142.98,144.73,142,0.742,0.771
2022-06-07,142.78,2887051,142.6,142.98,140.96,0.505,0.702
2022-06-08,140.83,3005666,142.07,142.8,140.15,0.389,0.7
2022-06-09,137.96,3592551,140.15,141.04,137.93,0.993,0.754
2022-06-10,136.19,4661716,137.8,137.8,135.25,0.788,0.765
2022-06-13,135.11,6486044,133.97,137.57,133.76,0.686,0.721
2022-06-14,135.72,4607785,135,136.9501,134.86,0.553,0.665
2022-06-15,137.06,4606887,136.01,138.45,135.58,0.845,0.68
2022-06-16,135.67,5386396,135.3,136.24,134.39,0.632,0.698
2022-06-17,135.02,12968510,135.99,136.98,132.85,0.612,0.73
2022-06-18,#N/A,#N/A,#N/A,#N/A,#N/A,0.999,0.731
2022-06-19,#N/A,#N/A,#N/A,#N/A,#N/A,0.226,0.65
2022-06-20,#N/A,#N/A,#N/A,#N/A,#N/A,0.987,0.693
2022-06-21,137.85,4089272,135.9,138.5,135.9,0.757,0.723
2022-06-22,137.08,3791635,136.1,138.18,136.03,0.682,0.699
2022-06-23,138.44,4547925,137.14,138.62,136.5,0.884,0.735
2022-06-24,142.06,11493010,139.2,142.37,139.13,0,0.648
2022-06-27,142.8,3935968,142.26,143.83,141.95,0.995,0.647
2022-06-28,141.86,4065202,142.92,144.155,141.32,0.482,0.684
2022-06-29,140.71,4161491,142.74,143.5213,139.5,0.551,0.622
2022-06-30,141.19,4878020,139.58,142.46,139.28,0.064,0.523
2022-07-01,141.12,4012106,141,141.67,139.26,0.874,0.55
2022-07-04,#N/A,#N/A,#N/A,#N/A,#N/A,0.999,0.566
2022-07-05,137.62,6274067,139.97,139.97,135.27,0.552,0.645
2022-07-06,138.08,3237059,138,139.14,137.13,0.995,0.645
2022-07-07,140.83,3897077,138.91,141.325,138.83,0.666,0.672
2022-07-08,140.47,2820928,140.76,141.3203,139.82,0.719,0.696
2022-07-09,#N/A,#N/A,#N/A,#N/A,#N/A,0.998,0.829
2022-07-10,#N/A,#N/A,#N/A,#N/A,#N/A,0.637,0.795
2022-07-11,141,3912773,140.62,141.87,140.13,0.998,0.795
2022-07-12,139.18,3235571,140.84,141.55,138.565,0.742,0.822
2022-07-13,137.18,4123213,137.18,138.9,136.8,0.5,0.751
2022-07-14,139.06,5298351,135.6,139.43,135.02,0.982,0.797
2022-07-15,139.92,4519320,140.68,140.68,138.61,0.4,0.751
2022-07-16,#N/A,#N/A,#N/A,#N/A,#N/A,1,0.751
2022-07-17,#N/A,#N/A,#N/A,#N/A,#N/A,0.836,0.78
2022-07-18,138.13,8231694,140.15,140.31,137.7844,0.265,0.675
2022-07-19,130.88,29690540,131.58,132.56,127.72,0.304,0.612
2022-07-20,129.18,9882016,130.7,130.72,128.06,0.637,0.632
2022-07-21,127.15,11975360,128.75,128.81,125.13,0.293,0.534
2022-07-22,128.25,6467205,127.03,128.32,125.71,0.45,0.541
2022-07-24,#N/A,#N/A,#N/A,#N/A,#N/A,-0.93,0.265
2022-07-25,128.54,4702352,128.44,129.1257,127.9,0.692,0.244
2022-07-26,128.08,3645313,128.26,129.3,127.63,0.74,0.312
2022-07-27,129.12,4175625,127.97,129.43,127.58,0.659,0.363
2022-07-28,129.22,3913680,128.75,129.81,128.606,0.814,0.388
2022-07-29,130.79,5786815,129.52,131,129.31,0.445,0.41
2022-08-01,132.04,4142099,130.75,132.7,130.7,0.903,0.475
2022-08-02,131.81,4403633,132.2,132.78,130.51,0.337,0.656
2022-08-03,132.34,3088532,131.82,132.862,131.32,0.023,0.56
2022-08-05,132.48,2586519,131.25,132.67,131.07,0.683,0.552
2022-08-08,132.61,3825145,133.1,133.35,132.02,0.418,0.518
2022-08-09,129.47,3495991,129.92,130.79,129.12,0.442,0.464
2022-08-10,131.5,3663995,130.75,131.78,130.34,0.483,0.47
2022-08-11,132.54,3501925,132.36,133.225,132,0.435,0.403
2022-08-13,#N/A,#N/A,#N/A,#N/A,#N/A,0.791,0.468
2022-08-15,134.93,2791241,132.96,135.19,132.24,0.008,0.466
2022-08-16,136.56,4313600,134.6,137.37,134.4517,0,0.368
2022-08-17,137.79,3667568,136.46,138.415,136.3,0.989,0.45
2022-08-18,139.07,3177726,137.79,139.12,137.75,0.999,0.529
2022-08-19,138.37,3155842,138.75,139.34,137.66,0.997,0.603
2022-08-22,135.55,3093629,137.65,137.85,135.47,0.998,0.683
2022-08-25,133.98,2706005,133.65,134.425,133.07,0.878,0.696
2022-08-29,130.31,2782973,129.99,131.42,129.57,0.871,0.819
2022-08-30,129.58,2407888,130.56,130.77,129.29,0.998,0.961
2022-08-31,128.45,3490380,129.92,130,128.4,0.986,0.961
2022-09-01,129.66,3396219,128.4,129.8173,127.74,0.997,0.961
2022-09-02,127.79,3040813,130.3,130.56,127.24,0.999,0.961
2022-09-03,#N/A,#N/A,#N/A,#N/A,#N/A,0.999,0.961
2022-09-05,#N/A,#N/A,#N/A,#N/A,#N/A,0.296,0.878
2022-09-06,126.72,3347108,127.8,128.06,126.3,0.976,0.893
2022-09-07,127.71,2401513,126.69,127.8667,126.28,0.833,0.869
2022-09-08,128.47,2964613,127.2,128.54,126.59,0.847,0.85
2022-09-09,129.19,3293365,128.9,129.49,128.06,0.499,0.778
2022-09-12,130.66,3741168,130.33,130.99,129.89,0.99,0.777
2022-09-13,127.25,4565585,129.14,129.909,126.7709,0.659,0.729
2022-09-14,127.69,3819067,127.5,129,126.845,0.547,0.764
2022-09-15,125.49,5141671,127.39,127.465,124.9,0.999,0.768
2022-09-16,127.27,9839696,124.36,127.53,123.83,0.888,0.776
2022-09-19,127.73,3981606,126.49,128.06,126.28,0.992,0.796
2022-09-20,126.3,2837485,126.9,126.99,125.52,0.523,0.8
2022-09-21,124.93,3389545,126.89,127.84,124.92,0.998,0.801
2022-09-22,125.31,4046748,124.76,126.51,124.41,0.665,0.802
2022-09-23,122.71,5195693,124.53,125,121.74,0.999,0.866
2022-09-24,#N/A,#N/A,#N/A,#N/A,#N/A,0.402,0.781
2022-09-26,122.01,3987817,122.3,124.26,121.75,0.993,0.796
2022-09-27,121.74,4117215,122.6,123.95,121.08,0.9,0.783
2022-09-28,122.76,4996378,121.65,123.23,119.81,0.999,0.851
2022-09-29,121.63,3817723,121.85,122.62,120.57,0.601,0.794
2022-09-30,118.81,5346108,121.66,122.43,118.61,0.651,0.792
2022-10-01,#N/A,#N/A,#N/A,#N/A,#N/A,0.995,0.792
2022-10-03,121.51,4261729,120.16,122.21,119.6,0.676,0.831
2022-10-04,125.5,4566055,122.8,125.65,122.52,0.666,0.784
2022-10-05,125.74,3212872,124.71,126.46,124.23,0.272,0.694
2022-10-06,122.23,5074624,124.88,125.3,121.77,0.84,0.672
2022-10-07,118.82,4499672,121.5,121.8016,118.07,0.75,0.693
2022-10-09,#N/A,#N/A,#N/A,#N/A,#N/A,0.451,0.664
2022-10-10,117.75,5990008,119.79,119.96,117.04,0.022,0.525
2022-10-11,117.8,4043265,117.46,119.23,116.94,0.99,0.57
2022-10-12,117.57,3338754,118,118.81,117.2,0.499,0.546
2022-10-13,121.79,5837645,116.1,122.15,115.545,0.995,0.65
2022-10-14,120.04,3763840,121.8,122.54,119.84,0.704,0.63
2022-10-15,#N/A,#N/A,#N/A,#N/A,#N/A,0,0.523
2022-10-16,#N/A,#N/A,#N/A,#N/A,#N/A,0.72,0.561
2022-10-17,121.52,5458585,121.8,122.875,121.43,0.998,0.701
2022-10-18,122.94,5120336,123,123.94,121.82,0.988,0.701
2022-10-19,122.51,5906576,122.36,123.94,121.9875,0.443,0.693
2022-10-20,128.3,13623120,126.25,128.96,125.15,0.447,0.614
2022-10-21,129.9,7201256,128.39,130.845,127.59,0.464,0.58
2022-10-22,#N/A,#N/A,#N/A,#N/A,#N/A,0.296,0.622
2022-10-23,#N/A,#N/A,#N/A,#N/A,#N/A,0.987,0.66
2022-10-24,132.69,5610914,130.9,133.11,129.85,0.883,0.644
2022-10-25,132.93,5957623,132,133.3,131.3,0.792,0.616
2022-10-26,135.01,5140023,133.72,135.863,132.81,0.666,0.648
2022-10-27,134.77,3993168,135.55,136.4,134.445,0.615,0.672
2022-10-28,138.51,5965457,135.56,138.8615,135.22,0.746,0.712
2022-10-30,#N/A,#N/A,#N/A,#N/A,#N/A,0.628,0.76
2022-10-31,138.29,4915270,138.06,138.7699,136.595,0.992,0.76
2022-11-01,138.2,3590607,138.25,138.65,136.7,0.895,0.762
2022-11-02,136.83,5365264,137.75,140.17,136.8,0.208,0.679
2022-11-03,134.47,4442443,136.42,136.48,133.97,0.812,0.699
2022-11-04,136.96,4177972,135.65,137.73,134.94,0.849,0.733
2022-11-05,#N/A,#N/A,#N/A,#N/A,#N/A,0.772,0.737
2022-11-07,138.34,4043062,136.64,138.7,136.51,0.989,0.788
2022-11-08,140.04,5042756,139,140.93,138.72,1,0.789
2022-11-09,137.39,4720007,137.95,138.9,136.94,0.805,0.776
2022-11-10,141.23,5389025,140.26,141.37,138.29,0.963,0.884
2022-11-11,143.17,5871264,141.5,144.13,140.96,0.639,0.86
2022-11-13,#N/A,#N/A,#N/A,#N/A,#N/A,0.994,0.88
2022-11-14,144.2,5245624,142.63,146.08,142.18,1,0.913
2022-11-15,144.34,4727107,144.08,146.1609,142,0.524,0.846
2022-11-16,144.52,3445302,144.13,144.95,144.0081,0.91,0.834
2022-11-17,146.09,3955162,143.41,146.18,143.25,0.951,0.854
2022-11-18,147.64,4661735,146.56,148.31,145.94,0.888,0.844
2022-11-19,#N/A,#N/A,#N/A,#N/A,#N/A,1,0.895
2022-11-21,146.68,3476208,147.55,147.928,146.45,0.999,0.896
2022-11-22,149.1,7062060,147.6,149.35,147.02,0.999,0.896
2022-11-23,148.75,3658459,149.1,150.46,148.3,0.999,0.964
2022-11-24,#N/A,#N/A,#N/A,#N/A,#N/A,0.746,0.94
2022-11-25,148.37,2075156,148.27,149.49,148.101,0.676,0.901
2022-11-26,#N/A,#N/A,#N/A,#N/A,#N/A,0.497,0.845
2022-11-28,146.18,3538696,147.98,148.24,145.935,0.996,0.845
2022-11-29,146.49,2754744,145.91,147.1668,145.7,0.995,0.844
2022-11-30,148.9,6377582,146.19,149.64,145.67,0.756,0.809
2022-12-02,148.67,2899995,148.13,149.16,147.73,0.785,0.779
2022-12-04,#N/A,#N/A,#N/A,#N/A,#N/A,0.994,0.814
2022-12-05,147.41,2784767,147.94,148.93,146.8,0.688,0.816
2022-12-06,147.5,2847610,147.3,147.8,146.7,0.999,0.888
2022-12-07,147.27,3971285,147.33,148.105,146.29,0.832,0.864
2022-12-08,147.78,2665687,147.9,149.153,147.365,0.904,0.851
2022-12-09,147.05,3047581,147.4,148.34,146.97,0.998,0.886
2022-12-11,#N/A,#N/A,#N/A,#N/A,#N/A,0.052,0.781
2022-12-12,149.21,4032780,147.82,149.21,146.9426,0.953,0.775
2022-12-13,150.57,8811553,150.37,153.21,149.95,0.932,0.81
2022-12-14,149.86,4205878,150.47,151.91,148.45,0.859,0.79
2022-12-15,142.36,6687744,148.52,148.98,141.58,0.777,0.782
2022-12-16,140.16,9834427,141.25,141.915,138.97,0.995,0.795
2022-12-19,138.87,5282860,140.16,140.44,137.195,0.992,0.794
2022-12-20,141.28,5156450,138.84,141.425,138.34,0.83,0.905
2022-12-21,142.14,3793700,141.84,143.09,140.975,0.962,0.907
2022-12-23,141.65,2092715,140.59,141.8565,139.6,0.623,0.863
2022-12-24,#N/A,#N/A,#N/A,#N/A,#N/A,1,0.883
2022-12-25,#N/A,#N/A,#N/A,#N/A,#N/A,0.998,0.914
2022-12-27,142.42,2742525,141.73,142.72,141.23,0.968,0.91
2022-12-28,140.02,2539577,142.4,142.81,139.95,0.846,0.89
2022-12-29,141.06,2337207,140.58,142.26,140.45,0.725,0.875
2022-12-30,140.89,2858110,140.54,140.9,139.45,0.333,0.785
2022-12-31,#N/A,#N/A,#N/A,#N/A,#N/A,0.764,0.805
2023-01-01,#N/A,#N/A,#N/A,#N/A,#N/A,0.995,0.804
2023-01-02,#N/A,#N/A,#N/A,#N/A,#N/A,0.999,0.804
2023-01-03,141.55,3338829,141.1,141.9,140.48,0.995,0.808
2023-01-04,142.6,3869236,142.07,143.615,141.3675,0.424,0.748
2023-01-05,141.11,2866648,142.44,142.498,140.01,0.999,0.787
2023-01-06,143.7,3574042,142.38,144.25,141.58,0.996,0.882
2023-01-09,143.55,3987782,144.08,145.47,143.4,0.916,0.903
2023-01-10,144.8,2152172,143.61,144.85,142.9,0.685,0.859
2023-01-11,145.26,3268738,145,145.53,143.45,0.718,0.819
2023-01-13,145.89,2455786,144.06,146.1,144.01,0.627,0.766
2023-01-14,#N/A,#N/A,#N/A,#N/A,#N/A,0.999,0.849
2023-01-16,#N/A,#N/A,#N/A,#N/A,#N/A,0.476,0.774
2023-01-17,145.19,2986461,146.42,147.18,145.01,0.728,0.736
2023-01-18,140.41,6445642,144.4,144.678,140.225,0.836,0.724
2023-01-19,140.62,4833924,140,142.23,139.75,0.692,0.725
2023-01-20,141.2,7153341,141.67,141.86,140.51,0.686,0.721
2023-01-21,#N/A,#N/A,#N/A,#N/A,#N/A,0.999,0.774
2023-01-22,#N/A,#N/A,#N/A,#N/A,#N/A,0.02,0.634
2023-01-23,141.86,5898436,141.4,142.985,141.06,0.982,0.706
2023-01-24,141.49,4407622,141.25,142.75,140,0.786,0.714
2023-01-25,140.76,7347453,140.47,141.03,139.36,0.319,0.641
2023-01-26,134.45,17548480,137.53,138.27,132.98,0.372,0.595
2023-01-27,134.39,8143146,134.44,135.488,133.7701,0.789,0.61
2023-01-28,#N/A,#N/A,#N/A,#N/A,#N/A,0.823,0.584
2023-01-29,#N/A,#N/A,#N/A,#N/A,#N/A,0.803,0.696
2023-01-30,135.3,5375712,134.32,136.11,133.98,0.594,0.641
2023-01-31,134.73,7206448,135.5,135.65,133.76,1,0.671
2023-02-01,135.09,5428898,134.49,135.79,132.8,0.324,0.672
2023-02-02,136.39,6107793,135.96,136.72,134.85,0.142,0.639
2023-02-03,136.94,3755720,136.35,136.95,135.53,0.966,0.665
2023-02-04,#N/A,#N/A,#N/A,#N/A,#N/A,0.654,0.64
2023-02-05,#N/A,#N/A,#N/A,#N/A,#N/A,-0.948,0.39
2023-02-06,136.18,4841300,135.83,136.32,134.95,0.588,0.389
2023-02-07,135.84,3737553,135.67,136.4,134.45,0.494,0.317
2023-02-08,135.98,4593748,135.71,136.74,135.16,0.733,0.376
2023-02-09,133.75,3918817,134.99,135.73,133.34,0.766,0.465
2023-02-10,135.6,5049571,133.78,135.77,133.5,0.876,0.452
2023-02-11,#N/A,#N/A,#N/A,#N/A,#N/A,1,0.501
2023-02-12,#N/A,#N/A,#N/A,#N/A,#N/A,0.999,0.779
2023-02-13,137.35,4403015,136,137.39,135.85,0.512,0.769
2023-02-14,136.01,3202172,137.05,137.24,135.05,0.998,0.841
2023-02-15,136.4,2507004,135.2,136.445,135.07,0.999,0.879
2023-02-16,135,2965495,135.57,135.9672,134.59,0.976,0.909
2023-02-17,135.02,3466184,134.5,135.58,133.89,0.998,0.926
2023-02-18,#N/A,#N/A,#N/A,#N/A,#N/A,0.993,0.925
2023-02-20,#N/A,#N/A,#N/A,#N/A,#N/A,0.048,0.789
2023-02-22,130.97,3200185,131.9,131.99,130.29,0.489,0.786
2023-02-23,130.79,3725648,131.5,131.7,128.86,0.996,0.786
2023-02-24,130.57,3015907,129.62,130.67,129.22,0.555,0.722
2023-02-25,#N/A,#N/A,#N/A,#N/A,#N/A,0.996,0.725
2023-02-27,130.49,2761326,131.42,131.87,130.13,0.098,0.596
2023-02-28,129.3,5143133,130.55,130.61,129.14,0.991,0.596
2023-03-01,128.19,3760678,128.9,129.4726,127.74,0.998,0.732
2023-03-02,128.93,3340254,128.39,129.22,127.71,0.874,0.787
2023-03-03,129.64,2860286,129.35,129.905,128.77,0.863,0.768
2023-03-04,#N/A,#N/A,#N/A,#N/A,#N/A,0.879,0.814
2023-03-05,#N/A,#N/A,#N/A,#N/A,#N/A,0.993,0.814
2023-03-06,130.19,2982980,129.64,130.86,129.59,0.359,0.851
2023-03-07,128.25,3530439,130.28,130.42,128.19,0.104,0.724
2023-03-08,128.05,2778798,128.48,128.74,127.545,0.799,0.696
2023-03-09,126.16,5478317,128.3,128.53,125.98,0.999,0.714
2023-03-10,125.45,5990867,126.12,127.29,125.13,0.562,0.671
2023-03-12,#N/A,#N/A,#N/A,#N/A,#N/A,0.998,0.688
2023-03-13,125.58,8188369,125.15,128.19,124.85,0.996,0.688
2023-03-14,124.65,8114792,126.49,126.64,123.2,0.998,0.779
2023-03-16,124.7,6440023,122.96,124.82,121.92,0.999,0.907
2023-03-20,125.94,4588304,124.31,126.16,124.19,0.993,0.935
2023-03-21,126.57,3856345,126.9,127.15,125.66,0.999,0.935
2023-03-22,124.05,3549024,127,127.215,124.01,0.496,0.926
2023-03-23,123.37,4651936,123.81,124.93,122.6,0.982,0.923
2023-03-24,125.29,3812644,123.36,125.4,122.88,0.944,0.916
2023-03-25,#N/A,#N/A,#N/A,#N/A,#N/A,-0.164,0.75
2023-03-26,#N/A,#N/A,#N/A,#N/A,#N/A,1,0.75
2023-03-27,129.31,6524113,126.47,130.255,126.47,0.666,0.703
2023-03-28,129.34,2889115,129.18,129.66,128.8,0.974,0.7
2023-03-29,129.71,3279846,130.12,130.35,129.18,1,0.772
2023-03-30,129.22,3561762,130.16,131.48,129.1,0.611,0.719
2023-03-31,131.09,4524686,129.47,131.23,129.42,0.994,0.726
2023-04-03,132.06,3840139,130.97,132.61,130.77,0.999,0.892
2023-04-04,131.6,3382783,131.99,132.1499,130.89,0.999,0.892
2023-04-05,132.14,2898759,131.37,132.61,131.37,0.997,0.939
2023-04-10,131.03,2614402,129.83,131.08,129.24,1,0.943
2023-04-11,130.42,3132430,130.58,131.105,130.18,0.995,0.942
2023-04-12,128.54,3957542,130.4,130.8857,128.17,0.65,0.948
2023-04-13,127.9,5621512,128.01,128.39,126,0.686,0.904
2023-04-14,128.14,4180614,128.46,129.84,127.31,0.999,0.904
2023-04-15,#N/A,#N/A,#N/A,#N/A,#N/A,0.078,0.772
2023-04-16,#N/A,#N/A,#N/A,#N/A,#N/A,0.886,0.756
2023-04-17,127.82,3662666,128.3,128.72,126.8,0.738,0.719
2023-04-18,127.78,3193787,128.14,128.68,127.35,0.677,0.673
2023-04-19,126.32,7014368,126.5,126.98,125.3,0.646,0.673
2023-04-20,126.36,9749618,130.15,130.98,125.84,0.09,0.588
2023-04-21,125.73,6725426,126,126.7,125.27,0.98,0.585
2023-04-23,#N/A,#N/A,#N/A,#N/A,#N/A,0.49,0.644
2023-04-24,125.4,4043892,125.55,126.05,124.56,0.983,0.658
2023-04-25,125.89,4275396,124.9,126.19,124.76,0.911,0.682
2023-04-26,125.85,4070168,125.81,126.545,125.12,0.87,0.71
2023-04-27,126.97,3204889,126.37,127.02,125.455,0.873,0.742
2023-04-28,126.41,5061247,126.58,127.25,125.64,1,0.872
2023-05-01,126.09,2724992,126.35,126.75,126.06,0.173,0.757
2023-05-02,125.16,4445283,126.3,126.45,123.27,0.248,0.723
2023-05-03,123.45,4554212,125.46,125.57,123.26,0.474,0.65
2023-05-04,122.57,4468237,123.03,123.52,121.7563,0.998,0.662
2023-05-06,#N/A,#N/A,#N/A,#N/A,#N/A,0.954,0.674
2023-05-07,#N/A,#N/A,#N/A,#N/A,#N/A,0.959,0.687
2023-05-08,123.4,3663818,123.76,123.92,122.55,0.998,0.686
2023-05-09,121.17,4540047,121.9,121.97,120.66,0.71,0.763
2023-05-10,122.02,4189222,121.99,122.49,121.1,0.75,0.835
2023-05-11,120.9,3446452,122.02,122.24,120.55,1,0.91
2023-05-12,122.84,4564825,121.41,122.86,121.11,0.695,0.867
2023-05-13,#N/A,#N/A,#N/A,#N/A,#N/A,0.99,0.872
2023-05-15,123.36,2915725,123,123.6881,122.34,0.99,0.876
2023-05-17,125.71,4515134,123.94,125.85,123.47,0.622,0.822
2023-05-18,126.15,3797883,125.3,126.51,125.1894,0.994,0.863
2023-05-19,127.26,4306657,126.79,128.29,126.55,0.88,0.882
2023-05-20,#N/A,#N/A,#N/A,#N/A,#N/A,0.999,0.881
2023-05-21,#N/A,#N/A,#N/A,#N/A,#N/A,0.998,0.925
2023-05-22,127.5,2806770,127.5,128.19,127.15,0.994,0.925
2023-05-23,128.18,4592280,127.24,129.09,127.13,0.996,0.926
2023-05-24,125.68,3915505,127.82,127.9,125.47,1,0.98
2023-05-25,126.76,4102854,125.61,127.23,125.01,0.758,0.946
2023-05-27,#N/A,#N/A,#N/A,#N/A,#N/A,1,0.964
2023-05-28,#N/A,#N/A,#N/A,#N/A,#N/A,0.995,0.963
2023-05-29,#N/A,#N/A,#N/A,#N/A,#N/A,1,0.963
2023-05-31,128.59,11590210,128.51,129.44,127.46,0.798,0.935
2023-06-01,129.82,4136086,128.44,130.145,127.78,1,0.936
2023-06-02,132.42,5375796,130.38,133.12,130.15,1,0.936
2023-06-03,#N/A,#N/A,#N/A,#N/A,#N/A,1,0.97
2023-06-04,#N/A,#N/A,#N/A,#N/A,#N/A,0.999,0.97
2023-06-05,132.64,3993516,133.12,133.58,132.27,0.998,0.971
2023-06-06,132.69,3297951,132.43,132.94,131.88,0.996,0.97
2023-06-07,134.38,5772024,132.5,134.44,132.19,0.521,0.931
2023-06-09,135.3,3981748,134.36,136.1,134.17,0.91,0.918
2023-06-10,#N/A,#N/A,#N/A,#N/A,#N/A,0.997,0.917
2023-06-14,137.2,4514888,137.8,138.93,136.94,0.998,0.917
2023-06-19,#N/A,#N/A,#N/A,#N/A,#N/A,0.993,0.916
2023-06-20,135.96,4272511,136.36,137.23,135.89,1,0.916
2023-06-21,133.69,5501272,135.11,135.39,133.29,0.733,0.879
2023-06-24,#N/A,#N/A,#N/A,#N/A,#N/A,-0.275,0.765
2023-06-26,131.34,4845649,129.39,131.41,129.31,0.678,0.732
2023-06-27,132.34,3219909,131.3,132.95,130.83,0.666,0.685
2023-06-28,131.76,2753779,132.06,132.17,130.91,0.481,0.611
2023-06-29,134.06,3639836,131.75,134.35,131.69,0.9,0.598
2023-06-30,133.81,4236677,134.69,135.03,133.425,0.96,0.592
2023-07-02,#N/A,#N/A,#N/A,#N/A,#N/A,1,0.63
2023-07-03,133.67,1477149,133.42,134.35,132.87,0.997,0.812
2023-07-04,#N/A,#N/A,#N/A,#N/A,#N/A,0.995,0.857
2023-07-05,134.24,2955870,133.32,134.31,132.59,0.87,0.886
2023-07-08,#N/A,#N/A,#N/A,#N/A,#N/A,1,0.96
2023-07-09,#N/A,#N/A,#N/A,#N/A,#N/A,0.986,0.973
2023-07-10,132.9,2369425,131.76,133.05,131.695,1,0.978
2023-07-12,132.84,3732189,135.07,135.33,132.575,0.842,0.956
2023-07-13,133.92,3221422,133.51,135.07,133.36,0.988,0.954
2023-07-14,133.4,2861496,133.91,133.92,132.94,0.999,0.955
2023-07-16,#N/A,#N/A,#N/A,#N/A,#N/A,0.402,0.888
2023-07-17,134.24,3168419,133.26,134.61,133.1,0.992,0.887
2023-07-18,135.36,3852058,134.71,135.95,134.29,0.641,0.838
2023-07-19,135.48,5519992,135.53,136.45,135.19,0.673,0.791
2023-07-20,138.38,10896330,137.19,140.32,136.56,0.549,0.749
2023-07-21,138.94,5858741,138.21,139.7799,137.76,0.994,0.75
2023-07-22,#N/A,#N/A,#N/A,#N/A,#N/A,0.352,0.658
2023-07-24,139.54,3475442,139.35,140.12,138.7788,0.76,0.709
2023-07-25,140.33,3770813,139.42,140.43,139.0403,0.999,0.71
2023-07-26,141.07,4046441,140.44,141.25,139.88,1,0.761
2023-07-27,142.97,6331563,142.3,143.38,141.9,0.999,0.808
2023-07-28,143.45,6686627,143.44,143.95,142.85,0.696,0.829
2023-07-29,#N/A,#N/A,#N/A,#N/A,#N/A,1,0.829
2023-07-30,#N/A,#N/A,#N/A,#N/A,#N/A,1,0.922
2023-07-31,144.18,6138902,143.81,144.605,143.53,0.826,0.931
2023-08-01,143.33,4798703,144.25,144.48,142.17,0.89,0.916
2023-08-02,144.17,4959381,142.78,144.3,142.31,0.997,0.915
2023-08-03,144.45,3952640,143.78,145.22,143.3116,0.987,0.914
2023-08-07,146.18,3438654,145,146.5,144.93,0.731,0.919
2023-08-09,142.49,4073038,144.94,144.94,142.3,0.998,0.918
2023-08-10,143.25,4735763,143.04,144.58,142.69,0.999,0.918
2023-08-11,143.12,2526433,143.12,143.45,142.205,0.821,0.918
2023-08-14,141.91,4226563,143.05,143.365,141.802,0.999,0.933
2023-08-15,141.87,3656559,141.5,142.31,141.2,0.859,0.913
2023-08-17,140.66,3742058,141.01,142.66,140.6,1,0.915
2023-08-18,141.41,3915480,140,141.83,139.76,0.717,0.913
2023-08-20,#N/A,#N/A,#N/A,#N/A,#N/A,0.999,0.913
2023-08-21,142.28,2937781,141.42,142.39,141.11,0.952,0.907
2023-08-22,141.49,3557734,142.66,143.225,141.3,0.666,0.885
2023-08-23,143.41,2559083,141.72,143.475,141.58,0.931,0.875
2023-08-24,143.55,2900244,143.505,144.47,143.22,0.996,0.894
2023-08-25,145.35,3660147,144.18,145.47,143.5,0.977,0.891
2023-08-26,#N/A,#N/A,#N/A,#N/A,#N/A,0.677,0.885
2023-08-28,146.02,3561347,145.41,146.74,145.21,0.787,0.855
2023-08-29,146.45,2778113,146.3,146.73,145.62,0.998,0.862
2023-08-30,146.86,2245402,146.42,146.92,145.7452,0.998,0.909
2023-08-31,146.83,3885949,146.94,147.7275,146.54,0.834,0.895
2023-09-03,#N/A,#N/A,#N/A,#N/A,#N/A,0.334,0.801
2023-09-05,148.13,3731281,147.91,149,147.5719,0.995,0.803
2023-09-06,148.06,2932203,147.66,148.33,147.12,0.812,0.823
2023-09-07,147.52,3333040,148.13,148.78,147.4,0.998,0.853
2023-09-11,148.38,3273720,148.57,148.78,147.58,1,0.853
2023-09-12,146.3,4457695,147.92,148,145.8,0.766,0.82
2023-09-13,146.55,2627999,145.95,146.98,145.92,0.924,0.833
2023-09-14,147.35,2723200,147.38,147.73,146.48,0.998,0.928
2023-09-15,145.99,6234033,147.11,147.85,145.53,0.999,0.928
2023-09-17,#N/A,#N/A,#N/A,#N/A,#N/A,0.984,0.953
2023-09-18,145.09,2508062,145.77,146.48,145.06,0.938,0.944
2023-09-20,149.83,9636681,148.36,151.9299,148.13,0.648,0.894
2023-09-21,147.38,4944786,149,149.25,147.31,0.83,0.903
2023-09-22,146.91,2562216,147.41,148.1,146.82,0.743,0.877
2023-09-24,#N/A,#N/A,#N/A,#N/A,#N/A,1,0.877
2023-09-25,146.48,2694245,146.57,147.43,146.25,0.776,0.846
2023-09-26,143.24,4824654,145.51,146.17,143.0201,0.926,0.837
2023-09-27,143.17,4439121,143.67,143.82,141.76,0.649,0.796
2023-09-28,141.58,5783422,142.14,142.282,140.205,0.749,0.81
2023-09-30,#N/A,#N/A,#N/A,#N/A,#N/A,0.735,0.797
2023-10-02,140.8,3275461,140.04,141.45,139.86,0.992,0.832
2023-10-04,141.07,2637779,140.37,141.2004,139.99,1,0.832
2023-10-05,141.52,3223910,140.9,141.7,140.19,0.484,0.791
2023-10-06,142.03,3511347,141.4,142.94,140.11,0.999,0.801
2023-10-09,142.2,2354396,142.3,142.4,140.68,0.612,0.796
2023-10-10,142.11,3015784,142.6,143.415,141.72,0.998,0.831
2023-10-16,139.21,3361468,139.28,139.78,138.52,1,0.869
2023-10-17,140.32,4172822,137.12,140.62,136.31,1,0.87
2023-10-18,139.97,3329985,140,140.43,139.58,0.001,0.728
2023-10-19,138.01,5314159,138.64,139.405,137.93,0.994,0.801
2023-10-20,137.16,4865615,138.15,139.27,137.12,0.999,0.801
2023-10-22,#N/A,#N/A,#N/A,#N/A,#N/A,0.46,0.779
2023-10-23,136.38,3457527,136.63,137.68,135.87,0.986,0.777
2023-10-24,137.79,3697975,136.74,137.98,136.05,0.812,0.75
2023-10-25,137.08,6472549,137.5,138.49,136.33,0.568,0.689
2023-10-26,143.76,11130170,142.2,144.41,141.58,0.499,0.76
2023-10-27,142.52,5469227,143.62,144.7,141.71,0.766,0.727
2023-10-30,142.63,4204190,143.19,144.5,142.58,0.994,0.726
2023-10-31,144.64,6592041,143,144.76,142.59,0.85,0.782
2023-11-01,145.4,4750081,145,146.51,144.45,0.437,0.704
2023-11-02,147.01,3902657,145.77,147.1,144.84,0.809,0.703
2023-11-03,147.9,3510495,147.45,148.445,147.28,0.994,0.764
2023-11-04,#N/A,#N/A,#N/A,#N/A,#N/A,0.998,0.835
2023-11-06,148.97,4597249,147.89,149.225,147.85,0.994,0.868
2023-11-07,148.83,3549853,149.03,149.28,148.03,0.735,0.831
2023-11-08,148.03,3618588,149.25,149.68,147.585,0.826,0.828
2023-11-09,146.62,3412713,146.55,146.99,145.28,0.826,0.883
2023-11-14,150.41,4321940,149.45,150.8063,149.05,0.804,0.882
2023-11-15,152.58,4632519,150.4,153.22,150.4,0.839,0.86
2023-11-16,153.06,3519172,153,153.35,152.13,0.011,0.719
2023-11-17,152.89,4426676,153.29,153.5,152.4601,-0.27,0.539
2023-11-18,#N/A,#N/A,#N/A,#N/A,#N/A,0.332,0.481
2023-11-19,#N/A,#N/A,#N/A,#N/A,#N/A,1,0.506
2023-11-20,154.35,3658936,152.51,154.68,152.35,1,0.531
2023-11-21,153.91,2859508,154.6,154.66,153.51,0.844,0.537
2023-11-22,155.13,3045091,154.5,155.705,154.16,0.87,0.541
2023-11-23,#N/A,#N/A,#N/A,#N/A,#N/A,0.999,0.682
2023-11-25,#N/A,#N/A,#N/A,#N/A,#N/A,0.916,0.852
2023-11-26,#N/A,#N/A,#N/A,#N/A,#N/A,0.999,0.947
2023-11-27,155.57,4053093,154.99,156.135,154.75,0.94,0.938
2023-11-28,155.65,2666182,155.44,155.745,154.86,0.932,0.929
2023-11-29,156.41,3568887,156.15,157.51,156.02,0.887,0.935
2023-11-30,158.56,6740622,156.95,158.6,156.89,0.816,0.927
2023-12-01,160.55,4871860,158.41,160.59,158,0.999,0.927
2023-12-03,#N/A,#N/A,#N/A,#N/A,#N/A,0.997,0.939
2023-12-04,161.1,5779017,160.29,162.79,160.29,0.758,0.904
2023-12-05,161.39,4556668,160.76,162.47,160.72,0.698,0.87
2023-12-06,160.28,3555863,161.59,162.355,160.01,0.867,0.86
2023-12-07,160.22,3665498,161,161.465,159.97,0.749,0.841
2023-12-08,161.96,4561342,160,162.04,160,0.792,0.837
2023-12-09,#N/A,#N/A,#N/A,#N/A,#N/A,0.376,0.748
2023-12-10,#N/A,#N/A,#N/A,#N/A,#N/A,0.999,0.748
2023-12-11,163.51,6077207,162.68,163.65,161.95,0.818,0.757
2023-12-12,164.71,5292290,163.27,166.34,162.92,0.917,0.788
2023-12-13,163.62,4989141,164.37,164.9653,162.735,0.887,0.791
2023-12-14,162.91,6129804,162.93,163.499,160.149,0.506,0.756
2023-12-15,162.23,11016110,162.3,164.09,162.04,0.452,0.708
2023-12-16,#N/A,#N/A,#N/A,#N/A,#N/A,0.997,0.797
2023-12-18,162.74,3677533,162.23,163.33,161.5766,0.749,0.761
2023-12-19,161.56,3766591,161.8,162.28,161.32,0.959,0.781
2023-12-20,160.05,4865797,161.29,161.8,160.01,0.979,0.79
2023-12-21,160.78,2982924,160.59,161.08,159.53,0.999,0.806
2023-12-23,#N/A,#N/A,#N/A,#N/A,#N/A,0.997,0.876
2023-12-24,#N/A,#N/A,#N/A,#N/A,#N/A,0.748,0.918
2023-12-26,163.21,1772443,162.23,163.31,162.05,0.996,0.918
2023-12-27,163.46,3234550,163.14,163.64,162.68,0.96,0.948
2023-12-28,163.75,2071313,163.96,163.96,163.4,0.747,0.918
2023-12-29,163.55,2526169,163.75,164.18,162.83,0.999,0.921
2023-12-30,#N/A,#N/A,#N/A,#N/A,#N/A,0.997,0.921
2023-12-31,#N/A,#N/A,#N/A,#N/A,#N/A,0.999,0.921
2024-01-01,#N/A,#N/A,#N/A,#N/A,#N/A,0.811,0.93
2024-01-04,160.86,3212004,160.22,161.81,160.17,0.795,0.901
2024-01-05,159.16,4199504,159.91,160.55,158.67,0.876,0.889
2024-01-07,#N/A,#N/A,#N/A,#N/A,#N/A,0.998,0.925
2024-01-08,161.14,3321698,158.69,161.216,157.885,0.991,0.924
2024-01-09,160.08,2617186,160,160.4837,159.51,0.806,0.897
2024-01-10,161.23,2967852,160.28,161.34,159.74,0.892,0.881
2024-01-11,162.16,3778395,161.02,162.23,160.29,0.786,0.878
2024-01-12,165.8,4958261,162.97,165.98,162.355,0.999,0.907
2024-01-13,#N/A,#N/A,#N/A,#N/A,#N/A,0.363,0.834
2024-01-14,#N/A,#N/A,#N/A,#N/A,#N/A,0.6,0.777
2024-01-15,#N/A,#N/A,#N/A,#N/A,#N/A,0.771,0.745
2024-01-16,166.96,4869635,165.8,167.25,165.34,0.789,0.743
2024-01-17,166.08,4288604,166.79,167.82,165.495,0.885,0.742
2024-01-18,166.84,3776990,166.49,166.99,165.04,0.831,0.748
2024-01-19,171.48,6929079,170.59,171.5791,169.18,0.984,0.746
2024-01-20,#N/A,#N/A,#N/A,#N/A,#N/A,0.998,0.837
2024-01-21,#N/A,#N/A,#N/A,#N/A,#N/A,0.996,0.893
2024-01-22,172.83,4925964,172.82,174.45,172.4,0.885,0.91
2024-01-23,173.94,3983461,172.9,174.02,172.48,0.794,0.91
2024-01-24,173.93,9097827,174.76,174.86,172.9,0.754,0.892
2024-01-25,190.43,29596240,184.96,196.9,184.83,0.624,0.862
2024-01-26,187.42,9895941,191.31,192.3896,186.16,0.864,0.845
2024-01-27,#N/A,#N/A,#N/A,#N/A,#N/A,0.742,0.808
2024-01-28,#N/A,#N/A,#N/A,#N/A,#N/A,0.996,0.808
2024-01-29,187.14,6107908,187.46,189.46,186.05,0.898,0.81
2024-01-30,187.87,4575058,187.71,188.65,186.77,0.889,0.824
2024-01-31,183.66,8876055,187.05,187.65,183.14,0.624,0.805
2024-02-04,#N/A,#N/A,#N/A,#N/A,#N/A,0.999,0.859
2024-02-05,183.42,4379602,185.51,185.78,183.255,0.889,0.862
2024-02-06,183.41,3338196,183.55,184.68,183.04,0.795,0.87
2024-02-07,183.74,4841188,183.34,184.02,182.625,0.852,0.849
2024-02-08,184.36,5161185,182.63,184.55,181.49,0.926,0.853
2024-02-10,#N/A,#N/A,#N/A,#N/A,#N/A,0.961,0.864
2024-02-12,186.16,4724021,185.9,186.48,184.03,0.958,0.911
2024-02-13,183.7,4290453,184.28,184.77,182.36,0.941,0.903
2024-02-14,183.57,3173391,185,185,182.26,0.995,0.918
2024-02-16,187.64,4842840,186.63,188.95,185.9452,0.737,0.91
2024-02-17,#N/A,#N/A,#N/A,#N/A,#N/A,0.997,0.931
2024-02-18,#N/A,#N/A,#N/A,#N/A,#N/A,0.999,0.941
2024-02-19,#N/A,#N/A,#N/A,#N/A,#N/A,0.753,0.911
2024-02-20,183.44,4247181,187.64,188.77,183.06,0.998,0.917
2024-02-21,179.7,4728473,182.56,183.03,178.75,0.634,0.873
2024-02-24,#N/A,#N/A,#N/A,#N/A,#N/A,0.76,0.84
2024-02-25,#N/A,#N/A,#N/A,#N/A,#N/A,0.998,0.877
2024-02-26,184.13,4620815,185.6,186.125,184.06,0.998,0.877
2024-02-27,184.87,3641378,184.16,185.13,182.62,0.814,0.851
2024-02-28,185.3,3216345,184.63,185.37,183.55,1,0.886
2024-02-29,185.03,6458487,186.15,186.8495,184.69,0.716,0.846
2024-03-03,#N/A,#N/A,#N/A,#N/A,#N/A,1,0.898
2024-03-04,193.06,7938266,187.76,193.898,187.6,0.999,0.932
2024-03-05,191.95,5653641,192,193.94,190.57,0.379,0.844
2024-03-06,196.16,6945818,193.5,198.13,192.96,0.998,0.844
2024-03-09,#N/A,#N/A,#N/A,#N/A,#N/A,0.998,0.87
2024-03-11,191.73,4725057,195.09,195.3775,190.88,0.813,0.843
2024-03-12,197.78,5880075,192.46,199.18,192.15,0.667,0.836
2024-03-13,196.7,3993258,197.55,198.1,195.32,0.647,0.786
2024-03-14,193.43,4109636,196.95,197.748,192.12,0.482,0.712
2024-03-18,191.69,5410562,191.7,193.23,190.32,0.502,0.73
2024-03-19,193.34,5317341,191.49,193.58,190.28,1,0.73
2024-03-20,193.96,3238643,192.87,193.98,191.31,0.652,0.68
2024-03-21,191.9,6013561,193,193.37,190.01,0.836,0.684
2024-03-22,190.84,3988398,192,192.985,190.51,0.719,0.691
2024-03-24,#N/A,#N/A,#N/A,#N/A,#N/A,1,0.742
2024-03-26,188.5,4229535,189.02,190,188.5,0.746,0.779
2024-03-27,190.8,3693305,189.6,190.96,188.6,0.326,0.754
2024-03-28,190.96,3742169,190.94,191.9299,190.34,1,0.754
2024-03-31,#N/A,#N/A,#N/A,#N/A,#N/A,0.997,0.803
2024-04-03,190.9,2826193,188.6,191.35,188.485,0.974,0.823
2024-04-04,187.94,2983853,192,193.28,187.34,0.822,0.838
2024-04-05,189.14,2014264,188.59,190.32,188.02,0.999,0.838
2024-04-07,#N/A,#N/A,#N/A,#N/A,#N/A,0.818,0.848
2024-04-08,189.82,2678284,189.24,190.24,188.9118,0.999,0.944
2024-04-13,#N/A,#N/A,#N/A,#N/A,#N/A,0.998,0.944
2024-04-15,181.25,3528140,185.57,187.48,180.88,0.913,0.932
2024-04-16,183.75,4473654,185.59,185.71,182.86,1,0.936
2024-04-17,183.1,3003033,184.16,184.67,181.78,1,0.961
2024-04-19,181.58,3037990,182.43,182.8,180.57,0.039,0.824
2024-04-20,#N/A,#N/A,#N/A,#N/A,#N/A,0.999,0.85
2024-04-21,#N/A,#N/A,#N/A,#N/A,#N/A,0.996,0.849
2024-04-22,181.9,3076451,182.45,183.315,180.45,0.552,0.786
2024-04-23,182.19,5950229,182.73,184.68,179,0.987,0.796
2024-04-24,184.1,7616643,183.17,184.29,181.4,0.645,0.745
2024-04-25,168.91,16702150,168.2,172.45,165.66,0.741,0.708
2024-04-26,167.13,8983796,167.5,167.87,165.73,0.781,0.814
2024-04-27,#N/A,#N/A,#N/A,#N/A,#N/A,0.935,0.805
2024-04-28,#N/A,#N/A,#N/A,#N/A,#N/A,0.726,0.767
2024-04-29,167.43,5263342,167.4,168.22,166.225,0.964,0.826
2024-04-30,166.2,6011634,166.49,166.76,165.2605,0.982,0.825
2024-05-03,165.71,3400405,165,166.61,164.92,0.367,0.785
2024-05-04,#N/A,#N/A,#N/A,#N/A,#N/A,0.998,0.822
2024-05-05,#N/A,#N/A,#N/A,#N/A,#N/A,0.335,0.758
2024-05-06,168.61,4222266,166.5,168.67,166.38,0.725,0.728
2024-05-08,169.9,3522011,168.01,170.26,167.9,0.987,0.765
2024-05-09,166.27,4266616,167.5,167.55,165.88,0.816,0.744
2024-05-10,167.15,2255370,167.13,168.07,166.32,0.888,0.731
2024-05-12,#N/A,#N/A,#N/A,#N/A,#N/A,0.669,0.774
2024-05-13,167.56,2414859,167.5,168.06,166.76,0.884,0.758
2024-05-14,167.36,2600967,167.86,168.13,166.48,0.386,0.765
2024-05-15,168.26,4468823,167.94,168.35,167.34,0.971,0.8
2024-05-16,168.97,3492267,168.26,169.63,167.79,0.763,0.768
2024-05-17,169.03,2956387,168.97,169.11,167.33,0.938,0.786
2024-05-18,#N/A,#N/A,#N/A,#N/A,#N/A,0.994,0.801
2024-05-19,#N/A,#N/A,#N/A,#N/A,#N/A,0.7,0.805
2024-05-20,169.92,2726261,169,170.16,168.38,0.705,0.78
2024-05-21,173.47,6459800,169.94,174.97,169.94,0.893,0.852
2024-05-22,173.69,3294900,173.39,174.99,172.76,0.946,0.848
2024-05-23,170.67,3341335,175.39,175.46,170.435,0.747,0.846
2024-05-26,#N/A,#N/A,#N/A,#N/A,#N/A,0.998,0.855
2024-05-29,167.05,4206576,168,168.63,166.21,0.989,0.854
2024-06-03,165.28,2776058,166.54,166.78,163.53,0.922,0.886
2024-06-04,165.81,2594203,164.6,166.4,163.88,0.961,0.922
2024-06-05,167.38,3049377,166.41,167.79,165.78,0.74,0.9
2024-06-07,170.01,3475495,168.18,171.305,168.06,0.671,0.861
2024-06-10,170.38,3444684,169.55,170.76,168.88,0.661,0.849
2024-06-11,169.32,2951251,169.98,170,166.81,0.917,0.837
2024-06-13,169.12,3525717,169.01,169.59,168.335,0.882,0.822
2024-06-15,#N/A,#N/A,#N/A,#N/A,#N/A,0.996,0.833
2024-06-17,169.5,3239815,168.76,169.72,167.5,0.994,0.837
2024-06-18,170.55,3386442,170,170.75,168.38,0.46,0.797
2024-06-19,#N/A,#N/A,#N/A,#N/A,#N/A,0.993,0.843
2024-06-24,175.01,4864735,175,178.4599,174.15,0.667,0.844
2024-06-26,171.87,2779016,171.28,172.68,170.41,0.809,0.829
2024-06-27,170.85,2894001,171.12,172.5,170.48,0.999,0.845
2024-06-29,#N/A,#N/A,#N/A,#N/A,#N/A,0.674,0.799
2024-07-01,175.1,3320961,173.45,176.46,173.38,0.84,0.777
2024-07-02,177.3,2883275,174.84,177.485,174.32,0.955,0.848
2024-07-03,175.73,1649049,177.88,177.98,175.17,0.689,0.805
2024-07-04,#N/A,#N/A,#N/A,#N/A,#N/A,0.822,0.827
2024-07-05,176.02,2085970,175.74,176.09,173.95,0.957,0.848
2024-07-08,177.64,2503038,176.41,178.59,176.01,0.997,0.848
2024-07-09,176.48,2513305,177.6,177.7,175.58,0.999,0.894
2024-07-10,177.84,3462182,176.6,178.22,174.45,0.996,0.916
2024-07-11,178.31,2807145,177.65,179.44,176.62,0.991,0.922
2024-07-12,182.83,4785565,178.56,184.16,178.5,0.973,0.962
2024-07-15,182.88,2925794,183.38,184.9,182.6,0.922,0.976
2024-07-16,185.81,3374526,184.67,186.6,184.52,0.999,0.982
2024-07-17,187.45,4225302,185.44,187.94,185.07,0.996,0.982
2024-07-18,185.22,3487808,186.64,189.47,185.1,0.693,0.939
2024-07-19,183.25,3816039,186.33,187,181.95,0.595,0.881
2024-07-20,#N/A,#N/A,#N/A,#N/A,#N/A,0.136,0.759
2024-07-22,184.15,2488525,183.4,184.97,182.86,0.992,0.762
2024-07-23,184.1,2180225,184.36,185.38,183.01,0.994,0.772
2024-07-24,184.02,6962071,184.14,185.0714,183.145,0.575,0.712
2024-07-25,191.98,9532802,186.8,196.26,185.3,0.468,0.636
2024-07-26,191.75,4294875,190.51,193.57,189.622,0.906,0.667
2024-07-27,#N/A,#N/A,#N/A,#N/A,#N/A,0.999,0.724
2024-07-29,191.5,3336806,193.18,193.29,189.18,0.868,0.829
2024-07-30,191.04,3064978,191.48,192.77,189.09,0.89,0.814
2024-07-31,192.14,5558405,191,194.5499,189.99,0.929,0.805
2024-08-01,189.66,4085354,192.81,193.635,188.29,0.604,0.809
2024-08-02,189.12,4548824,188.78,189.26,185.7,0.677,0.839
2024-08-05,183.31,4975002,184.55,185.255,181.81,0.912,0.84
2024-08-06,186.8,3632517,184.7,188.9,183.64,0.077,0.708
2024-08-07,186.8,3801942,188.08,189.87,186.7,0.682,0.682
2024-08-09,191.45,2773706,191.18,192.63,189.04,0.998,0.697
2024-08-11,#N/A,#N/A,#N/A,#N/A,#N/A,0.635,0.655
2024-08-12,189.48,2290421,191.25,191.5761,189.0001,0.804,0.684
2024-08-14,192.32,1895114,191.15,193.09,190.73,0.992,0.729
2024-08-15,193.95,2471985,193.51,194.25,193.28,0.916,0.729
2024-08-17,#N/A,#N/A,#N/A,#N/A,#N/A,0.998,0.861
2024-08-20,196.03,1790371,194.59,196.21,193.75,0.993,0.905
2024-08-21,197.21,2579343,195.97,197.33,194.115,0.261,0.8
2024-08-26,197.98,2567217,196,198.345,195.9,0.687,0.807
2024-08-27,198.73,2617229,197.44,199.4,196.97,0.998,0.835
2024-08-28,198.46,2645244,199,200,197.49,0.996,0.836
2024-08-30,202.13,4750999,199.11,202.17,198.73,0.956,0.841
2024-09-01,#N/A,#N/A,#N/A,#N/A,#N/A,0.981,0.839
2024-09-04,204.11,3142476,200.76,204.36,200.5,0.983,0.837
2024-09-06,200.74,3304491,202.38,204.1,199.335,1,0.943
2024-09-07,#N/A,#N/A,#N/A,#N/A,#N/A,0.998,0.987
2024-09-09,203.53,3705004,201.94,205.05,201.43,0.998,0.987
2024-09-10,205.32,3070644,204.2,205.83,202.87,0.998,0.988
2024-09-11,209.89,5554309,207.76,210.12,203.04,0.684,0.949
2024-09-12,211.61,4616446,210,212.65,208.265,0.999,0.951
2024-09-15,#N/A,#N/A,#N/A,#N/A,#N/A,1,0.954
2024-09-17,214.13,5635210,217.25,218.84,213,0.999,0.954
2024-09-18,214.94,3482764,214.13,216.86,213.59,0.999,0.954
2024-09-19,213.89,5279559,218.01,218.48,210.37,1,0.954
2024-09-21,#N/A,#N/A,#N/A,#N/A,#N/A,0.997,0.954
2024-09-22,#N/A,#N/A,#N/A,#N/A,#N/A,1,0.999
2024-09-23,220.5,4074755,218,220.62,217.27,0.997,0.999
2024-09-24,220.97,3184114,219.78,221.19,218.16,0.997,0.998
2024-09-25,221.23,2537751,221.17,221.85,220.16,0.998,0.998
2024-09-26,223.43,2673210,222.11,224,221.355,0.986,0.996
2024-09-28,#N/A,#N/A,#N/A,#N/A,#N/A,0.998,0.996
2024-09-30,221.08,3544264,220.65,221.32,219.02,0.998,0.996
2024-10-01,219.35,3548374,220.63,221.1,215.9,0.844,0.974
2024-10-02,219.73,3343399,218.31,220.2,215.798,0.994,0.974
2024-10-04,226,3554328,223.75,226.08,223.27,0.994,0.973
2024-10-09,234.3,5083566,229.2,234.95,228.5,0.996,0.973
2024-10-10,233.02,3142031,235.1,235.83,231.81,0.989,0.973
2024-10-15,232.96,3350556,236.4,237.37,232.71,0.998,0.973
2024-10-16,233.67,2846669,232.11,233.88,231.12,0.796,0.944
2024-10-17,232.88,5040092,232,233.145,230.655,0.932,0.957
2024-10-19,#N/A,#N/A,#N/A,#N/A,#N/A,0.997,0.957
2024-10-20,#N/A,#N/A,#N/A,#N/A,#N/A,0.998,0.958
2024-10-21,231.75,2733336,231.21,232.42,230.26,0.952,0.952
2024-10-30,204.9,6956624,209.48,211.12,204.26,0,0.81
2024-11-14,208.99,6372853,210,210.4999,206.35,0.996,0.81
2024-11-19,210.25,2860746,206.5,210.33,206.19,0.995,0.839
2024-11-22,222.97,5320740,223.35,227.2,220.89,0.99,0.847
2024-12-16,229.33,3610257,230.73,231.03,226.88,0.671,0.8
2024-12-29,#N/A,#N/A,#N/A,#N/A,#N/A,0.995,0.8
2025-01-02,219.94,2579498,221.82,222.49,217.6,0.491,0.734
2025-01-07,223.96,3299701,223.35,226.711,222.83,0.992,0.876
2025-01-09,#N/A,#N/A,#N/A,#N/A,#N/A,0.542,0.811
2025-01-11,#N/A,#N/A,#N/A,#N/A,#N/A,0.995,0.811
2025-01-12,#N/A,#N/A,#N/A,#N/A,#N/A,0.998,0.812
2025-01-13,217.4,3716816,217.89,219.59,214.75,0.999,0.859
2025-01-14,217.75,3485829,218,218.125,214.61,0.986,0.858
2025-01-15,220.03,2951825,220.87,221.6761,218.01,0.797,0.901
2025-01-16,222.66,3329060,219.69,222.68,217.38,0.998,0.902
2025-01-17,224.79,5506837,225.955,225.955,223.64,0.998,0.967
2025-01-18,#N/A,#N/A,#N/A,#N/A,#N/A,0.996,0.967
2025-01-20,#N/A,#N/A,#N/A,#N/A,#N/A,0.997,0.967
2025-01-21,224.26,3982203,224.99,227.45,222.8302,0.996,0.967
2025-01-22,223.26,4759490,221.98,224.4,220.35,0.999,0.969
2025-01-23,226.04,3619651,223.94,226.04,223.15,0.999,0.998
2025-01-24,224.8,3233293,225.27,226.8104,223.8,0.279,0.895
2025-01-25,#N/A,#N/A,#N/A,#N/A,#N/A,0,0.752
2025-01-26,#N/A,#N/A,#N/A,#N/A,#N/A,0.333,0.658
2025-01-27,224.13,4898355,222.19,224.3,219.84,0.374,0.569
2025-01-28,225.66,4485429,224.32,225.77,221.77,0.329,0.473
2025-01-29,228.63,7079804,225.62,229.47,223.73,0.227,0.363
2025-01-30,258.27,15381890,250,261.8,247.01,0.143,0.241
2025-01-31,255.7,7203519,256.05,257.235,251.89,0.097,0.215
2025-02-01,#N/A,#N/A,#N/A,#N/A,#N/A,0.498,0.286
2025-02-02,#N/A,#N/A,#N/A,#N/A,#N/A,0.27,0.277
2025-02-03,260.73,8408523,252.4,262.06,251.84,0.262,0.261
2025-02-04,264.46,6077652,260,265.25,258.1233,0.058,0.222
2025-02-05,263.3,6165096,265.71,265.72,261.18,0.101,0.204
2025-02-06,253.44,6128293,262.98,263.38,252.73,0.2,0.212
2025-02-07,252.34,3370284,255.28,256.93,252.02,-0.075,0.188
2025-02-08,#N/A,#N/A,#N/A,#N/A,#N/A,0.498,0.188
2025-02-09,#N/A,#N/A,#N/A,#N/A,#N/A,0.394,0.205
2025-02-10,249.27,3564400,250.86,251.95,246.87,0.354,0.219
2025-02-11,254.7,4801550,251.1,256.75,250.58,0.168,0.234
2025-02-12,255.81,3075308,252.72,256.4,252.02,0.16,0.243
2025-02-13,259.19,4531538,255.66,259.28,254.41,0.055,0.222
2025-02-14,261.28,3925277,259,261.94,257.91,0.199,0.261
2025-02-15,#N/A,#N/A,#N/A,#N/A,#N/A,0.327,0.237
2025-02-17,#N/A,#N/A,#N/A,#N/A,#N/A,0.464,0.247
2025-02-18,263.07,4262812,261.93,263.965,259.83,0.198,0.224
2025-02-19,264.32,3718678,262,264.36,260.09,0.12,0.218
2025-02-20,264.74,4884805,263.65,265.09,262.15,0.187,0.221
2025-02-21,261.48,5667874,263.845,264.83,261.1,0,0.214
2025-02-22,#N/A,#N/A,#N/A,#N/A,#N/A,0.332,0.233
2025-02-23,#N/A,#N/A,#N/A,#N/A,#N/A,0,0.186
2025-02-24,261.87,4398107,261.5,263.845,259.58,0.089,0.132
2025-02-25,#N/A,#N/A,#N/A,#N/A,#N/A,0.067,0.114
2025-02-26,#N/A,#N/A,#N/A,#N/A,#N/A,0.1,0.111
2025-02-27,#N/A,#N/A,#N/A,#N/A,#N/A,0.069,0.094
2025-02-28,#N/A,#N/A,#N/A,#N/A,#N/A,0.017,0.096
2025-03-01,#N/A,#N/A,#N/A,#N/A,#N/A,0.017,0.051
2025-03-02,#N/A,#N/A,#N/A,#N/A,#N/A,0,0.051
2025-03-03,#N/A,#N/A,#N/A,#N/A,#N/A,0.007,0.04
2025-03-04,#N/A,#N/A,#N/A,#N/A,#N/A,0.1,0.044
2025-03-05,#N/A,#N/A,#N/A,#N/A,#N/A,-0.011,0.028
2025-03-06,#N/A,#N/A,#N/A,#N/A,#N/A,0.052,0.026
2025-03-07,#N/A,#N/A,#N/A,#N/A,#N/A,0,0.024
2025-03-08,#N/A,#N/A,#N/A,#N/A,#N/A,0.071,0.031
2025-03-09,#N/A,#N/A,#N/A,#N/A,#N/A,-0.029,0.027
2025-03-10,#N/A,#N/A,#N/A,#N/A,#N/A,-0.06,0.018
2025-03-11,#N/A,#N/A,#N/A,#N/A,#N/A,0.061,0.012
2025-03-12,#N/A,#N/A,#N/A,#N/A,#N/A,0.062,0.022
2025-03-13,#N/A,#N/A,#N/A,#N/A,#N/A,0.053,0.023
2025-03-14,#N/A,#N/A,#N/A,#N/A,#N/A,0.05,0.03
2025-03-15,#N/A,#N/A,#N/A,#N/A,#N/A,0,0.02
2025-03-16,#N/A,#N/A,#N/A,#N/A,#N/A,0.11,0.039
2025-03-17,#N/A,#N/A,#N/A,#N/A,#N/A,0,0.048
2025-03-18,#N/A,#N/A,#N/A,#N/A,#N/A,0.185,0.066
2025-03-19,#N/A,#N/A,#N/A,#N/A,#N/A,0.188,0.084
2025-03-20,#N/A,#N/A,#N/A,#N/A,#N/A,0.006,0.077
2025-03-21,#N/A,#N/A,#N/A,#N/A,#N/A,0,0.07
2025-03-23,#N/A,#N/A,#N/A,#N/A,#N/A,0,0.07
2025-03-24,#N/A,#N/A,#N/A,#N/A,#N/A,-0.07,0.044
2025-03-25,#N/A,#N/A,#N/A,#N/A,#N/A,-0.04,0.038
2025-03-26,#N/A,#N/A,#N/A,#N/A,#N/A,0.239,0.046
2025-03-27,#N/A,#N/A,#N/A,#N/A,#N/A,0.044,0.026
2025-03-28,#N/A,#N/A,#N/A,#N/A,#N/A,-0.094,0.011
2025-03-29,#N/A,#N/A,#N/A,#N/A,#N/A,0,0.011
2025-03-30,#N/A,#N/A,#N/A,#N/A,#N/A,0.333,0.059
2025-03-31,#N/A,#N/A,#N/A,#N/A,#N/A,0,0.069
2025-04-01,#N/A,#N/A,#N/A,#N/A,#N/A,-0.062,0.066
2025-04-03,#N/A,#N/A,#N/A,#N/A,#N/A,0.115,0.048
2025-04-04,#N/A,#N/A,#N/A,#N/A,#N/A,0.014,0.044
2025-04-05,#N/A,#N/A,#N/A,#N/A,#N/A,0,0.057
2025-04-06,#N/A,#N/A,#N/A,#N/A,#N/A,0,0.057
2025-04-07,#N/A,#N/A,#N/A,#N/A,#N/A,0.125,0.027
2025-04-08,#N/A,#N/A,#N/A,#N/A,#N/A,0.051,0.035
2025-04-09,#N/A,#N/A,#N/A,#N/A,#N/A,0.05,0.051
2025-04-10,#N/A,#N/A,#N/A,#N/A,#N/A,0.03,0.039
2025-04-11,#N/A,#N/A,#N/A,#N/A,#N/A,0.187,0.063
2025-04-12,#N/A,#N/A,#N/A,#N/A,#N/A,0.271,0.102
2025-04-13,#N/A,#N/A,#N/A,#N/A,#N/A,0,0.102
