Date,Close,Volume,Open,High,Low
09/03/2017,41.934,25227860,41.8,42.1,41.7105
01/12/2017,50.5085,38179240,50.79,51.1245,50.101
20/12/2017,53.2475,25365700,53.589,53.669,53.076
21/12/2017,53.1815,19730960,53.2475,53.4665,53.0897
15/02/2018,54.476,35711040,53.9535,54.574,53.217
26/04/2018,52.002,39688960,51.4755,52.399,50.9095
03/08/2018,61.1855,21450480,61.481,61.5,60.753
25/09/2018,59.2325,18751540,58.8075,59.344,58.4
10/10/2018,54.061,51499700,56.554,56.6085,54.0565
05/11/2018,52.0045,48734840,52.75,52.9235,51.062
04/12/2018,52.541,45564000,55.156,55.221,52.499
14/01/2019,52.2345,22548340,52.346,52.5765,52.0628
03/05/2019,59.27,39613060,58.6825,59.34,58.45
25/03/2020,55.1245,81630560,56.3235,57.445,54.3005
30/03/2020,57.341,51481220,56.252,57.5815,54.824
03/04/2020,54.894,46268000,55.9508,56.177,53.9905
22/04/2020,63.1605,41862800,62.277,64.2807,62.1
24/04/2020,63.9655,32807880,63.0585,64.02,62.4725
27/04/2020,63.794,32011260,64.8,64.8075,63.45
28/04/2020,61.6835,59026180,64.3965,64.4025,61.61
29/04/2020,67.074,75872480,67.073,67.9995,66.267
30/04/2020,67.433,53378120,66.244,67.641,66.1245
05/05/2020,67.5555,33030660,66.896,68.697,66.873
06/05/2020,67.365,24308460,68.0845,68.556,67.3645
07/05/2020,68.628,27995180,68.297,68.88,67.7635
12/05/2020,68.787,27812000,70.356,70.75,68.7385
13/05/2020,67.4665,36251700,68.8525,69.2741,66.42
14/05/2020,67.8065,32061540,66.751,67.871,66.1955
18/05/2020,69.197,36479280,68.0875,69.6163,67.7125
19/05/2020,68.6743,25612980,69.3499,69.6,68.6743
28/05/2020,70.8365,33879520,69.843,72.042,69.8
01/06/2020,71.591,24342800,70.9195,71.898,70.9
05/06/2020,71.9195,34704880,70.6585,72.2525,70.3
10/06/2020,73.2925,30503060,72.977,73.713,72.8135
26/06/2020,67.995,85353960,71.5695,71.6725,67.5995
30/06/2020,70.6805,40847620,69.522,70.9325,69.198
02/07/2020,73.235,37189600,72.347,74.1475,72.321
07/07/2020,74.259,29163440,74.5,75.84,74.1775
10/07/2020,77.087,37134080,75.3075,77.1915,74.827
14/07/2020,76.029,31700320,74.5155,76.1475,74.175
15/07/2020,75.682,32213680,76.1565,76.7665,74.9
16/07/2020,75.9,30386900,75,75.9345,74.3155
23/07/2020,75.784,32552680,78.3485,78.5935,75.3696
28/07/2020,75.017,34043480,76.259,76.324,74.883
29/07/2020,76.101,22130680,75.316,76.5626,75.0665
30/07/2020,76.5725,33427920,74.85,76.8935,74.611
11/08/2020,74.016,29087300,74.622,75.5,73.9
18/08/2020,77.93,40541720,76.309,78.1235,76.1855
25/08/2020,80.411,42641680,79.1035,80.581,79.1035
28/08/2020,82.2205,29995640,81.6745,82.3585,81.5375
31/08/2020,81.709,36468120,82.3945,82.3983,81.5155
02/09/2020,86.414,50223600,83.6888,86.659,83.3165
03/09/2020,82.092,62155260,85.4857,85.4857,80.753
09/09/2020,77.848,35494080,77.8765,78.45,76.8026
16/09/2020,76.045,26245980,77.777,78.1,75.991
17/09/2020,74.7765,37595020,74.8,75.4149,73.5
18/09/2020,72.9995,62077640,74.9005,75.1502,71.8565
23/09/2020,70.7605,33147000,72.939,73.048,70.385
24/09/2020,71.4145,29004320,70.5515,72.1854,70.4925
28/09/2020,73.226,40158820,73.7105,73.84,72.4651
29/09/2020,73.4665,19582040,73.5195,73.8332,72.9403
02/10/2020,72.921,25681420,73.1015,74.16,72.546
05/10/2020,74.301,22265140,73.3105,74.4105,73.2135
08/10/2020,74.2965,23756620,73.2545,74.5,73.2545
12/10/2020,78.4575,49651200,77.15,79.693,76.6285
15/10/2020,77.9565,30816340,77.3575,78.7553,77.2515
20/10/2020,77.7965,44851440,76.3525,78.875,76.2835
21/10/2020,79.6655,51366900,78.6665,80.9365,78.5815
22/10/2020,80.7665,28680840,79.6525,81.0995,79.25
23/10/2020,82.05,27516880,81.3035,82.118,81.0255
26/10/2020,79.5225,37065080,81.2505,81.912,78.825
27/10/2020,80.213,24580040,79.7835,80.3423,79.139
28/10/2020,75.831,36679180,77.987,78.0675,75.731
29/10/2020,78.362,40061280,76.118,79.6855,76.112
30/10/2020,81.0505,86617240,83.6055,84.35,80.223
02/11/2020,81.3015,50708920,81.408,83.0385,80.8015
03/11/2020,82.5105,33233060,81.589,83.085,80.831
06/11/2020,88.0875,33224500,87.6975,88.6215,87.0175
09/11/2020,88.15,45365400,89.545,90.903,88.001
12/11/2020,87.492,24975080,87.3815,88.4135,87.28
13/11/2020,88.851,30011480,87.8815,89.052,87.2275
17/11/2020,88.5075,22942280,88.847,89.25,88.35
19/11/2020,88.196,24998200,86.919,88.4795,86.8503
23/11/2020,86.743,43239500,87.48,87.695,85.886
24/11/2020,88.444,31594060,86.525,88.58,86.3845
25/11/2020,88.5715,20922440,88.6445,88.927,87.827
01/12/2020,89.905,34780900,88.7185,91.2415,88.4685
07/12/2020,90.974,26418920,90.95,91.6185,90.289
09/12/2020,89.2065,30151160,90.6005,91.7135,88.3905
11/12/2020,89.0885,24413020,88.153,89.2225,88
15/12/2020,88.3885,29645220,88.221,88.571,87.4975
16/12/2020,88.15,30270860,88.644,88.65,87.804
22/12/2020,86.175,18766920,86.7215,86.8702,85.6288
24/12/2020,86.9425,6935060,86.75,87.3,86.4555
28/12/2020,88.8045,27860660,87.5818,89.5364,87.3168
30/12/2020,86.976,26122600,88.1005,88.2548,86.28
05/01/2021,87.046,22906940,86.25,87.3835,85.9008
07/01/2021,89.3625,45300440,87.003,89.42,86.8525
08/01/2021,90.3605,41020040,89.399,90.492,88.6768
11/01/2021,88.336,24194700,89.3035,89.7158,88.026
12/01/2021,87.3275,27153820,87.696,88.902,86.2655
13/01/2021,87.72,21882620,86.929,88.2518,86.9005
14/01/2021,87.009,23589540,87.681,88.7505,86.67
15/01/2021,86.8095,26843400,86.9095,87.8,86.0775
19/01/2021,89.543,34692280,87.6125,90.4638,87.073
20/01/2021,94.345,49805160,91.573,95.1855,91.2765
21/01/2021,94.5625,41278640,94.9,96.743,94.3555
22/01/2021,95.0525,25444640,94.784,95.5475,94.088
25/01/2021,94.97,38546400,96.0335,96.479,93.3765
26/01/2021,95.862,26262780,94.442,96.25,94.2122
27/01/2021,91.5395,54965840,94.1265,94.5,90.45
28/01/2021,93.1555,35462760,92.197,94.9415,92.132
01/02/2021,95.0675,32043640,92.6785,96.1196,92.5465
02/02/2021,96.3755,45474460,96.128,97.788,95.7245
03/02/2021,103.5035,82363400,103.65,105.825,100.919
04/02/2021,103.1185,37046580,103.4445,103.9275,102.1295
05/02/2021,104.9,30702700,103.5,105.1255,102.9665
08/02/2021,104.6455,24848220,105.2955,106.1773,103.6
09/02/2021,104.1755,17797000,103.927,105.2565,103.927
10/02/2021,104.769,22709280,104.7105,105.4185,103.1545
11/02/2021,104.7945,18913000,104.9755,105.1015,103.866
12/02/2021,105.2055,17117300,104.5125,105.441,104.1565
16/02/2021,106.095,22676760,105.218,107.634,105.218
17/02/2021,106.4155,21418820,105,106.683,104.946
18/02/2021,105.86,22437100,105.5195,106.6368,105.1855
19/02/2021,105.057,29152240,105.9635,106.5265,104.8705
22/02/2021,103.244,27350660,103.35,104.571,103.107
23/02/2021,103.543,33347540,101.2505,104.1005,100.101
24/02/2021,104.7585,24966980,102.0915,105.039,101.9065
25/02/2021,101.568,36568640,103.3725,104.744,101.0645
26/02/2021,101.843,41676020,102.526,103.5505,100.803
01/03/2021,104.0755,28102300,102.826,104.326,102.305
02/03/2021,103.792,22691900,103.8095,105.2185,103.563
03/03/2021,101.3355,29683620,103.3605,104.4259,100.5
04/03/2021,102.4545,42360120,101.1685,104.462,101.0135
05/03/2021,105.427,43904360,103.656,105.9055,102.3208
08/03/2021,101.2085,32948580,105.0565,106.4405,101.0805
09/03/2021,102.635,33946120,103.5,103.902,102.3915
10/03/2021,102.7515,25371840,103.588,103.75,101.6685
11/03/2021,105.7385,24781600,103.703,106.285,103.619
12/03/2021,103.096,34515880,104.25,104.513,102.3775
15/03/2021,103.3245,25966500,103.115,103.353,102.1755
16/03/2021,104.626,29831280,103.9495,106.178,103.5
17/03/2021,104.554,25980320,103.8015,105.489,102.7
18/03/2021,101.811,27248600,103.05,103.775,101.6775
19/03/2021,102.16,46297860,102.1025,102.655,100.884
22/03/2021,101.9295,39096320,102.092,102.8995,101.3035
23/03/2021,102.648,27339940,102.585,103.6151,101.961
24/03/2021,102.253,23080580,103.2685,103.9105,102.0778
25/03/2021,102.218,28378140,102.2405,102.9435,100.5365
26/03/2021,101.7775,29876000,101.943,102.5495,100.701
29/03/2021,102.7975,24595540,101.394,102.9215,100.781
30/03/2021,102.777,20735480,102.8815,103.539,102.2015
31/03/2021,103.4315,29198600,102.956,104.6664,102.8373
01/04/2021,106.8875,33979560,104.8975,107.147,104.8445
05/04/2021,111.2775,43297500,107.647,111.8655,107.581
06/04/2021,111.2375,27060720,111.125,111.883,110.74
07/04/2021,112.484,25797220,111.3065,112.75,111.2665
08/04/2021,113.272,27165180,113.898,114.2003,112.884
09/04/2021,114.294,20887300,112.835,114.452,112.6857
12/04/2021,112.7395,31317020,113.3125,113.766,111.9233
13/04/2021,113.3635,23316080,113.0735,113.8605,112.8045
14/04/2021,112.742,20219340,113.758,113.8995,112.4595
15/04/2021,114.833,27472240,113.849,115.3298,113.3
16/04/2021,114.888,22601800,115.15,115.322,114.2225
19/04/2021,115.12,24688900,114.599,115.9225,114.3922
20/04/2021,114.6815,21774980,115.3945,115.48,113.5855
21/04/2021,114.6645,23934620,114.2625,114.766,112.9285
22/04/2021,113.396,21096160,114.6615,115.1881,112.8225
23/04/2021,115.765,28703240,114.1735,116.291,113.9105
26/04/2021,116.337,20833000,115.9965,117.063,115.692
27/04/2021,115.356,31971660,116.8,116.8725,115.2135
28/04/2021,118.9955,59728780,120.3573,122.6189,118.7425
29/04/2021,121.4945,39553540,120.5165,121.826,120.114
30/04/2021,120.506,39142600,120.2245,121.357,120.108
03/05/2021,119.7585,33787780,120.136,120.985,119.225
04/05/2021,117.7125,35120300,118.487,118.963,115.585
05/05/2021,117.837,21805500,118.421,119.11,117.5705
06/05/2021,119.0675,20617180,117.532,119.1355,117.1169
07/05/2021,119.9345,23277840,120,120.8205,119.5
10/05/2021,117.083,26005420,118.7445,118.9,116.7365
11/05/2021,115.438,32110960,114.593,116.1,114.15
12/05/2021,111.954,34933280,113.0855,114.2685,111.5025
13/05/2021,113.0985,26670160,113.0545,113.8301,112.136
14/05/2021,115.808,26624960,114.5915,116.057,114.166
17/05/2021,116.0705,19835840,115.466,116.167,114.75
18/05/2021,115.1715,17302380,116.8453,117.1575,115.158
19/05/2021,115.4355,19350880,113.22,115.838,113.176
20/05/2021,117.8045,23831860,116.402,118.017,116.0545
21/05/2021,117.255,22832640,118.2995,118.45,117.1185
24/05/2021,120.3335,21243780,118.35,120.924,118.0055
25/05/2021,120.4535,18838560,121,121.6445,120.1495
26/05/2021,121.6765,21856380,120.6418,122.1472,120.6258
27/05/2021,120.1255,38962260,121.847,122,120.1
28/05/2021,120.578,24107640,121.098,121.407,120.3845
01/06/2021,121.4905,19165780,121.1,121.8985,120.244
02/06/2021,121.064,17162100,121.7655,122.1,120.21
03/06/2021,120.2305,18345820,119.751,120.4873,119.1415
04/06/2021,122.588,25948680,121.126,122.693,120.8885
07/06/2021,123.3045,23849060,122.566,123.4,122.0536
08/06/2021,124.1425,25065060,123.995,124.7248,123.412
09/06/2021,124.57,20126740,124.975,125.25,124.3665
10/06/2021,126.08,31234660,124.7005,126.163,124.7
11/06/2021,125.6965,25246180,126.246,126.3495,124.9145
14/06/2021,126.352,22550440,125.6695,126.4115,125.047
15/06/2021,126.033,22182600,126.522,126.862,125.6485
16/06/2021,125.6965,26316760,126.2475,126.5235,124.15
17/06/2021,126.371,25755820,125.523,127.1965,125.515
18/06/2021,125.5675,53306200,125.7055,126.389,124.603
21/06/2021,126.455,26256520,125.74,127.0367,125.1343
22/06/2021,126.9995,20986200,126.45,127.27,126.0265
23/06/2021,126.4615,19693160,126.55,127.796,126.252
24/06/2021,127.282,18933240,127.0535,127.5355,126.96
25/06/2021,126.995,33485940,126.957,127.505,126.444
28/06/2021,126.8195,28110860,127,127.337,125.9738
29/06/2021,126.0185,20949560,126.7725,127,125.437
30/06/2021,125.316,24009560,125.6536,125.8,124.7575
01/07/2021,126.3685,17124600,124.8498,126.4625,124.8498
02/07/2021,128.719,21165120,126.8395,128.848,126.769
06/07/2021,129.771,21350340,129.4495,129.8845,128.409
07/07/2021,130.0775,16683720,130.341,130.6399,129.76
08/07/2021,129.177,19779500,128.25,130.0325,128.04
09/07/2021,129.5745,15109320,128.9445,129.8495,128.9435
12/07/2021,130.564,16950920,129.8335,130.77,129.6
13/07/2021,130.9945,16617960,130.8815,132.042,130.637
14/07/2021,132.0825,17918540,131.9015,132.996,131.898
15/07/2021,131.2665,16586320,132.5,132.595,130.598
16/07/2021,131.8455,14861180,131.641,132.183,130.8215
19/07/2021,129.254,25709320,131.1555,131.247,128.537
20/07/2021,131.1015,19083120,130.004,132.0014,129.1884
21/07/2021,132.6005,14741640,130.787,132.6172,130.6015
22/07/2021,133.3285,13608140,132.65,133.5045,132.4
23/07/2021,137.816,26377740,135.26,138.8085,134.7005
26/07/2021,139.6445,23052460,138.25,139.713,137.651
27/07/2021,136.7965,42163060,140.011,140.011,135.1
28/07/2021,136.3815,54688340,138.562,139.676,136.35
29/07/2021,136.5405,19283340,136.3806,137.1515,136.138
30/07/2021,135.221,23954500,135.511,135.7714,134.8142
02/08/2021,135.9895,20140040,135.4845,136.0205,134.6695
03/08/2021,136.28,19064000,136,136.3355,134.1835
04/08/2021,136.0285,16527140,136.2495,136.538,135.415
05/08/2021,136.94,11871780,136.0285,136.95,135.6
06/08/2021,137.036,13565020,136.295,137.08,136.0465
09/08/2021,138.002,12379560,136.949,138.3215,136.4288
10/08/2021,138.0965,16039080,138.0795,138.5515,137.2265
11/08/2021,137.6895,15209660,138.283,138.8477,137.35
12/08/2021,138.3895,14649400,137.713,138.418,136.779
13/08/2021,138.406,12580580,138.3575,138.674,138.005
16/08/2021,138.916,18050840,138,138.9905,136.1658
17/08/2021,137.3005,21274020,138.191,138.7185,136.7875
18/08/2021,136.57,14934460,137.1155,138.294,136.421
19/08/2021,136.9135,18295920,135.4675,137.452,135.356
20/08/2021,138.437,15566740,137.083,138.6145,136.467
23/08/2021,141.0995,21089680,138.9985,142.177,138.7479
24/08/2021,142.3985,15126260,141.5435,143.0075,141.3535
25/08/2021,142.95,12843060,142.883,143.313,142.4395
26/08/2021,142.123,14922000,142.6185,143.1348,142.0915
27/08/2021,144.5505,24568240,142.1125,145.011,142.02
30/08/2021,145.4695,16915900,144.7045,146.4895,144.6
31/08/2021,145.462,26756420,145.8845,146.112,145
01/09/2021,145.842,15824680,145.65,146.8205,145.6145
02/09/2021,144.219,21855800,145.9495,146.325,144.1065
03/09/2021,144.775,19110480,144.146,145.377,143.505
07/09/2021,145.519,15172600,144.7495,145.824,144.541
08/09/2021,144.8835,15491660,145.3935,145.551,144.2
09/09/2021,144.9135,14798560,144.8835,145.6695,144.434
10/09/2021,141.921,32896620,145.4435,146.019,141.7415
13/09/2021,143.465,20175620,143.201,144.191,142.2825
14/09/2021,143.406,18919140,144.161,144.7275,142.9055
15/09/2021,145.206,20653420,143.759,145.5815,142.256
16/09/2021,144.3735,20298840,145.121,145.2,143.4164
17/09/2021,141.4635,60039820,143.7985,144.2495,141.0615
20/09/2021,139.017,34917720,139.0002,139.3625,137.053
21/09/2021,139.6465,18129380,140.117,140.8116,138.9055
22/09/2021,140.9385,22067800,140.0505,141.5835,139.4718
23/09/2021,141.8265,17276100,141.6095,142.2525,141.0965
24/09/2021,142.633,14949340,140.946,142.9035,140.8505
27/09/2021,141.501,18844080,141.5855,142.5,140.5
28/09/2021,136.184,42189660,139.0885,139.6065,135.7
29/09/2021,134.521,26337220,137.1097,137.3985,134.25
30/09/2021,133.2655,35363980,134.325,135.59,133
01/10/2021,136.4625,28387300,133.5545,137.071,133.3775
04/10/2021,133.765,31529900,135.6995,135.7,131.1665
05/10/2021,136.177,24126740,134,137.362,134
06/10/2021,137.354,19764320,134.6255,137.852,134.4865
07/10/2021,139.1855,18250460,138.863,140.1545,138.563
08/10/2021,140.056,18928420,139.906,140.317,139.4293
11/10/2021,138.8475,16584760,139.8,140.7636,138.8065
12/10/2021,136.713,22535020,139.6375,139.695,136.25
13/10/2021,137.9,16393280,137.75,138.55,136.9765
14/10/2021,141.412,21437560,139.952,141.6515,139.339
15/10/2021,141.675,21253360,142.2,142.2,141.0645
18/10/2021,142.9605,16567200,141.2135,142.9988,141.2135
19/10/2021,143.822,15315840,143.2915,144.107,143.096
20/10/2021,142.415,17939500,144.2225,144.2478,141.912
21/10/2021,142.7805,14849920,142.192,142.8495,141.637
22/10/2021,138.625,30182640,140.351,141.5585,137.1705
25/10/2021,138.773,21081700,138.8105,139.2058,136.7485
26/10/2021,139.672,28258740,140.606,140.8395,139.0055
27/10/2021,146.4275,51850920,139.9025,149.118,139.9025
28/10/2021,146.129,32418060,147.299,147.4245,144.7635
29/10/2021,148.2705,28954500,145.52,148.613,145.1665
01/11/2021,143.774,32272100,148.165,148.3995,143.5795
02/11/2021,145.863,21150580,144.8094,146.9205,144.641
03/11/2021,146.79,17886600,146.275,146.9105,145.0535
04/11/2021,148.683,24700800,147.2,149.95,146.635
05/11/2021,149.241,20408140,149.3535,150.5707,148.652
08/11/2021,149.3515,18388140,150,151.0345,149.12
09/11/2021,149.2485,16875560,149.746,150.3785,147.507
10/11/2021,146.626,22708320,148.0098,148.7,145.325
11/11/2021,146.748,12463100,147.107,148.5023,146.6945
12/11/2021,149.6455,17047660,147.8315,149.8595,146.454
15/11/2021,149.388,16247340,150,150.477,148.6525
16/11/2021,149.076,17254860,149.1705,149.8325,148.35
17/11/2021,149.062,15290820,149.229,149.626,148.563
18/11/2021,150.709,26682400,149.146,151.61,148.9985
19/11/2021,149.9525,19782960,151,151.85,149.8875
22/11/2021,147.0785,24627700,150.1418,150.7445,147.0055
23/11/2021,146.757,18133140,147.113,147.694,144.8895
24/11/2021,146.7175,16464060,146.35,147,145.199
26/11/2021,142.806,16992120,145.0155,145.297,142.4855
29/11/2021,146.114,26276120,144.2985,146.862,144.2985
30/11/2021,142.452,41590520,145.4503,146.6285,142.066
01/12/2021,141.618,28545780,144.2125,146.4991,141.5
02/12/2021,143.7765,21250700,141.824,144.675,140.982
03/12/2021,142.5205,26687480,144.4955,145.213,141.15
06/12/2021,143.7965,22197700,143.574,144.3515,140.647
07/12/2021,148.0365,23258280,145.95,148.3,145.7025
08/12/2021,148.7205,18963940,148.3315,149.1565,147.2
09/12/2021,148.106,18580600,148.176,149.605,147.529
10/12/2021,148.675,21638460,149.1,149.4,147.3575
13/12/2021,146.7045,24103920,148.444,148.5625,146.36
14/12/2021,144.9705,24778800,144.77,145.442,142.2425
15/12/2021,147.3685,27280960,144.366,147.5172,142.7055
16/12/2021,144.8385,27399740,148.077,148.5515,144.0925
17/12/2021,142.803,43404700,142.7145,144.4601,141.788
20/12/2021,142.4015,20263520,140.6796,142.6105,140.25
21/12/2021,144.2205,19551940,143.15,144.6921,141.735
22/12/2021,146.949,18440480,144.1,147.303,143.963
23/12/2021,147.1425,13818680,147.0895,148.5726,146.9508
27/12/2021,148.064,13259320,147.4635,148.4265,147.25
28/12/2021,146.448,18635840,148.3745,148.3745,145.9355
29/12/2021,146.5045,17024720,146.4295,147.1838,145.5045
30/12/2021,146.0025,12977020,146.45,147.0625,145.7585
31/12/2021,144.6795,17297700,145.544,146.365,144.6775
03/01/2022,145.0745,25224500,144.4755,145.55,143.5025
04/01/2022,144.4165,22927780,145.5505,146.61,143.8161
05/01/2022,137.6535,49641520,144.181,144.298,137.5235
06/01/2022,137.551,29049040,137.4975,139.686,136.7635
07/01/2022,137.0045,19408240,137.905,138.2547,135.789
10/01/2022,138.574,34095680,135.099,138.64,133.1405
11/01/2022,140.0175,23501240,138.1805,140.3295,136.8135
12/01/2022,141.648,23641580,141.5545,142.8142,141.112
13/01/2022,139.131,26565080,141.8405,143.1855,138.914
14/01/2022,139.7865,23825920,137.5,141.2005,137.5
18/01/2022,136.2905,27401960,136.6,137.3915,135.617
19/01/2022,135.652,20795280,136.9385,138.3995,135.5
20/01/2022,133.5065,21930560,136.514,137.912,133.1445
21/01/2022,130.092,41919220,133.012,134.7605,130.001
24/01/2022,130.372,55292040,126.0275,130.7785,124.642
25/01/2022,126.7355,36008600,128.4355,129.3385,126.378
26/01/2022,129.24,39630880,130.5925,132.8075,127.1535
27/01/2022,129.121,30285020,131.361,132.6099,128.945
28/01/2022,133.2895,30517560,130,133.3705,128.6945
31/01/2022,135.6985,34055560,134.198,135.8435,132.274
01/02/2022,137.8785,51203200,137.835,138.2,134.5682
02/02/2022,148.0365,89750760,151.8635,152.1,145.5575
03/02/2022,142.6505,56930140,145.295,149.1177,142.205
04/02/2022,143.016,49224400,143.017,144.5352,139.8175
07/02/2022,138.938,44610740,143.709,143.8465,138.699
08/02/2022,139.213,34255040,138.9913,139.8371,136.873
09/02/2022,141.453,28627160,140.8498,142.1755,140.377
10/02/2022,138.6025,33017700,139.5,141.431,138.05
11/02/2022,134.13,38808800,138.75,139.2833,133.2885
14/02/2022,135.3,26792800,133.3655,136.1665,133.302
15/02/2022,136.4255,26577560,137.4715,137.9,135.5395
16/02/2022,137.4875,25609660,136.4305,137.946,134.8236
17/02/2022,132.3085,30968120,136.15,136.8395,132.202
18/02/2022,130.4675,31858600,133.0375,133.824,130.307
22/02/2022,129.4025,38906580,129.985,131.9007,127.741
23/02/2022,127.585,26431280,131.0785,131.749,127.5035
24/02/2022,132.6735,43165080,125,133.037,124.7645
25/02/2022,134.5195,26235860,133.5255,135.389,131.765
28/02/2022,134.891,29675680,133.2845,135.6405,132.8253
01/03/2022,134.168,24639920,134.48,136.111,133.3785
02/03/2022,134.7515,23966740,134.6083,135.6155,133.4325
03/03/2022,134.308,19779300,135.9785,136.7138,133.431
04/03/2022,132.122,24472240,133.3825,134.199,130.4085
07/03/2022,126.4645,39177900,131.904,131.904,126.41
08/03/2022,127.2785,35249560,126.2505,131.2465,125.8608
09/03/2022,133.866,32257440,131.4,134.1985,130.088
10/03/2022,132.682,24265200,131.4625,133.5385,131.401
11/03/2022,130.4755,26599800,133.9995,134.2,130.2965
14/03/2022,126.741,30253860,130.573,131.026,126.413
15/03/2022,129.6605,30292600,127.7415,130.5172,126.568
16/03/2022,133.6905,32058200,131,133.771,129.201
17/03/2022,134.6005,23994380,133.321,134.7395,132.719
18/03/2022,136.8015,45899700,133.884,136.9135,132.932
21/03/2022,136.4785,26632460,136.8475,137.5825,134.6115
22/03/2022,140.2775,29776860,136.5,141.5,136.5
23/03/2022,138.5035,25302320,139.1385,140.025,138.1665
24/03/2022,141.312,20544720,139.2725,141.3965,138.0394
25/03/2022,141.5215,19289080,141.754,141.9595,139.6995
28/03/2022,141.95,23773080,140.6845,141.9765,139.8281
29/03/2022,143.25,28678420,143.1605,144.1625,142.484
30/03/2022,142.6445,21046380,142.87,143.4805,142.168
31/03/2022,139.6495,29516320,142.4485,142.6445,139.619
01/04/2022,140.7,23480020,140.01,140.95,138.797
04/04/2022,143.6425,19084900,140.8245,144.0438,140.8245
05/04/2022,141.063,19255560,143.3995,143.59,140.9435
06/04/2022,137.176,23574600,139.1615,139.8485,136.4181
07/04/2022,136.465,19448540,136.618,137.7015,134.8572
08/04/2022,134.0105,16434480,136.25,136.25,133.7525
11/04/2022,129.7965,24187340,132.9,132.9392,129.6175
12/04/2022,128.3745,23003220,132.4235,132.4235,127.576
13/04/2022,130.286,19542960,128.6265,130.6557,128.4386
14/04/2022,127.253,23483360,130.6495,130.7103,127.1115
18/04/2022,127.961,14917200,127.41,128.712,126.5785
19/04/2022,130.531,22719300,128.077,130.9038,127.4515
20/04/2022,128.2455,22609380,131.284,131.9235,127.8941
21/04/2022,124.9375,30157540,129.35,130.3075,124.65
22/04/2022,119.614,46410300,125,125.452,119.1405
25/04/2022,123.25,34521800,119.4295,123.278,118.7693
26/04/2022,119.506,49393040,122.75,122.75,119.1619
27/04/2022,115.0205,62238120,114.373,117.5,113.1243
28/04/2022,119.4115,36790940,117.115,120.4385,115.1439
29/04/2022,114.9665,33693100,117.578,118.96,114.694
02/05/2022,117.157,30279640,113.9065,117.3395,113.3995
03/05/2022,118.1295,21215740,116.765,119.3,116.627
04/05/2022,122.575,33231460,118.0035,123.143,115.7385
05/05/2022,116.7465,43089040,120.2205,121.2333,115.1825
06/05/2022,115.66,35309480,115.519,117.4985,114.143
09/05/2022,113.084,34520960,113.3035,115.5629,112.5515
10/05/2022,114.5845,31157780,116.0405,116.691,113.3833
11/05/2022,113.961,36501640,113.7105,116.671,113.65
12/05/2022,113.161,41464880,111.938,114.8565,110.1135
13/05/2022,116.5155,29737560,114.8455,118.085,114
16/05/2022,114.7925,23282380,115.384,116.6075,114.335
17/05/2022,116.7015,21576080,117.2275,117.2275,115.3375
18/05/2022,112.401,27982760,115.2375,115.6957,112.142
19/05/2022,110.7455,29191740,111.841,113.5875,110.468
20/05/2022,109.313,37586020,112.0855,112.55,106.373
23/05/2022,111.6665,31558220,110.104,112.0055,109.1543
24/05/2022,105.926,60386380,106.3775,106.395,102.208
25/05/2022,105.8395,37899340,105.142,106.5447,104.2113
26/05/2022,108.296,30287480,106.0505,108.9553,105.488
27/05/2022,112.799,29924420,109.7885,112.868,109.55
31/05/2022,114.039,51301920,113.079,116.4335,112.5725
01/06/2022,114.137,28629280,114.9315,117.399,113.5505
02/06/2022,117.746,27495400,114.188,117.898,113.308
03/06/2022,114.564,24952080,115.9925,116.3645,113.668
06/06/2022,117.0105,23786720,116.7425,119.3985,116.5283
07/06/2022,117.2295,26413540,115.648,117.7486,115.1255
08/06/2022,117.238,22544260,116.8765,118.646,116.6968
09/06/2022,114.918,23141600,116.3415,118.35,114.867
10/06/2022,111.4275,31349740,112.7813,113.497,110.861
13/06/2022,106.8765,36756200,107.446,109.2185,106.5881
14/06/2022,107.194,25480940,106.89,108.4575,106.352
15/06/2022,110.3905,33192020,108.8995,112.063,108.1188
16/06/2022,106.636,35313240,108.1495,109.2905,105.7925
17/06/2022,107.8655,43516660,106.535,109.2495,105.6285
21/06/2022,112.015,39010280,109.702,112.673,109.2935
22/06/2022,112.034,23921720,111.163,113.7695,110.7243
23/06/2022,112.6845,24709720,112.95,113.1965,111.029
24/06/2022,118.538,39122760,113.603,118.6375,113.603
27/06/2022,116.6225,32839300,118.935,119.25,116.0008
28/06/2022,112.5715,28316220,116.351,117.8565,112.444
29/06/2022,112.2565,18627860,112.1485,113.6645,111.554
30/06/2022,109.3725,38046040,110.4995,111.3298,107.31
01/07/2022,109.081,31027880,108.337,109.8064,107.105
05/07/2022,113.887,36429380,107.5145,114.0526,106.2495
06/07/2022,115.2135,28852680,114.092,116.352,112.2505
07/07/2022,119.306,32183940,116.008,119.862,115.534
08/07/2022,120.1685,29082200,117.55,120.435,117.514
11/07/2022,116.5225,26830460,118.65,118.7945,116.2345
12/07/2022,114.8495,24970160,116.8385,117.8495,114.615
13/07/2022,112.187,38958860,112.639,115.157,111.823
14/07/2022,111.44,32365540,110.826,111.9875,109.3255
15/07/2022,112.767,34330760,112.963,114.0005,111.8225
18/07/2022,109.91,33353990,113.44,114.8,109.3
19/07/2022,114.62,30992330,111.73,114.81,110.5
20/07/2022,114.7,26780090,114.06,116.33,113.26
21/07/2022,115.04,27267850,115.09,115.21,111.91
22/07/2022,108.36,44455300,111.81,113.18,107.6
25/07/2022,108.21,28289940,108.88,110.58,107.01
26/07/2022,105.44,36626630,107.43,107.74,104.76
27/07/2022,113.6,41474620,109.6,114.4,108.42
28/07/2022,114.59,23303840,112.8,114.7,111.851
29/07/2022,116.64,31336180,113.4,116.9,113.23
01/08/2022,115.48,22856200,115.53,117.12,114.69
02/08/2022,115.9,17911040,114.43,117.08,114.26
03/08/2022,118.78,25302820,116.34,119.42,116.15
04/08/2022,118.87,15757700,118.3,119.5,117.71
05/08/2022,118.22,15615660,116.93,118.86,116.71
08/08/2022,118.14,17061110,119.12,120.86,117.83
09/08/2022,117.5,15424260,117.99,118.2,116.56
10/08/2022,120.65,20497020,119.59,121.78,119.36
11/08/2022,119.82,16671630,122.08,122.3402,119.55
12/08/2022,122.65,16121090,121.16,122.65,120.4001
15/08/2022,122.88,15524950,122.21,123.26,121.57
16/08/2022,122.51,15626170,122.32,123.2276,121.535
17/08/2022,120.32,17589160,120.93,122.15,120.2
18/08/2022,120.86,15652030,120.23,121.69,119.5502
19/08/2022,118.12,20186980,119.87,120,117.67
22/08/2022,115.07,19316020,116.1,116.5,114.67
23/08/2022,114.77,14390690,114.32,115.93,114.3
24/08/2022,114.7,16051170,114.45,115.7171,113.78
25/08/2022,117.7,14874670,115.15,117.78,115.05
26/08/2022,111.3,31698670,115.81,116.6,111.22
29/08/2022,110.34,20386140,110.78,111.96,109.81
30/08/2022,109.91,20548200,111.03,111.37,108.8
31/08/2022,109.15,25897980,111.63,111.77,109.05
01/09/2022,110.55,22784390,109.2,111.22,108.19
02/09/2022,108.68,20618080,111.34,111.675,108.13
06/09/2022,107.48,20565050,108.135,108.88,106.51
07/09/2022,110.48,22987180,107.76,110.99,107.615
08/09/2022,109.42,21660650,109.18,110.58,108.06
09/09/2022,111.78,21745030,110.05,112,110
12/09/2022,111.87,19732910,111.99,112.64,110.93
13/09/2022,105.31,33014990,108.89,109.37,105
14/09/2022,105.87,22115810,105.44,106.1,104.5
15/09/2022,103.9,26494930,105.01,106.21,103.31
16/09/2022,103.63,64540120,102.97,104.03,101.855
19/09/2022,103.85,19738600,102.54,104.02,102.37
20/09/2022,101.83,24001670,102.88,103.17,101.12
21/09/2022,100.01,26596760,102.24,103.49,99.99
22/09/2022,100.57,21272680,99.45,101.68,99.41
23/09/2022,99.17,25656960,100.06,100.11,98.01
26/09/2022,98.81,22437940,98.61,100.44,98.38
27/09/2022,98.09,24224990,99.91,100.46,97.34
28/09/2022,100.74,24617000,98.02,101.4,97.8
29/09/2022,98.09,21921520,99.3,99.3,96.52
30/09/2022,96.15,26277830,97.73,99.494,96.03
03/10/2022,99.3,24840030,97.22,99.97,97.02
04/10/2022,102.41,22580930,101.04,102.72,101.04
05/10/2022,102.22,18475520,100.69,102.74,99.74
06/10/2022,102.24,17156240,101.5,103.73,101.5
07/10/2022,99.57,24249910,100.65,101.42,99.21
10/10/2022,98.71,16529900,99.85,99.99,97.87
11/10/2022,98.05,21617730,98.25,100.12,97.25
12/10/2022,98.3,17343430,98.27,99.6476,97.67
13/10/2022,99.71,32812220,95.93,100.53,95.27
14/10/2022,97.18,22624830,100.625,101.29,97.03
17/10/2022,100.78,23311600,99.52,101.77,99.51
18/10/2022,101.39,21610540,103.94,104.22,100.65
19/10/2022,100.29,21573690,100.7,101.6592,99.635
20/10/2022,100.53,25125080,100.82,103,99.97
21/10/2022,101.48,28988730,98.46,101.62,98.23
24/10/2022,102.97,24680830,102.09,103.1,100.3
25/10/2022,104.93,29910170,103.3,105.0999,103.02
26/10/2022,94.82,71671810,96.76,98.54,94.57
27/10/2022,92.6,54036490,94.31,95.17,91.9
28/10/2022,96.58,35696930,92.53,96.86,92.3225
31/10/2022,94.66,29868710,95.78,96.35,94.38
01/11/2022,90.5,43220600,95.59,96.165,90.43
02/11/2022,87.07,43553550,90.91,91.3,87.01
03/11/2022,83.49,48510360,86.345,86.55,83.45
04/11/2022,86.7,40173280,85.51,86.73,83.88
07/11/2022,88.65,26899880,87.34,88.94,86.96
08/11/2022,88.91,30172000,89.16,90.405,87.65
09/11/2022,87.4,26743880,88.545,89.49,87.3599
10/11/2022,94.17,42371220,92.34,94.55,91.65
11/11/2022,96.73,30569110,94.71,97.36,94.16
14/11/2022,96.03,24170080,95.5,97.18,95.1125
15/11/2022,98.72,31830970,98.67,100.42,97.02
16/11/2022,98.99,24660200,98.02,99.85,97.9015
17/11/2022,98.5,21818730,97.18,99.48,97.1
18/11/2022,97.8,24969880,99.01,99.16,96.74
21/11/2022,95.83,18696870,97.56,98.72,95.67
22/11/2022,97.33,18868850,96.16,97.5475,94.41
23/11/2022,98.82,17568860,97.34,99.0685,97.34
25/11/2022,97.6,8567819,98.465,98.94,97.53
28/11/2022,96.25,19981970,97.2,97.83,95.89
29/11/2022,95.44,20220010,96,96.3901,94.39
30/11/2022,101.45,39888070,95.12,101.45,94.67
01/12/2022,101.28,21771540,101.4,102.59,100.67
02/12/2022,100.83,18821530,99.37,101.15,99.17
05/12/2022,99.87,19955550,99.815,101.7499,99.355
06/12/2022,97.31,20877620,99.67,100.21,96.7604
07/12/2022,95.15,26647880,96.77,97.31,95.025
08/12/2022,93.95,25593230,95.69,95.87,93.8
09/12/2022,93.07,21885310,93.9,94.49,93.02
12/12/2022,93.56,27380950,93.09,93.8745,91.9
13/12/2022,95.85,34788520,98.07,99.8,95.38
14/12/2022,95.31,26452940,95.54,97.22,93.94
15/12/2022,91.2,28298760,93.54,94.03,90.43
16/12/2022,90.86,48485510,91.2,91.75,90.01
19/12/2022,89.15,23020540,90.88,91.2,88.925
20/12/2022,89.63,21976850,88.73,89.78,88.04
21/12/2022,90.25,20336390,89.73,90.915,88.91
22/12/2022,88.26,23656070,88.93,89.18,86.9401
23/12/2022,89.81,17815010,87.62,90.1,87.62
27/12/2022,87.93,15470870,89.31,89.5,87.535
28/12/2022,86.46,17879570,87.5,88.52,86.3701
29/12/2022,88.95,18280660,87.03,89.365,86.99
30/12/2022,88.73,19190300,87.365,88.83,87.03
03/01/2023,89.7,20738460,89.83,91.55,89.02
04/01/2023,88.71,27046480,91.01,91.24,87.8
05/01/2023,86.77,23136080,88.07,88.21,86.56
06/01/2023,88.16,26612630,87.36,88.47,85.57
09/01/2023,88.8,22996680,89.195,90.83,88.58
10/01/2023,89.24,22855590,86.72,89.475,86.7
11/01/2023,92.26,25998840,90.06,92.45,89.74
12/01/2023,91.91,22754220,92.4,92.62,90.57
13/01/2023,92.8,18630710,91.528,92.98,90.93
17/01/2023,92.16,22935820,92.78,92.97,90.84
18/01/2023,91.78,19641620,92.94,93.588,91.4
19/01/2023,93.91,28707650,91.39,94.4,91.38
20/01/2023,99.28,53704760,95.95,99.42,95.91
23/01/2023,101.21,31791780,99.13,101.4,98.75
24/01/2023,99.21,27391370,99.55,101.09,98.7
25/01/2023,96.73,31000850,97.2,97.72,95.262
26/01/2023,99.16,24542060,98.28,99.21,96.82
27/01/2023,100.71,29020350,99.05,101.58,98.97
30/01/2023,97.95,24365140,98.745,99.4088,97.52
31/01/2023,99.87,22306780,97.86,99.91,97.79
01/02/2023,101.43,26392570,99.74,102.1899,98.42
02/02/2023,108.8,46622630,106.79,108.82,106.54
03/02/2023,105.22,36823420,103.51,108.02,103.3
06/02/2023,103.47,25573050,102.685,104.7,102.21
07/02/2023,108.04,33738830,103.63,108.67,103.5475
08/02/2023,100,73546030,102.69,103.58,98.455
09/02/2023,95.46,97798570,100.54,100.61,93.86
10/02/2023,94.86,49325280,95.74,97.02,94.53
13/02/2023,95,43116560,95.01,95.35,94.05
14/02/2023,94.95,42513080,94.66,95.175,92.65
15/02/2023,97.1,37029890,94.74,97.34,94.36
16/02/2023,95.78,35642110,95.54,97.88,94.97
17/02/2023,94.59,31095070,95.07,95.75,93.45
21/02/2023,92.05,28367200,93.24,93.4149,92
22/02/2023,91.8,29891140,91.934,92.36,90.87
23/02/2023,91.07,32423720,92.13,92.13,90.01
24/02/2023,89.35,31295620,89.63,90.13,88.86
27/02/2023,90.1,22724260,90.09,90.4499,89.61
28/02/2023,90.3,30546910,89.54,91.45,89.52
01/03/2023,90.51,26323880,90.16,91.2,89.85
02/03/2023,92.31,23344560,89.86,92.48,89.77
03/03/2023,94.02,30242540,92.74,94.11,92.66
06/03/2023,95.58,28288210,94.36,96.3,94.3
07/03/2023,94.17,24101540,95.42,96.09,93.8443
08/03/2023,94.65,25395200,94.405,96.24,94.405
09/03/2023,92.66,24438890,94.49,95.92,92.355
10/03/2023,91.01,32850090,92.5,93.18,90.8
13/03/2023,91.66,31508570,90.565,93.08,89.94
14/03/2023,94.25,32303880,93.07,94.83,92.78
15/03/2023,96.55,38367330,93.54,97.25,93.04
16/03/2023,101.07,54588200,96.57,101.97,95.87
17/03/2023,102.46,76140310,100.84,103.49,100.75
20/03/2023,101.93,26033920,101.06,102.58,100.79
21/03/2023,105.84,33122800,101.98,105.96,101.86
22/03/2023,104.22,32336880,105.14,107.51,104.21
23/03/2023,106.26,31385820,105.89,107.1009,105.41
24/03/2023,106.06,25245010,105.74,106.16,104.74
27/03/2023,103.06,25393420,105.32,105.4,102.63
28/03/2023,101.36,24913480,103,103,100.28
29/03/2023,101.9,26148300,102.72,102.82,101.03
30/03/2023,101.32,25009830,101.44,101.61,100.29
31/03/2023,104,28107950,101.71,104.19,101.44
03/04/2023,104.91,20719860,102.67,104.95,102.38
04/04/2023,105.12,20377230,104.84,106.1,104.6
05/04/2023,104.95,21864200,106.12,106.54,104.1021
06/04/2023,108.9,34684150,105.77,109.63,104.815
10/04/2023,106.95,19741520,107.39,107.97,105.6
11/04/2023,106.12,18721280,106.92,107.22,105.28
12/04/2023,105.22,22761570,107.39,107.5874,104.97
13/04/2023,108.19,21650750,106.47,108.265,106.44
14/04/2023,109.46,20758690,107.69,109.58,107.59
17/04/2023,106.42,29043440,105.43,106.71,105.32
18/04/2023,105.12,17641370,107,107.05,104.78
19/04/2023,105.02,16732020,104.215,105.725,103.8
21/04/2023,105.91,22379020,106.09,106.64,105.485
24/04/2023,106.78,21410910,106.05,107.32,105.36
25/04/2023,104.61,31408120,106.61,107.44,104.56
26/04/2023,104.45,37068170,105.56,107.02,103.27
27/04/2023,108.37,38235220,105.23,109.15,104.42
28/04/2023,108.22,23957870,107.8,108.29,106.04
01/05/2023,107.71,20926260,107.72,108.68,107.5
02/05/2023,105.98,20343120,107.66,107.73,104.5
03/05/2023,106.12,17116330,106.22,108.13,105.62
04/05/2023,105.21,19780640,106.16,106.3,104.7
05/05/2023,106.215,20710630,105.32,106.44,104.7386
08/05/2023,108.24,17266020,105.795,108.42,105.79
09/05/2023,107.94,24782440,108.78,110.595,107.725
10/05/2023,112.28,47533460,108.55,113.51,108.48
11/05/2023,116.9,57115080,115.86,118.44,114.9301
12/05/2023,117.92,31293780,117,118.26,116.55
15/05/2023,116.96,22107870,116.49,118.795,116.48
16/05/2023,120.09,32370110,116.83,121.2,116.83
17/05/2023,121.48,26659560,120.18,122.28,119.46
18/05/2023,123.52,27014470,121.56,123.9,121.49
19/05/2023,123.25,30268860,124.2,126.479,122.72
22/05/2023,125.87,29760240,123.51,127.05,123.45
24/05/2023,121.64,23087930,121.88,122.7499,120.75
25/05/2023,124.35,33812730,125.21,125.98,122.9
26/05/2023,125.43,25169040,124.065,126,123.29
30/05/2023,124.64,27230730,126.29,126.38,122.89
31/05/2023,123.37,41548760,123.7,124.9,123.1
01/06/2023,124.37,25017670,123.5,125.04,123.3
02/06/2023,125.23,19367450,124.49,126.745,124.35
05/06/2023,126.63,22672520,124.61,127.99,124.38
06/06/2023,127.91,19450130,126.6,128.88,125.97
07/06/2023,122.94,34179350,127.575,129.55,122.63
08/06/2023,122.67,24815000,122.585,123.73,122.01
09/06/2023,122.87,20313680,122.56,124.285,122.42
12/06/2023,124.35,22289630,123.395,124.75,122.35
13/06/2023,124.43,19287650,125.65,125.86,123.845
14/06/2023,124.38,24659620,123.8,124.79,122.16
15/06/2023,125.79,24517070,123.88,126.16,123.14
16/06/2023,124.06,56699200,126.7,126.7,123.79
20/06/2023,123.85,22698030,123.535,125.175,122.83
21/06/2023,121.26,22612000,123.235,123.41,120.86
22/06/2023,123.87,20781890,120.66,123.935,119.6
23/06/2023,123.02,29573120,122.04,123.44,121.86
26/06/2023,119.09,23184960,121.466,122.72,118.99
27/06/2023,119.01,27221710,117.84,119.895,116.91
28/06/2023,121.08,19753150,117.96,121.27,117.6
29/06/2023,120.01,18517460,120.09,120.91,119.21
30/06/2023,120.97,23871760,121.1,122.03,120.88
05/07/2023,122.63,17830350,120.06,123.37,120.06
06/07/2023,120.93,17750180,120.64,121.1499,119.2499
07/07/2023,120.14,20997670,120.89,121.75,120.09
10/07/2023,116.87,32960080,119.07,119.07,116.64
11/07/2023,117.71,18286570,116.76,118.225,115.83
12/07/2023,119.62,22059610,119.3,120.96,119
13/07/2023,124.83,31535850,121.54,125.335,121.06
17/07/2023,125.06,20675300,126.06,127.28,124.5
18/07/2023,124.08,21071250,124.905,124.99,123.3
19/07/2023,122.78,22313800,124.79,125.47,122.47
20/07/2023,119.53,27541710,122.12,124.7,118.685
21/07/2023,120.31,56514650,120.87,121.3,119.07
24/07/2023,121.88,22312220,121.926,123.35,121.38
25/07/2023,122.79,31820850,121.88,123.69,121.53
26/07/2023,129.66,46216900,130.36,131.37,128.71
27/07/2023,129.87,35931610,131.8,133.6,129.18
28/07/2023,133.01,26971010,130.97,134.07,130.92
31/07/2023,133.11,18381890,133.01,133.83,132.13
01/08/2023,131.89,22219010,130.855,132.92,130.75
02/08/2023,128.64,22705780,129.84,130.42,127.85
03/08/2023,128.77,15086130,128.37,129.77,127.775
04/08/2023,128.54,20521850,129.6,131.93,128.315
07/08/2023,131.94,17621040,129.51,132.06,129.43
08/08/2023,131.84,16835950,130.98,131.94,130.13
09/08/2023,130.15,17745220,132.19,132.47,129.505
10/08/2023,130.21,17855680,131.97,132.647,130.035
11/08/2023,130.17,15205470,129.202,130.44,128.75
14/08/2023,131.83,17526200,129.85,131.91,129.59
15/08/2023,130.27,14769170,131.59,131.99,129.819
16/08/2023,129.11,17548360,129.28,130.8975,128.46
17/08/2023,130.46,23665560,130.45,132.4913,129.85
18/08/2023,128.11,23627200,129.06,129.83,127
21/08/2023,128.93,21851070,127.85,129.26,127.16
22/08/2023,129.69,15569370,129.13,130.95,128.925
23/08/2023,133.21,26497030,130.85,134.07,130.51
24/08/2023,130.42,18680380,134.727,134.97,130.3
25/08/2023,130.69,20678100,130.14,131.4,128.04
28/08/2023,131.79,16715470,132.08,133.24,130.85
29/08/2023,135.49,30803270,132.998,137.295,132.98
30/08/2023,136.93,21773360,135.57,137.25,135.021
31/08/2023,137.35,28147850,137.05,138.4,136.82
01/09/2023,136.8,16671650,138.43,138.58,135.94
05/09/2023,136.71,17730220,136.44,137.37,135.56
06/09/2023,135.37,15814330,137.015,137.48,134.69
08/09/2023,137.2,17820010,135.87,137.515,135.87
11/09/2023,137.74,17180760,137.38,138.2638,136.55
12/09/2023,136.07,15212930,137.13,137.64,135.93
13/09/2023,137.5,16394920,135.9,137.7,134.93
14/09/2023,138.99,19064610,138.39,139.55,137.06
15/09/2023,138.3,48958840,138.8,139.36,137.18
18/09/2023,138.96,16233590,137.63,139.93,137.63
19/09/2023,138.83,15484640,138.25,139.175,137.5
20/09/2023,134.59,21473530,138.83,138.84,134.52
21/09/2023,131.36,22058380,132.39,133.19,131.09
22/09/2023,131.25,17355280,131.68,133.01,130.51
25/09/2023,132.17,14650030,130.77,132.22,130.03
26/09/2023,129.45,20378790,130.914,131.405,128.19
27/09/2023,131.46,18764200,129.44,131.72,129.38
28/09/2023,133.13,18201390,130.69,134.1799,130.69
29/09/2023,131.85,23237340,134.08,134.89,131.32
02/10/2023,135.17,19210390,132.155,135.36,132.065
03/10/2023,133.3,19628740,134.93,135.24,132.815
04/10/2023,136.27,22847990,133.66,136.57,133.43
05/10/2023,135.99,15922940,136.13,136.5,134.455
06/10/2023,138.73,20826680,134.94,139.1857,134.94
09/10/2023,139.5,16599100,137.99,139.97,136.7
10/10/2023,139.2,19554920,139.51,140.74,138.43
11/10/2023,141.7,20146340,139.85,142.22,139.84
12/10/2023,140.29,18173110,142.16,142.38,139.45
13/10/2023,138.58,19447570,140.65,141.34,137.97
16/10/2023,140.49,17345560,139.73,140.905,139.32
17/10/2023,140.99,17424020,140.03,141.25,138.5287
19/10/2023,138.98,21831180,139.8,141.005,138.6
23/10/2023,137.9,20780670,136.23,139.02,135.11
24/10/2023,140.12,26535200,139.16,140.7099,138.75
25/10/2023,126.67,58796070,129.77,130.1,126.09
26/10/2023,123.44,33907360,124.47,125.46,122.32
27/10/2023,123.4,37367670,124.03,124.44,121.46
30/10/2023,125.75,24165630,124.46,126.55,123.88
31/10/2023,125.3,21123420,126.27,126.56,123.925
01/11/2023,127.57,26536600,125.34,127.74,124.925
02/11/2023,128.58,24091670,129.56,130.09,128.11
03/11/2023,130.37,19529450,129.09,130.73,129.01
06/11/2023,131.45,15360360,130.22,131.56,129.93
07/11/2023,132.4,19223790,131.98,133.28,131.14
08/11/2023,133.26,15093600,132.36,133.54,132.16
09/11/2023,131.69,17976530,133.36,133.96,131.51
13/11/2023,133.64,16409860,133.36,134.11,132.77
14/11/2023,135.43,22317350,135.65,137.24,135.1
15/11/2023,136.38,15840880,136.64,136.84,135.33
16/11/2023,138.7,17615070,136.96,138.8799,136.08
17/11/2023,136.94,25590190,137.82,138,135.48
20/11/2023,137.92,19589010,135.5,138.425,135.49
21/11/2023,138.62,17648070,137.94,138.965,137.705
22/11/2023,140.02,17310210,139.1,141.1,139
24/11/2023,138.22,8828640,139.54,139.677,137.47
27/11/2023,138.05,17886390,137.57,139.63,137.54
28/11/2023,138.62,17046870,137.63,138.66,137.04
29/11/2023,136.4,21014720,138.985,139.67,136.295
30/11/2023,133.92,29913530,136.4,136.96,132.79
01/12/2023,133.32,24267990,133.32,133.5,132.1517
04/12/2023,130.63,24117080,131.294,131.45,129.4
05/12/2023,132.39,19235150,130.37,133.54,129.73
06/12/2023,131.43,16360650,132.9,133.31,131.31
07/12/2023,138.45,38419430,136.6,140,136.23
08/12/2023,136.64,23016140,135.66,137.99,135.57
11/12/2023,134.7,24502860,133.82,134.79,132.89
12/12/2023,133.64,26583980,133.27,134.54,132.83
13/12/2023,133.97,25414460,134.545,134.78,132.95
14/12/2023,133.2,29619100,134.77,135.035,131.06
15/12/2023,133.84,58594000,132.92,134.83,132.63
18/12/2023,137.19,25699770,133.86,138.38,133.77
19/12/2023,138.1,20661000,138,138.77,137.45
20/12/2023,139.66,33507340,140.33,143.0783,139.41
21/12/2023,141.8,18101480,140.77,142.03,140.4725
22/12/2023,142.72,18513520,142.13,143.25,142.055
26/12/2023,142.82,11170070,142.98,143.945,142.5001
27/12/2023,141.44,17288360,142.83,143.32,141.0512
28/12/2023,141.28,12192550,141.85,142.27,140.8283
29/12/2023,140.93,14880960,140.68,141.435,139.9
02/01/2024,139.56,20071890,139.6,140.6147,137.74
03/01/2024,140.36,18974310,138.6,141.09,138.43
04/01/2024,138.04,18253330,139.85,140.635,138.01
05/01/2024,137.39,15439480,138.352,138.81,136.85
08/01/2024,140.53,17645290,138,140.64,137.88
09/01/2024,142.56,19579670,140.06,142.7998,139.79
10/01/2024,143.8,16641880,142.52,144.525,142.46
11/01/2024,143.67,17471130,144.895,146.66,142.215
12/01/2024,144.24,13998730,144.34,144.74,143.36
16/01/2024,144.08,19198940,143.43,145.84,143.0564
17/01/2024,142.89,17884550,142.91,143.41,140.51
18/01/2024,144.99,18876800,143.44,145.585,143.35
22/01/2024,147.71,21829230,148.71,150.015,147.58
23/01/2024,148.68,14113650,147.72,148.86,147.19
24/01/2024,150.35,19245030,150.29,151.57,149.84
25/01/2024,153.64,21495120,151.74,154.76,151.22
26/01/2024,153.79,19494490,152.87,154.11,152.8
29/01/2024,154.84,20909260,153.64,155.2,152.92
30/01/2024,153.05,26578930,154.01,155.04,152.775
31/01/2024,141.8,43908580,145.39,145.59,141.55
01/02/2024,142.71,25526860,143.69,144.62,142.26
02/02/2024,143.54,42136130,140.89,143.88,138.17
05/02/2024,144.93,29254440,144.04,146.67,143.91
06/02/2024,145.41,21517660,145.96,146.74,144.52
07/02/2024,146.68,21436130,146.12,147,145.2103
08/02/2024,147.22,18241320,146.97,147.61,146.42
09/02/2024,150.22,21877690,147.95,150.695,147.43
12/02/2024,148.73,17236110,149.54,150.59,148.56
13/02/2024,146.37,18138480,146.07,148.04,145.11
14/02/2024,147.14,16651820,147.37,147.83,145.555
15/02/2024,143.94,26724310,144.46,144.76,141.88
16/02/2024,141.76,21865120,144.21,144.48,141.52
21/02/2024,143.84,16499580,142.64,143.98,141.91
22/02/2024,145.32,23024710,146.12,146.2,144.01
23/02/2024,145.29,14519430,144.97,145.955,144.79
26/02/2024,138.75,33513010,143.45,143.84,138.74
27/02/2024,140.1,22363980,139.41,140.49,138.5
28/02/2024,137.43,30628700,139.1,139.28,136.64
01/03/2024,138.08,28551530,139.61,140,137.975
04/03/2024,134.2,43571510,136.54,136.63,132.86
05/03/2024,133.78,28447550,132.74,134.02,131.55
06/03/2024,132.56,23175200,134.24,134.74,131.95
07/03/2024,135.24,24107280,133.89,135.82,132.66
08/03/2024,136.29,26495160,135.035,138.985,134.8
11/03/2024,138.94,22536370,137.07,139.98,137.07
13/03/2024,140.77,19637000,140.06,142.19,140.01
14/03/2024,144.34,36117910,142.3,144.73,141.485
15/03/2024,142.17,41039490,143.41,144.34,141.1301
18/03/2024,148.48,47676690,149.37,152.93,148.14
19/03/2024,147.92,17748370,148.98,149.62,147.01
20/03/2024,149.68,17730000,148.79,149.76,147.665
21/03/2024,148.74,19843920,150.32,151.305,148.0101
22/03/2024,151.77,19252930,150.24,152.56,150.09
25/03/2024,151.15,15114730,150.95,151.456,148.8
26/03/2024,151.7,19312690,151.24,153.2,151.03
27/03/2024,151.94,16621960,152.145,152.69,150.13
28/03/2024,152.26,21105630,152,152.67,151.33
01/04/2024,156.5,24469820,151.83,157,151.65
02/04/2024,155.87,17598060,154.75,155.99,153.46
03/04/2024,156.37,17266180,154.92,156.55,154.1321
05/04/2024,153.94,16297320,151.68,154.84,151.081
08/04/2024,156.14,16641530,154.015,156.655,153.99
09/04/2024,158.14,21538140,157.35,159.89,156.64
10/04/2024,157.66,16339170,157.88,158.16,156.2
11/04/2024,160.79,17841700,158.34,161.1199,157.93
12/04/2024,159.19,16989770,159.405,161.7,158.6
15/04/2024,156.33,21140950,160.28,160.83,156.15
17/04/2024,156.88,16237750,157.19,158.681,156.135
18/04/2024,157.46,14016070,156.925,158.485,156.21
19/04/2024,155.72,21479880,157.75,157.99,153.91
22/04/2024,157.95,17243870,156.01,159.185,155.66
23/04/2024,159.92,16115410,158.59,160.48,157.965
24/04/2024,161.1,19485690,159.09,161.39,158.82
25/04/2024,157.95,36197790,153.36,158.28,152.768
26/04/2024,173.69,56500790,175.99,176.42,171.4
29/04/2024,167.9,35914560,170.77,171.38,167.06
30/04/2024,164.64,29420760,167.38,169.87,164.5
01/05/2024,165.57,25223250,166.18,168.81,164.9
02/05/2024,168.46,17041120,166.67,168.53,165.69
03/05/2024,168.99,22767060,169.54,169.85,164.98
06/05/2024,169.83,15147910,169.22,169.9,167.89
07/05/2024,172.98,21102430,170.12,173.47,170
08/05/2024,171.16,14569860,170.75,171.9092,170.522
09/05/2024,171.58,11937700,171.15,172.44,169.93
10/05/2024,170.29,18740460,169.69,171.34,167.91
13/05/2024,170.9,19648590,165.847,170.95,165.76
14/05/2024,171.93,18729460,171.59,172.78,170.42
15/05/2024,173.88,20958250,172.3,174.0459,172.03
16/05/2024,175.43,17247310,174.6,176.34,174.05
17/05/2024,177.29,16546350,175.55,177.495,174.98
20/05/2024,178.46,17495120,177.31,179.95,177.225
21/05/2024,179.54,14706020,178.4,179.82,177.31
22/05/2024,178,16189400,178.4,178.852,176.7801
23/05/2024,175.06,14928360,178.78,179.91,174.54
24/05/2024,176.33,11403560,176.52,177.3044,175.2
28/05/2024,178.02,15655340,175.74,178.51,175.68
29/05/2024,177.4,15023850,176.81,178.23,176.26
30/05/2024,173.56,18844040,176.69,176.69,173.23
31/05/2024,173.96,28085150,173.4,174.42,170.97
03/06/2024,174.42,20742800,173.88,175.86,172.45
04/06/2024,175.13,14066600,174.45,175.19,173.22
05/06/2024,177.07,15233860,176.535,177.97,175.29
06/06/2024,178.35,14255820,177.43,178.71,177.21
07/06/2024,175.95,14716270,178.46,179.42,175.79
10/06/2024,176.63,17122250,176.45,178.47,174.38
11/06/2024,178.19,14402400,177.72,178.39,175.44
12/06/2024,179.56,18600420,179.75,182.08,177.78
13/06/2024,176.74,15956940,177.84,178.51,176.66
14/06/2024,178.37,12361570,175.852,178.73,175.852
17/06/2024,178.78,15272860,176.98,179.92,176.49
18/06/2024,176.45,15640260,178.79,178.91,175.62
20/06/2024,177.71,16753170,176.71,178.74,176.46
21/06/2024,180.26,59728020,178.49,182.5117,178.06
24/06/2024,180.79,18198280,181.28,182.08,180.23
25/06/2024,185.58,18917730,181.145,185.75,181.105
26/06/2024,185.37,13375720,184.2,185.93,183.99
27/06/2024,186.86,13025660,185.645,187.5,185.45
28/06/2024,183.42,23032360,185.72,186.58,183.325
01/07/2024,184.49,11815860,184.48,185.34,182.73
02/07/2024,186.61,12555550,183.47,186.95,183.06
03/07/2024,187.39,7409106,186.3,187.62,185.385
05/07/2024,191.96,14303360,187.32,192.26,187.32
08/07/2024,190.48,12097610,191.365,191.6791,189.32
09/07/2024,190.44,10224930,191.75,192.86,190.23
10/07/2024,192.66,12052910,190.75,193.31,190.62
11/07/2024,187.3,16451980,191.34,192.41,186.82
12/07/2024,186.78,14449110,186.92,188.69,186.14
15/07/2024,188.19,12186020,186.49,189.9,186.49
16/07/2024,185.5,12760100,188.96,190.34,185.12
17/07/2024,182.62,17376560,184.68,185.23,181.62
18/07/2024,179.22,17877200,183.54,184.05,178.21
19/07/2024,179.39,14485900,180.37,181.97,178.86
22/07/2024,183.35,16303900,182.35,184.3,181.9
23/07/2024,183.6,23772600,183.84,185.22,183.33
24/07/2024,174.37,31250680,175.39,177.95,173.57
25/07/2024,169.16,28967880,174.25,175.2,169.05
26/07/2024,168.68,25150120,168.77,169.84,165.865
29/07/2024,171.13,13768930,170.5,172.16,169.72
30/07/2024,171.86,13681420,171.83,172.95,170.12
31/07/2024,173.15,15650150,174.92,175.91,171.72
01/08/2024,172.45,17177830,171.98,175.68,170.51
02/08/2024,168.4,18907770,168.19,170.21,166.39
05/08/2024,160.64,34907820,157.37,165.94,156.6
06/08/2024,160.54,36146540,160.945,162.35,158.13
07/08/2024,160.75,19334250,163.24,164.79,160.24
08/08/2024,163.84,15733610,162.344,165.5,162.03
09/08/2024,165.39,13549230,161.645,165.52,160.93
12/08/2024,163.95,12434970,165.995,166.7,163.55
13/08/2024,165.93,12717630,165.185,166.54,164.77
14/08/2024,162.03,22515900,164.21,164.96,159.53
15/08/2024,163.17,18392450,162.21,163.52,161.49
16/08/2024,164.74,16853140,163.41,166.95,163.08
19/08/2024,168.4,13100760,167,168.47,166.09
20/08/2024,168.96,12622520,168.74,170.41,168.66
21/08/2024,167.63,15269550,166.99,168.64,166.57
22/08/2024,165.49,19123780,169.04,169.42,165.03
23/08/2024,167.43,14281620,166.55,167.95,165.66
26/08/2024,167.93,11990310,168.155,169.38,166.32
27/08/2024,166.38,13718160,167.61,168.245,166.16
28/08/2024,164.5,15208740,166.78,167.39,163.28
29/08/2024,163.4,17133830,166.06,167.63,161.982
30/08/2024,165.11,18498780,164.22,165.28,163.41
03/09/2024,158.61,26533110,163.315,163.38,157.855
04/09/2024,157.81,17410650,158.075,160.4,157.44
05/09/2024,158.6,14139500,157.78,161.015,157.52
06/09/2024,152.13,24999060,158.69,159.22,151.935
09/09/2024,149.54,28057750,153.63,154.64,148.2
10/09/2024,150.01,20401770,151.45,152.3,149.5427
11/09/2024,152.15,18991490,151.09,152.48,148.7
12/09/2024,155.54,21024060,154.81,155.61,153.5
13/09/2024,158.37,16733910,156.362,159.275,156.11
16/09/2024,158.99,14157610,158.33,159.24,157.61
17/09/2024,160.28,12064790,160.09,161.59,159.41
18/09/2024,160.81,16756450,160.85,161.63,159.66
19/09/2024,163.24,17548190,164.82,164.99,162.5216
20/09/2024,164.64,46362670,164.52,164.75,163.18
23/09/2024,163.07,15648450,165.34,166.61,162.95
24/09/2024,163.64,18774060,164.25,164.55,162.03
25/09/2024,162.99,13607890,162.97,164.217,162.775
26/09/2024,163.83,18234500,165.03,165.5,163.5
27/09/2024,165.29,13604260,163.91,166.97,163.83
30/09/2024,167.19,14083450,164.78,167.36,164.64
01/10/2024,168.42,18629510,168.86,170.44,165.9
02/10/2024,167.31,12744980,167.76,168.88,166.25
03/10/2024,167.21,11004330,165.82,167.91,165.37
04/10/2024,168.56,11435320,169.34,169.55,166.96
07/10/2024,164.39,14034720,169.14,169.9,164.13
08/10/2024,165.7,11723890,165.43,166.1,164.31
09/10/2024,163.06,19666410,164.855,166.26,161.12
10/10/2024,163.18,12900490,162.11,164.3107,161.64
11/10/2024,164.52,10945970,163.33,165.27,162.5
14/10/2024,166.35,9981765,164.91,167.62,164.78
15/10/2024,166.9,14829340,167.14,169.09,166.05
16/10/2024,166.74,9968474,166.03,167.28,165.216
17/10/2024,164.51,15113360,167.38,167.93,164.37
18/10/2024,165.05,13091270,164.87,166.3699,164.75
21/10/2024,165.8,11384050,164.58,166.22,164.305
22/10/2024,166.82,11958620,164.7,167.47,164.67
30/10/2024,176.14,49698310,182.41,183.79,175.7451
01/11/2024,172.65,21752860,171.54,173.82,170.31
04/11/2024,170.68,16193990,171.24,171.92,169.485
05/11/2024,171.41,12518280,170.83,172.0973,170.37
06/11/2024,178.33,27061510,175.35,178.64,175.04
07/11/2024,182.28,16730410,179.11,182.58,178.89
08/11/2024,179.86,15021550,182,182.35,179.57
11/11/2024,181.97,12503420,180.07,182.085,179.99
20/11/2024,177.33,15729810,178.83,179.11,175.33
21/11/2024,169.24,38839430,175.455,175.58,165.31
22/11/2024,166.57,24497040,167.16,168.2645,165.71
25/11/2024,169.43,21395650,167.99,170.46,167.4
26/11/2024,170.62,14937480,169.49,171.495,169.43
27/11/2024,170.82,12433370,170.68,171.14,169.67
29/11/2024,170.49,9250712,170.06,170.87,168.75
04/12/2024,176.09,18239840,172.78,176.43,172.75
06/12/2024,176.49,13319550,173.88,176.8389,173.55
09/12/2024,177.1,19887790,175.715,178.04,175.4
10/12/2024,186.53,34317440,184.535,188.03,182.67
11/12/2024,196.71,41664490,186.7,196.89,186.26
16/12/2024,198.16,32248640,194.365,200.64,194.11
18/12/2024,190.15,27638420,196.83,198.6899,189.28
19/12/2024,189.7,26981200,193.28,194.6,189.52
20/12/2024,192.96,45319700,187.01,194.1354,186.37
23/12/2024,195.99,15235940,194.03,196.49,191.63
24/12/2024,197.57,6809823,196.17,197.67,195.1979
27/12/2024,194.04,14692990,196.47,196.8,191.972
02/01/2025,190.63,17545160,191.485,193.2,188.71
06/01/2025,197.96,19483320,195.15,199.56,195.06
07/01/2025,196.71,16966760,198.27,202.14,195.94
08/01/2025,195.39,14335340,193.95,197.64,193.75
10/01/2025,193.17,20753790,195.42,197.62,191.6
13/01/2025,192.29,13169060,191.35,192.49,188.66
14/01/2025,191.05,13651180,192.5,193.27,189.64
15/01/2025,196.98,12894880,194.35,197.8,193.33
16/01/2025,194.41,13449580,195.825,196.9799,194.3
17/01/2025,197.55,22109130,198.05,198.81,195.31
21/01/2025,199.63,19005230,200.51,203.84,199.44
22/01/2025,200.03,15477380,200.55,202.12,199.2
23/01/2025,199.58,15170840,199.98,201.94,196.82
24/01/2025,201.9,12732380,199.85,202.57,199.7842
27/01/2025,193.77,24970170,194.19,198.67,192.7
28/01/2025,197.07,15939160,194.65,197.23,192.61
29/01/2025,197.18,12287820,197.37,198.4595,195.19
30/01/2025,202.63,14571480,199.76,203.2384,199.4717
31/01/2025,205.6,17087340,203.715,207.08,203.58
03/02/2025,202.64,16719470,202.215,205.22,201.66
04/02/2025,207.71,28285440,204.5,208.7,204.26
05/02/2025,193.3,43719590,193.1,194.5499,189.91
06/02/2025,193.31,20816590,190.99,193.83,190.49
07/02/2025,187.14,29565720,192.74,193.015,185.1
10/02/2025,188.2,16606020,189.06,189.99,187.61
11/02/2025,187.07,13028100,186.835,188.8,186.08
12/02/2025,185.43,17632310,185.23,186.83,183.63
13/02/2025,187.88,12729330,185.93,187.99,184.88
14/02/2025,186.87,12714150,186.83,188.15,186.11
18/02/2025,185.8,19796030,187.44,187.78,183.58
19/02/2025,187.13,13120470,186.185,187.36,185.5
20/02/2025,186.64,12063810,186.5,187.12,184.6
21/02/2025,181.58,19520780,187.29,187.47,181.13
24/02/2025,181.19,18734010,183.8,185.09,180.88
