Date,Close/Last,Volume,Open,High,Low
28/04/2025,121,2069756,121.41,122.4999,118.062
25/04/2025,121,2596726,117.886,121.09,117.83
24/04/2025,118.87,2607345,112.9,119.66,112.9
23/04/2025,112.8,3592236,113.18,118,112.12
22/04/2025,106.81,2483315,104.2,107.43,103
21/04/2025,102.11,2377448,105.66,106.44,100.25
17/04/2025,107.9,1932013,110.8,110.9,106.8
16/04/2025,109.55,4085378,109.025,113.66,107.68
15/04/2025,109.14,2015075,107.17,110.2896,106.18
14/04/2025,107.12,2540135,110,111.69,106.1
11/04/2025,106.25,3133410,105.565,107.27,102.835
10/04/2025,105.5,3855966,108.29,108.9804,102.1
09/04/2025,112.56,7228606,97.235,115.42,96.41
08/04/2025,97.45,5387235,103.59,105.265,95.79
07/04/2025,98.36,6550047,90.975,103.39,89.42
04/04/2025,97.08,6614971,101.25,102.5,94.16
03/04/2025,107.39,4932136,112.6,113.22,105.3041
02/04/2025,119.55,4236281,112.575,120.325,112.5
01/04/2025,115.66,3443103,114.165,115.73,111.34
31/03/2025,112.69,4112709,110.25,112.9016,106.1
28/03/2025,114.92,3142893,117.3,117.8427,112.4
27/03/2025,118.57,2273135,119,121.1,115.8075
26/03/2025,121.15,2563099,127.53,127.702,120.4
25/03/2025,127.5,6072380,131.79,132.41,126.06
24/03/2025,123.93,3111462,122.63,124.958,121.15
21/03/2025,119.22,4325279,116.3,119.57,115.1141
20/03/2025,117.94,2476670,117.63,120.56,116.6801
19/03/2025,117.58,2976709,115.76,119.18,113.92
18/03/2025,115.12,2447208,115.48,116.16,111.9101
17/03/2025,116.02,2793543,115.67,118.05,115.29
14/03/2025,116.15,3266854,115.39,117.79,114.5
13/03/2025,113.7,4525133,115.49,116.6,111.02
12/03/2025,119.4,6783538,124.97,126,116
11/03/2025,120.07,5899670,116.585,123.36,116.51
10/03/2025,116.61,6514767,122.925,122.925,113.83
07/03/2025,126.75,5757304,129.93,132.36,121.025
06/03/2025,131.02,4493176,140.14,141.8999,129.72
05/03/2025,143.75,2629079,140.06,143.965,137.2401
04/03/2025,140.93,5066419,135.25,144.28,132.81
03/03/2025,142.91,4735075,145.95,149.1599,141.72
28/02/2025,145.3,4614383,140,145.71,137.94
27/02/2025,140.72,2901851,148,150.69,140.65
26/02/2025,144.92,2993767,145.27,146.88,144.05
25/02/2025,143.14,3851243,146.7,147.6,140.22
24/02/2025,148,4364360,151.22,151.62,144.38
21/02/2025,151.96,3654517,156.82,158.0575,150.4
20/02/2025,156.38,5716450,158.25,158.26,151.8401
19/02/2025,160.59,5541711,166.31,167.6916,159.89
18/02/2025,168.81,5179398,166.445,170.3763,164.33
14/02/2025,171.16,3558538,175.5,177.3677,170.92
13/02/2025,176.5,2796800,173.92,176.51,171.76
12/02/2025,172.83,3207450,171.69,173.2499,169.17
11/02/2025,172.55,4238210,170,174.9,168.5
10/02/2025,172.49,6849229,167.5,176.725,164.53
07/02/2025,166.66,15077970,153.5,171.38,152.33
06/02/2025,141.52,6808681,142.94,144,140.53
05/02/2025,144.29,3480744,139.78,144.3,139.04
04/02/2025,140.14,3021574,139.52,141.67,137.9938
03/02/2025,136.84,4292125,133,138.62,130.095
31/01/2025,138.4,3241317,138.73,142.4099,138.13
30/01/2025,137.26,2962683,137.25,139.5967,135.8301
29/01/2025,136.44,4315440,137.84,138.11,134.2376
28/01/2025,139.98,7638268,128.83,140.25,125.6713
27/01/2025,126.47,3994188,121.75,130.645,121.5
24/01/2025,125.12,2109662,125,125.71,123.28
23/01/2025,123.93,2602895,122.99,124.64,122
22/01/2025,123.09,2523925,120.705,123.13,119.8701
21/01/2025,119.85,2700715,119.26,120.45,117.9401
17/01/2025,117.16,3544084,119.42,121.02,116.775
16/01/2025,114.82,2058846,115.42,116.47,114.11
15/01/2025,114.48,2293411,113.56,115.52,113.14
14/01/2025,112,1928097,112.46,113.9,111.32
13/01/2025,110.71,2125908,110.035,111.16,108.585
10/01/2025,112.62,2291956,111.13,113.25,109.501
08/01/2025,115.7,3029974,112.43,115.9,111.485
07/01/2025,113.67,3627956,116.64,118.13,112.95
06/01/2025,113.99,2424488,116.365,117.08,112.5152
03/01/2025,114.73,3159425,113.4,114.8,112.06
02/01/2025,112.54,3973206,114.5,114.75,110.68
31/12/2024,107.68,1292331,109,109.04,106.986
30/12/2024,109.03,1449166,108.67,109.4,107.49
27/12/2024,110.61,1496777,111.945,112.36,108.2103
26/12/2024,112.61,787390,112.11,113.54,111.55
24/12/2024,112.58,526538,111.75,113.0999,111.7027
23/12/2024,111.58,1636177,112.16,113.27,110.53
20/12/2024,112.69,5114639,108,113.5,107.07
19/12/2024,108.58,3152479,110.37,111.13,107
18/12/2024,109.1,3932081,117.58,117.58,108.47
17/12/2024,117.56,3870358,118.23,119.42,116.0101
16/12/2024,114.65,2197603,113.9,115.43,112.17
13/12/2024,113.6,1927877,114.8,115.29,112.61
12/12/2024,114.89,1633001,112.4,115.12,111.33
11/12/2024,114.51,2604148,112.395,115.84,112
10/12/2024,111.2,2703251,112.8,113.87,109.73
09/12/2024,113.87,3199076,112.96,114.695,111.28
06/12/2024,112.96,2745298,111.28,113.7,110.35
05/12/2024,110.46,3254351,109.41,112.8399,108.61
04/12/2024,110.72,4434108,107,110.85,106.94
03/12/2024,104.91,1699445,103.37,105.8894,103.21
02/12/2024,105.05,4588367,106.03,108.617,104.61
29/11/2024,99.83,1042359,99.56,101.14,98.89
27/11/2024,99.37,2340028,101.88,101.88,98.58
26/11/2024,102.23,2365134,104,105,101.67
25/11/2024,103.73,2816456,106.75,106.75,103.0789
22/11/2024,104.23,3113436,104,105.94,102.87
21/11/2024,104.24,5690514,99.76,104.49,99.33
20/11/2024,96.47,2368326,96.56,96.96,93.16
19/11/2024,96.37,3554768,91.465,96.56,91.42
18/11/2024,92.29,3140578,89.975,92.9,89.55
15/11/2024,89.77,3373466,90.43,91.13,87.77
14/11/2024,91.93,2646421,94.46,95.45,91.06
13/11/2024,94.16,5786326,91.42,99.17,91.25
12/11/2024,90.91,2521198,92.89,93.9999,89.45
11/11/2024,93.23,5152278,91.25,95.36,90.8
08/11/2024,91.25,7777228,88.45,92.2,87.24
07/11/2024,95.66,7095186,94.89,97.5325,94.1101
06/11/2024,92.51,2938401,90.25,92.62,89.815
05/11/2024,87.71,1920435,86.92,88.15,86.425
04/11/2024,86.49,2016905,87,87.76,85.6
01/11/2024,87.55,1964077,88.61,88.7,86.2569
31/10/2024,87.71,2111326,88.29,88.7299,87.1
30/10/2024,89.85,2402415,89.5,91.31,89.357
29/10/2024,89.52,1441512,88.44,89.63,87.33
28/10/2024,87.94,1396734,89.38,90.08,87.78
25/10/2024,88.76,1437283,89.82,90.65,88.47
24/10/2024,89.57,1768520,88.2,90.11,88
23/10/2024,87.64,2051098,88.14,88.8,86.9
22/10/2024,88.46,1985082,90.04,90.3799,87.8
21/10/2024,90.74,1479914,90.16,92.79,90.0053
18/10/2024,90.8,1628841,90.52,91.49,90.11
17/10/2024,90.4,1458586,92.05,92.16,90.17
16/10/2024,91.34,2087536,93.65,93.96,91.13
15/10/2024,93.8,2497017,94,94.9,92.57
14/10/2024,93.75,2795002,94.9,96.3,92.34
11/10/2024,93.47,3841353,92.94,94.31,92.1
10/10/2024,92.46,8239476,84.58,93.69,84.4801
09/10/2024,84.95,1841405,81.94,84.95,81.63
08/10/2024,81.76,1182709,79.48,81.84,79.16
07/10/2024,80.49,1655671,83.15,83.25,80.47
04/10/2024,83.43,2515147,80,83.46,79.5
03/10/2024,79.43,1531199,78.76,79.87,78.1
02/10/2024,79.34,2505464,78.87,79.8,77.8
01/10/2024,78.11,2199074,80.05,80.3,78.01
30/09/2024,80.89,2196132,80.85,81.7708,79.39
27/09/2024,81.59,1462681,82.2,82.69,81.2401
26/09/2024,82.36,3099596,84.81,84.81,81.18
25/09/2024,83.41,2325418,85.31,85.34,83.4
24/09/2024,85.5,1906825,86.1,86.4547,83.76
23/09/2024,85.61,3228792,82.67,86.12,82.5
20/09/2024,82.45,3090071,82.95,83.34,81.4198
19/09/2024,82.83,3410876,80.09,82.9,79.2
18/09/2024,78.09,1582150,79.34,79.69,77.6
17/09/2024,79.11,2119380,80.8,80.8,77.81
16/09/2024,79.93,1698406,78.15,80.3099,77.87
13/09/2024,78.59,1339767,79.05,80.26,77.91
12/09/2024,78.86,1361390,78.89,79.84,77.7727
11/09/2024,78.56,2335375,76.49,78.7,75.22
10/09/2024,76.81,1603392,76.65,77.21,74.88
09/09/2024,76.24,1291772,77.01,77.71,76.09
06/09/2024,76.05,1927634,78.64,79.21,75.71
05/09/2024,78.4,1236046,77.27,79.38,77.15
04/09/2024,78.03,1690440,77,79.64,76.5
03/09/2024,78.11,2240226,81.6,81.76,77.19
30/08/2024,82.14,2420858,82.1,83.69,81.66
29/08/2024,81.28,1454487,80.44,82.59,80.33
28/08/2024,79.85,1105617,80.55,81.0999,79.11
27/08/2024,81.26,1378558,80.65,82.7,80.21
26/08/2024,81.64,1254749,83,84.18,81.53
23/08/2024,82.39,1333278,81.18,82.7,80.675
22/08/2024,80.63,1567809,82.12,82.55,80.61
21/08/2024,82.37,1419903,82.33,82.515,81.09
20/08/2024,82.33,1189586,84.3,84.9199,82.23
19/08/2024,84.07,2054638,82.55,84.31,81.81
16/08/2024,82.38,1547525,81.28,82.84,80.8
15/08/2024,82.16,1654902,82.36,83.45,81.25
14/08/2024,81.46,1518489,82.3,83.36,80.7
13/08/2024,81.75,2143267,77.14,81.77,77.14
12/08/2024,76.63,1429574,78,79,76.5
09/08/2024,77.71,1914730,77.51,78.9,76.87
08/08/2024,76.82,1762439,77.45,77.47,75.13
07/08/2024,76.37,2442776,78.75,79.98,76.18
06/08/2024,76.24,2462058,78.67,78.67,76.18
05/08/2024,77.7,5549533,69.26,80.15,69.26
02/08/2024,79.46,10348640,79.5,80.73,75.31
01/08/2024,74.4,5095901,77.17,78.8,73.9
31/07/2024,77.5,2308737,77.805,78.34,76.52
30/07/2024,76.03,2103448,77.23,78.5,75.55
29/07/2024,77.37,1841151,78.61,78.9699,77.16
26/07/2024,78.06,1931743,79.09,79.225,77.22
25/07/2024,78.04,2449140,75.82,79.59,74.785
24/07/2024,76,3020747,79.5,80.25,75.59
23/07/2024,80.97,3313615,81.12,83.42,79.21
22/07/2024,78.66,1718439,79.37,79.59,77.72
19/07/2024,78.66,2336597,78.79,79.67,78.19
18/07/2024,78.52,3148752,81.01,81.21,77.68
17/07/2024,80.58,3124991,82.3,82.66,79.28
16/07/2024,83.95,2009215,83.78,84.69,82.72
15/07/2024,83.43,2415059,82.57,84.66,81.635
12/07/2024,82.21,1399643,81.69,82.99,81.2601
11/07/2024,82.02,1917711,83.86,84.5,81.87
10/07/2024,82.37,2700764,82.9,82.9,79.9
09/07/2024,82.58,3136043,84.88,85.205,81.94
08/07/2024,84.88,2803111,86.26,86.865,84.53
05/07/2024,86.96,2077069,84.69,87.18,84.55
03/07/2024,84.53,1629124,85.38,85.61,84.53
02/07/2024,85.05,2222879,83.88,85.18,83.5
01/07/2024,83.95,1983036,82.65,84.13,81.19
28/06/2024,82.83,3732275,82.01,84.22,81.8
27/06/2024,81.79,2781080,79.25,82.362,79.05
26/06/2024,79.28,1976573,80.5,81.1,79.27
25/06/2024,80.66,4186202,80.58,80.84,78.92
24/06/2024,78.6,3392368,77.43,78.94,77.1
21/06/2024,77.94,6598149,76.96,78.21,75.82
20/06/2024,78.45,4150238,80,80.0975,77.47
18/06/2024,79.08,3802938,77.37,79.89,77.03
17/06/2024,77.68,3829751,77.03,77.94,75.02
14/06/2024,75.59,2535988,73.66,75.82,73.61
13/06/2024,73.51,2933228,76.04,76.56,73.5
12/06/2024,75.42,4114561,74.26,75.885,73.64
11/06/2024,72.63,2936991,71.67,72.98,70.88
10/06/2024,71.72,2734048,70.53,72.145,70.37
07/06/2024,70.73,2312724,70.65,71.3,70.19
06/06/2024,71.25,2431803,69.82,71.53,69.82
05/06/2024,69.85,4689752,69.02,69.88,68.16
04/06/2024,68.02,3440378,67.11,68.62,67.01
03/06/2024,67.43,3072402,68.56,68.77,66.24
31/05/2024,67.69,4932388,68.49,68.8547,66.38
30/05/2024,67.98,8853999,74.25,74.49,67.1
29/05/2024,75.2,3148674,72.955,75.9,72.54
28/05/2024,73.87,2368998,74.45,74.7,73.18
24/05/2024,74.19,1745322,73.53,74.2945,72.7407
23/05/2024,73.62,2302625,76.04,76.3499,73.47
22/05/2024,74.98,2064706,74.45,75.7,73.55
21/05/2024,74.38,1676563,74.63,75.25,73.9
20/05/2024,75.62,1948335,75.56,75.62,74.12
17/05/2024,75.23,2556851,74.98,76.25,74.61
16/05/2024,75.14,3041446,74.25,76.165,73.47
15/05/2024,74.25,2733431,74.53,74.82,73.97
14/05/2024,73.35,1917424,73.61,74.3191,72.94
13/05/2024,73.57,2310145,72.24,73.65,71.93
10/05/2024,71.92,2949349,73.68,73.78,71.77
09/05/2024,73.34,2502101,72.53,74.29,72.4
08/05/2024,72.45,3166947,73.34,73.75,72.08
07/05/2024,74.13,4123673,74.74,75.09,73.01
06/05/2024,74.3,6581403,74.7,75.9,73.84
03/05/2024,74.4,18650550,78.23,78.92,72.68
02/05/2024,88.97,7833722,89.43,89.5,85.32
01/05/2024,88.04,2806117,88.12,90.82,86.51
30/04/2024,87.4,4184284,89.26,91.59,87.32
29/04/2024,89.65,3445991,88.9,91.02,88.5
26/04/2024,88.01,1763933,88.03,89.4228,86.89
25/04/2024,86.76,1888730,85.01,87.5465,84.52
24/04/2024,87.68,2001546,89.49,89.9,87.17
23/04/2024,87.88,2428978,86,88.88,85.01
22/04/2024,84.69,2653529,84.83,85.48,82.83
19/04/2024,84.1,4161661,86.28,86.7,83.14
18/04/2024,86.71,2511448,87.73,88.35,86.0275
17/04/2024,88,2866291,90.57,90.93,87.3458
16/04/2024,91.04,3169264,89.92,91.21,88.0701
15/04/2024,90.34,2834397,93.18,94.0936,90.0401
12/04/2024,93.76,2503892,94.94,95.29,92.62
11/04/2024,96.08,1663146,96,96.33,94.0331
10/04/2024,94.83,2437266,93.37,95.9,93.2753
09/04/2024,97,2055698,96,97.3689,94.755
08/04/2024,95.33,1745642,96.6,96.765,94.2663
05/04/2024,96.16,2739682,94,97.3,92.94
04/04/2024,93.25,2637908,95,97.13,93.2
03/04/2024,94.67,1963708,94,95.85,93.57
02/04/2024,94.97,2707187,92.91,95.485,91.2651
01/04/2024,95.66,1950900,97.16,97.89,94.94
28/03/2024,96.83,1699389,96.1,97.6699,96.1
27/03/2024,96.55,2899252,99.53,100.77,95.06
26/03/2024,99.07,3694203,97.26,100.28,97
25/03/2024,96.08,1374235,95.79,97,95.3564
22/03/2024,96.57,1548735,96.1,96.8,94.7701
21/03/2024,96.41,3027999,100,100.9,96.32
20/03/2024,97.98,2641437,95.31,98.42,94.67
19/03/2024,95.17,2230152,93.18,95.54,91.85
18/03/2024,94.64,3506080,92.96,95.7417,92.09
15/03/2024,91.6,4053054,93.15,93.68,90.8
14/03/2024,94.21,3101600,96.05,96.86,92.67
13/03/2024,95.9,2280706,96.33,98.05,95.6
12/03/2024,96.75,2863058,97.47,98.3899,95.38
11/03/2024,97.06,2620789,96.76,98.3987,95.21
08/03/2024,97.99,4665855,101.22,104.02,97.27
07/03/2024,100.75,3937668,98.42,101.98,97.66
06/03/2024,97.49,2641358,98.73,99.36,95.765
05/03/2024,95.97,4958300,99.06,99.22,93.82
04/03/2024,100.88,4152423,99.9,101.23,97.48
01/03/2024,99.92,3830280,98.28,101.85,97.11
29/02/2024,98.54,5103371,97.67,99.57,96.72
28/02/2024,97.48,2525493,97.3,98.18,95.74
27/02/2024,98.25,3366881,100.55,102.3,97.9
26/02/2024,99.08,2866074,98.71,100.3,97.8274
23/02/2024,98.45,2945929,100,101.66,97.14
22/02/2024,99.47,4066633,99.46,99.93,97.4
21/02/2024,95.09,4044330,93.89,95.98,93.4
20/02/2024,97.99,4310162,98,98.3,94.06
16/02/2024,98.52,4569058,101.32,101.8,97.719
15/02/2024,101.22,4765133,104.5,104.5,99.43
14/02/2024,104.37,4785410,101.87,104.5,99.42
13/02/2024,99.88,6886067,99.91,102.83,97.63
12/02/2024,105.62,10882810,106.795,109.8299,104.19
09/02/2024,107.92,33191910,110.1,116,105.01
08/02/2024,90.31,18061190,83.75,91.08,82.9
07/02/2024,83.35,4515359,81.98,83.93,80.015
06/02/2024,81.59,3055237,80.86,82.24,79.59
05/02/2024,80.82,2972714,81.77,82.19,79.11
02/02/2024,82.65,4113527,79.54,83.39,78.14
01/02/2024,79.59,2833866,79.92,80.75,78.145
31/01/2024,79.05,3898981,81.62,82.61,79.05
30/01/2024,82.96,2392370,84.24,84.55,82.27
29/01/2024,84.3,2806592,80.22,84.32,80.16
26/01/2024,80.18,2286911,81.24,82.5,79.8
25/01/2024,81.86,2042873,83.03,83.6064,81.26
24/01/2024,82.33,2453185,85.37,86.24,82.3
23/01/2024,83.93,2187780,84.97,85.64,83.35
22/01/2024,84.68,4441646,83.88,87.17,83.54
19/01/2024,81.35,3242564,78.62,81.37,77.91
18/01/2024,77.96,2484098,78.76,79.6825,76.63
17/01/2024,77.07,3572588,77.4,77.4,74.37
16/01/2024,78.45,2790912,78.46,79.53,77.09
12/01/2024,79.37,1743342,81,81.59,79.12
11/01/2024,80.82,3256779,80.81,81.8821,78.12
10/01/2024,80.97,4138559,82.55,83,80.36
09/01/2024,81.63,2694703,78.95,81.65,78.65
08/01/2024,79.64,2771043,76.98,79.77,76.67
05/01/2024,76.28,2348025,76.3,77.64,76.15
04/01/2024,76.83,2528946,76,77.84,75.65
03/01/2024,76.39,3123780,77.24,78.32,75.81
02/01/2024,79.35,3677101,81.43,81.72,78.39
29/12/2023,83.26,1978099,84.18,84.79,82.75
28/12/2023,84.68,1646222,85.7,85.7699,84.37
27/12/2023,85.55,1759014,86.23,86.91,84.93
26/12/2023,85.76,1557352,84.5,85.95,84.33
22/12/2023,84.32,1553581,85,85.31,83.54
21/12/2023,84.85,2280781,84.62,85.1165,83.36
20/12/2023,82.83,2716220,85.14,86.17,82.67
19/12/2023,85.51,2332197,85.39,86.905,85.045
18/12/2023,84.7,2309599,84.81,85.6,83.92
15/12/2023,85.05,5478677,84.8,85.48,83.36
14/12/2023,84.66,6581310,82.68,84.89,81.81
13/12/2023,80.38,4577211,78.6,81.45,77.52
12/12/2023,78.19,1826147,77.32,78.625,76.5
11/12/2023,77.82,1974073,77.1,78.96,76.89
08/12/2023,77.52,2600933,75.98,78.34,75.78
07/12/2023,76.8,2676118,76.69,77.2999,75.7295
06/12/2023,76.66,2813091,78.19,80.0313,76.61
05/12/2023,77.95,3334168,79.1,79.2699,76.915
04/12/2023,79.82,3998036,78.5,80.17,78.06
01/12/2023,78.78,3588757,77.44,78.878,75.79
30/11/2023,77.15,4757206,79.06,79.61,76.59
29/11/2023,78.31,5285358,76,79.08,75.2
28/11/2023,74.54,3043528,73.21,75.08,72.83
27/11/2023,73.95,3572388,73,75.55,72.695
24/11/2023,73.4,867354,73.43,73.84,72.41
22/11/2023,73.68,2122964,74.84,75.04,73.13
21/11/2023,73.85,3780807,73.33,75.677,72.9
20/11/2023,72.81,2651522,72.51,73.8714,72.32
17/11/2023,72.69,3263166,70.49,73.15,69.82
16/11/2023,70.7,3364721,69.5,70.96,68.95
15/11/2023,70.81,4561345,70.59,72.69,70.14
14/11/2023,70.61,8227998,66.04,70.95,66.04
13/11/2023,63.89,3270665,62.86,64.25,62.39
10/11/2023,63.08,3084437,61.81,63.32,61.34
09/11/2023,62.18,3943140,65.1,65.4,62.02
08/11/2023,64.58,2697104,65.68,66.16,63.88
07/11/2023,66,6153924,64.03,66.24,63.41
06/11/2023,63.11,5751715,64.3,64.5,61.4
03/11/2023,64.42,12899960,57.47,64.575,57.36
02/11/2023,56.58,9743463,57.47,58.08,55.4
01/11/2023,54.95,3912648,56.7,56.715,53.8814
31/10/2023,56.69,2371069,56.01,57.289,55.26
30/10/2023,55.88,2434359,56.42,56.91,55.145
27/10/2023,55.35,2813062,56.33,56.92,54.9227
26/10/2023,55.53,3191591,56.55,57.105,54.61
25/10/2023,56.49,3699951,58.57,59.04,56.41
24/10/2023,59.63,3171135,59.69,61.27,58.79
23/10/2023,58.7,3758886,58.5,59.74,57.3
20/10/2023,59.38,4137336,62.06,62.62,58.8062
19/10/2023,62.79,2291344,62.75,63.96,61.99
18/10/2023,62.43,2288371,64.2,64.65,62.24
17/10/2023,64.63,3657942,62,65.85,62
16/10/2023,63.51,3370280,61.9,64.5304,61.48
13/10/2023,61.16,2540170,62.4,63.5,60.645
12/10/2023,62.62,3076244,65.315,65.35,62.33
11/10/2023,65.29,2501555,66.26,66.85,64.801
10/10/2023,65.56,3758620,63.695,66.145,63.56
09/10/2023,63.69,3571225,61.01,64.81,61.01
06/10/2023,62.55,4704836,57.4,62.69,57.34
05/10/2023,58.17,3492855,59,59.27,56.71
04/10/2023,59.25,3127352,59.15,59.89,58.12
03/10/2023,58.4,4170642,61.55,61.77,57.9
02/10/2023,62.51,3226062,62.91,63.78,61.55
29/09/2023,63.04,4151072,63.94,65.58,62.76
28/09/2023,63.09,6193916,59.81,63.83,59.2577
27/09/2023,60.54,8232025,60.25,61.27,58.56
26/09/2023,56.68,2666696,56.86,57.69,56.43
25/09/2023,57.75,2010672,57.3,58.29,56.67
22/09/2023,57.76,3895168,57.445,58.19,56.53
21/09/2023,56.55,5199183,58.42,58.81,56.0825
20/09/2023,60.01,2886052,60.23,61.15,59.41
19/09/2023,60.17,3434106,61.17,61.32,59.7051
18/09/2023,61.72,3383155,61.76,62.73,61.01
15/09/2023,62.76,5906906,65,65.18,61.5338
14/09/2023,65.58,2230844,65.1,65.77,63.96
13/09/2023,64.46,2404555,64.32,65.26,63.5312
12/09/2023,64.83,2309926,64.27,65.95,64.22
11/09/2023,65.46,2106891,63.79,65.75,63.55
08/09/2023,62.68,1909036,63.4,64.11,62.3056
07/09/2023,63.53,2687348,60.77,64.01,60.7457
06/09/2023,63.99,2795878,64.56,65.395,63.04
05/09/2023,65.31,2686036,63.4,65.38,63.03
01/09/2023,63.99,2708199,65.86,66.9208,63.59
31/08/2023,65.03,2491934,65,66.11,64.88
30/08/2023,64.41,2148903,63.43,64.53,62.57
29/08/2023,63.23,1885874,61.71,64.08,61.08
28/08/2023,61.83,1480847,62.88,63.45,61.71
25/08/2023,62.2,2621185,59.02,62.47,59.02
24/08/2023,59.9,3779511,64.67,64.97,59.11
23/08/2023,63.11,5701692,59.52,65,59.03
22/08/2023,59.8,2272803,59.14,60.3938,58.42
21/08/2023,58.57,2355091,59.42,60.4199,58.55
18/08/2023,58.98,2931044,57,59.23,56.3606
17/08/2023,58.31,5154317,60.31,60.57,57.84
16/08/2023,60.85,2213441,62.91,62.95,60.8
15/08/2023,62.11,2842722,64.82,65.469,62.08
14/08/2023,65.64,3176781,62.86,65.73,62.7
11/08/2023,63.61,2512264,62.9,64,62.65
10/08/2023,63.29,3075930,64.38,65.62,62.58
09/08/2023,63.59,3316003,66.86,67.2,63.43
08/08/2023,66.59,5664597,64.485,67.05,63.57
07/08/2023,67.79,5751692,67.3,68.23,64.935
04/08/2023,69.52,14776410,71.83,75.1244,68.1
03/08/2023,65.04,5177237,63.59,65.5552,63.51
02/08/2023,64.11,5131093,66.82,66.82,62.72
01/08/2023,68.63,2742016,67.7,68.72,66.64
31/07/2023,68.77,2971223,67.88,70.13,67.805
28/07/2023,66.93,2399125,66,67.86,65.2168
27/07/2023,64.76,2821982,67.66,68.05,64.27
26/07/2023,65.74,2667864,65.88,67.345,64.24
25/07/2023,67.09,3106010,65.63,68.33,65.6
24/07/2023,65.39,3733279,67.5,67.5,64.63
21/07/2023,66.57,2726356,68.45,69.35,66.5
20/07/2023,67.27,4943206,71.68,72.1417,66.86
19/07/2023,72.7,4741197,73.91,76.07,72.21
18/07/2023,72.93,5116961,72.85,73.86,70.18
17/07/2023,71.18,5521527,66.665,72.13,66.02
14/07/2023,66.54,4937257,68,70.26,65.72
13/07/2023,67.62,4399779,65.54,67.99,65.19
12/07/2023,64.23,7360068,69.47,69.61,63.51
11/07/2023,67.94,3531970,66.1,68.44,64.93
10/07/2023,65.48,4226516,61.6,65.52,60.56
07/07/2023,62.36,2573850,63.71,64.4099,62.24
06/07/2023,63.15,3494482,63.3,63.4,61.66
05/07/2023,65.08,2673596,65.39,65.8558,63.9
03/07/2023,65.82,1323937,65.48,66.37,64.75
30/06/2023,65.37,2756064,65.32,66.52,64.52
29/06/2023,64.08,2687196,66.12,66.78,63.59
28/06/2023,66.48,4324768,63.71,67.36,63.495
27/06/2023,63.93,2425190,63.77,64.665,62.22
26/06/2023,63.19,1942918,63,65.39,62.784
23/06/2023,63.41,3951589,62.56,64.39,62.54
22/06/2023,65,2797801,62.885,65.55,62.56
21/06/2023,63.99,3701347,67,67.2,63.137
20/06/2023,67.18,2800261,66.9,68.79,66.0516
16/06/2023,67.63,4969262,71.01,71.39,67.15
15/06/2023,70.25,4322919,67.55,71.05,67.55
14/06/2023,68.87,4547337,68.41,69.55,66.95
13/06/2023,69.12,6202494,67.14,69.44,66.57
12/06/2023,65.25,2805222,64.47,65.32,63.61
09/06/2023,63.82,5558809,63.92,67.27,62.83
08/06/2023,63.12,5022806,62.31,64.37,61.89
07/06/2023,62.78,10083850,68.89,68.9,61.73
06/06/2023,68.62,5512081,69.46,70.63,68.29
05/06/2023,69.91,5824179,67.75,69.9988,66.71
02/06/2023,70.64,5642241,71.49,72,69.7
01/06/2023,69.65,7186889,67.75,71.3,66.7101
31/05/2023,69.16,9427835,65.4,69.44,64.25
30/05/2023,66.16,8722891,63,66.59,62.56
26/05/2023,61.14,7207618,57.76,62.98,57.21
25/05/2023,58.03,5700194,57.93,58.895,57.31
24/05/2023,56.23,2929412,54.8,56.57,54.75
23/05/2023,55.92,5146805,55.78,58.74,55.7
22/05/2023,56.8,4427924,57.605,58.67,56.74
19/05/2023,57.99,9508864,58.115,60.22,57.885
18/05/2023,58.52,9178245,54.265,58.84,54.16
17/05/2023,54.2,6230352,51.5,54.47,51.25
16/05/2023,51.21,3850869,50.96,51.49,50.71
15/05/2023,51.21,4964162,49.39,51.315,49.1
12/05/2023,49.43,5183913,49.8,50.59,48.3
11/05/2023,50.02,4652572,49.1,50.1248,48.19
10/05/2023,49.21,6984805,48.485,49.49,47.79
09/05/2023,47.15,7905605,45.47,47.65,45.47
08/05/2023,46.31,9162789,45.02,46.38,44.6
05/05/2023,44.07,9316876,41.66,44.33,41.27
04/05/2023,40.48,10014170,41.94,42.85,39.9
03/05/2023,41.9,7496285,42.5,43.27,41.78
02/05/2023,42.88,7524265,44.59,44.6563,42.71
01/05/2023,44.72,10217660,46.67,46.81,44.23
28/04/2023,47.05,33129530,44.41,47.1,43.01
27/04/2023,59.58,10248680,61.4,61.4,59.11
26/04/2023,59.52,3461936,59.33,62.01,59.16
25/04/2023,58.09,4248471,61.48,61.56,57.81
24/04/2023,62.5,2875700,63.38,64.199,61.62
21/04/2023,62.8,3315652,62.54,63.455,62.11
20/04/2023,62.41,3767194,61.46,62.82,61.0201
19/04/2023,62.87,3315211,63.93,64.535,62.6
18/04/2023,64.46,2596975,65.94,66.2,63.7
17/04/2023,64.7,2727729,64.71,65.65,64.0439
14/04/2023,64.68,2682778,64.13,65.49,63.13
13/04/2023,64.88,4338678,63.77,65.82,63.585
12/04/2023,63.04,5827163,62.52,64.25,62.2
11/04/2023,60.7,3995950,58.02,61.31,57.87
10/04/2023,58.86,2607603,58.27,59.32,57.03
06/04/2023,59.08,3403403,56.6,59.47,55.62
05/04/2023,57.64,4985669,60.53,60.7,56.6
04/04/2023,61.23,4221087,61.5,63.09,60.54
03/04/2023,61.18,3058242,60.7,61.61,59.63
31/03/2023,61.66,4143563,59,62.23,58.785
30/03/2023,58.91,4362722,58.35,60.05,57.77
29/03/2023,57.09,2335978,57.4,57.9099,56.45
28/03/2023,56.48,2225874,56.5,56.91,55.88
27/03/2023,56.1,2494831,57.26,58.15,56.06
24/03/2023,56.64,2945410,57.68,57.7,55.39
23/03/2023,58.18,4669060,56.48,58.64,56.29
22/03/2023,55.44,4711674,57.05,58.54,55.42
21/03/2023,57.26,4418576,54.5,58.09,54.485
20/03/2023,53.72,3697233,53.81,54.29,52.5
17/03/2023,54.53,6866926,55.51,55.915,53.71
16/03/2023,55.53,3932245,55.66,56.975,54.38
15/03/2023,55.25,3955184,53.94,55.9,52.88
14/03/2023,54.8,5105737,56.33,56.7899,54.195
13/03/2023,55.25,6182025,52.01,56.25,50.35
10/03/2023,52.72,7705424,56.01,56.39,51.89
09/03/2023,57.37,3248034,59.03,60.41,56.8014
08/03/2023,59.3,2132610,59.48,60.64,58.61
07/03/2023,59.6,2488754,60.25,61.4299,59.423
06/03/2023,60.1,2630662,62.01,62.75,60.02
03/03/2023,61.58,3877562,59.56,62.46,59.15
02/03/2023,59.4,3917201,57.575,60.07,57.09
01/03/2023,58.51,2865428,60.2,60.65,58.35
28/02/2023,60.01,3390700,59.71,61.0999,59.47
27/02/2023,60.26,3696071,60.11,61.47,59.65
24/02/2023,59.2,4026069,60.25,60.88,58.575
23/02/2023,61.74,3940541,62.96,63.7244,59.57
22/02/2023,61.47,4175714,62.4,64.07,61.21
21/02/2023,61.94,5066732,63.02,64.4,61.15
17/02/2023,64.45,7081714,67.12,67.19,63.51
16/02/2023,68.32,6939468,69.06,71.29,68
15/02/2023,72.4,7152242,68.8,72.41,67.47
14/02/2023,68.38,12508360,62.43,68.94,62.11
13/02/2023,64.08,10168030,60,64.12,58.37
10/02/2023,60.1,18671740,63.645,64.32,58.01
09/02/2023,58.17,8485867,59.57,61.02,57.975
08/02/2023,58.07,4717336,59.27,61.2999,57.84
07/02/2023,58.37,5038041,56.56,58.81,55.3201
06/02/2023,56.65,4942082,58.24,59.9399,56.45
03/02/2023,59.43,5729232,58.53,62.935,58.45
02/02/2023,63.29,10918400,60.005,65.51,59.79
01/02/2023,55.51,5127420,53.18,56.255,51.97
31/01/2023,52.91,4712751,50.32,53.51,50
30/01/2023,49.97,4645387,52.04,52.59,49.78
27/01/2023,53.11,8717669,49.06,53.76,48.81
26/01/2023,49.52,5403588,48,49.56,46.81
25/01/2023,46.16,5232612,44.11,46.5899,42.26
24/01/2023,46.67,3768306,46.65,48.98,46.07
23/01/2023,47.62,4362755,45.83,47.98,45.41
20/01/2023,45.6,4416824,43.07,45.62,42.98
19/01/2023,42.7,4287303,43.25,44.13,41.67
18/01/2023,44.25,4291956,46.87,47.4399,44.23
17/01/2023,46.36,5712131,42.51,46.59,41.52
13/01/2023,43.93,2959872,42.5,44,42.19
12/01/2023,43.48,3732401,43.98,44.06,41.24
11/01/2023,43.53,3109747,42.25,43.7244,41.52
10/01/2023,41.8,3343337,40.155,41.85,39.47
09/01/2023,40.4,7439433,41.03,42.83,40.2
06/01/2023,39.9,5464145,39.51,40.18,37.56
05/01/2023,38.91,7318453,42.84,43.13,38.72
04/01/2023,43.05,3355305,43.65,44.04,42.23
03/01/2023,43.02,4582414,46.35,47.72,42.29
30/12/2022,45.21,2468115,44.27,45.36,43.88
29/12/2022,45.36,4238269,42.7,45.65,42.2
28/12/2022,42.22,2827799,42.13,43.14,41.62
27/12/2022,42.58,2783004,43.01,43.51,41.8
23/12/2022,43.78,2725726,44.6,45.17,42.91
22/12/2022,45.32,3997186,45.37,45.45,44.07
21/12/2022,46.51,3382023,46.86,48.18,45.23
20/12/2022,46.51,3657299,44.16,46.62,43.7
19/12/2022,45.07,5393444,47.34,47.34,44.55
16/12/2022,47.54,7769004,49.06,49.65,45.79
15/12/2022,49.06,3887257,50.8,52.2077,48.78
14/12/2022,52.32,4718146,51.7,53.85,51.18
13/12/2022,51.74,5739551,55.46,55.51,50.53
12/12/2022,50.92,3631304,48.61,51,47.86
09/12/2022,48.42,5612666,48.77,51.31,48.36
08/12/2022,49.2,8788443,44.62,49.825,43.51
07/12/2022,44.27,4924138,43.78,45.14,43.57
06/12/2022,43.6,6048734,43.54,44.16,41.32
05/12/2022,43.25,6589943,47.96,48.24,42.765
02/12/2022,48.37,3446084,48,49.78,46.83
01/12/2022,49.57,4615784,48.73,50.9725,48.73
30/11/2022,49.14,8316804,43.95,49.14,43.14
29/11/2022,44.61,2882506,46.01,46.47,44.54
28/11/2022,45.56,3131798,45.42,47.19,45.3349
25/11/2022,46.3,1400723,45.81,46.66,45.15
23/11/2022,46.79,4069410,45.28,46.98,44.125
22/11/2022,44.97,2751988,45.19,45.36,43.78
21/11/2022,45.32,4212816,46.06,46.9799,44.65
18/11/2022,47.01,6866266,50.44,50.485,46.305
17/11/2022,48.4,7433310,50.48,50.67,48.12
16/11/2022,52.68,4932476,54.9,55.84,52.49
15/11/2022,56.4,5487656,55,57.42,54.62
14/11/2022,52.21,5361832,52.76,53.99,51.09
11/11/2022,53.71,8909569,47.95,53.77,46.59
10/11/2022,47.27,11810580,41.52,47.36,41.52
09/11/2022,37.84,5756900,39.9,40.77,37.37
08/11/2022,40.36,7221728,39.5,41.11,37.9066
07/11/2022,39.02,9994687,41.46,41.79,38.28
04/11/2022,41.09,19628100,47,47.075,39.3788
03/11/2022,50.37,7530778,49.25,52.3699,48.9
02/11/2022,49.94,5486773,54.74,54.74,49.79
01/11/2022,55.58,4374973,58.8,60.09,55.55
31/10/2022,56.32,3518869,54.81,57.14,54.72
28/10/2022,55.35,4109777,54.28,55.5,51.895
27/10/2022,55.98,3414924,56.38,58.06,55.12
26/10/2022,55.58,4178799,54.46,58.795,53.86
25/10/2022,57.55,4313032,55.13,57.815,54.85
24/10/2022,53.92,2409958,54.32,54.66,52.3
21/10/2022,54.38,4317079,52.32,54.69,50.7
20/10/2022,53.63,3617131,51.61,55.5605,51.5298
19/10/2022,51.63,3789794,52.06,53.4,50.7
18/10/2022,53.09,4225445,54,54.8995,52.3
17/10/2022,51.72,8521983,48.77,52.88,48.24
14/10/2022,45.7,3986524,50.89,51.5,45.62
13/10/2022,49.88,5537701,47.6,51.11,46.3201
12/10/2022,51.46,4310310,49.78,51.56,48.11
11/10/2022,49.98,6149641,50.85,51.1,47.66
10/10/2022,51.39,4688326,55.14,55.37,50.37
07/10/2022,55.39,4032057,58.58,58.625,55.05
06/10/2022,61.02,2439323,60.77,62.95,60.3
05/10/2022,60.78,2621993,58.82,61.44,57.97
04/10/2022,60.52,4350334,58.41,60.67,58.18
03/10/2022,55.79,3521117,56,57.28,53.45
30/09/2022,55.31,3209412,54.49,57.9099,54.01
29/09/2022,54.85,3570668,55.77,56.48,53.38
28/09/2022,57.5,3520345,56.63,57.97,55.8
27/09/2022,56.48,5883452,55.3,57.92,55.3
26/09/2022,53.78,3401032,54.26,57.36,53.75
23/09/2022,54.43,5591045,56.1,57.44,53.09
22/09/2022,56.92,5037745,61.3,62.21,56.33
21/09/2022,61.6,5216138,61.85,65.29,61.01
20/09/2022,61.13,4762596,60.5,62.05,59.78
19/09/2022,61.2,3007939,58.45,61.42,58.45
16/09/2022,58.92,12781240,59.64,59.72,57.3501
15/09/2022,60.95,3832319,60.49,63.14,59.9
14/09/2022,61.42,3818758,60,61.55,58
13/09/2022,59.85,5837705,62.31,62.7499,59.06
12/09/2022,66.94,3783739,65.46,67.0864,64.2819
09/09/2022,65.83,4865711,63.68,67.12,63.55
08/09/2022,62.58,4072987,59.46,62.72,59.17
07/09/2022,61.02,3559543,58.55,61.34,58.07
06/09/2022,58.55,4340446,58.32,59.52,57.15
02/09/2022,58.71,3464904,60.52,61.68,58.41
01/09/2022,59.32,5032478,61,61.49,57.06
31/08/2022,62.57,3239643,65.16,65.94,62.35
30/08/2022,63.78,2812607,65.3,66.33,61.59
29/08/2022,64.23,2634354,62.59,65.15,62.22
26/08/2022,64.39,3310013,68.03,68.33,64.25
25/08/2022,68.24,2679472,68,68.99,66.93
24/08/2022,66.15,2867597,65.755,67.645,65.41
23/08/2022,65.26,2673605,66.1,68.34,65.24
22/08/2022,65.78,3338119,66.28,67.55,64.54
19/08/2022,68.53,4890493,71,71.78,67.32
18/08/2022,73.04,2581287,74.7,74.7,72.82
17/08/2022,74.51,2823158,75.45,76.74,74.07
16/08/2022,77.8,6021296,76.67,78.77,72.76
15/08/2022,78.08,3729467,77,80.3187,76.79
12/08/2022,77.63,3493487,76.5,77.7,74.3
11/08/2022,74.95,4766489,79.94,80.99,74.01
10/08/2022,78.61,5762707,75.625,78.73,74.1001
09/08/2022,71.63,4664578,72.68,73.7,70.03
08/08/2022,73.68,8700198,74.425,77.15,73.33
05/08/2022,74.24,22629660,68.58,74.56,66
04/08/2022,58.43,6855673,57.42,58.97,55.64
03/08/2022,58.36,5293044,54.11,58.725,54.11
02/08/2022,53.08,4415792,50,54.04,49.7333
01/08/2022,51.16,5467306,49.61,53.39,48.53
29/07/2022,50.32,4169316,48.76,50.44,47.92
28/07/2022,48.65,3632658,48.16,49.41,46.26
27/07/2022,48.68,4825106,47.47,49.09,46.25
26/07/2022,45.68,5106707,48.55,48.71,45.2467
25/07/2022,49.79,2548497,51.25,51.445,49.13
22/07/2022,51.65,3778593,55.18,56.2988,51.49
21/07/2022,55.82,3857320,53.18,55.88,52.53
20/07/2022,53,8266461,50.44,55.93,50.4
19/07/2022,49.54,4553734,50.202,50.32,46.87
18/07/2022,48.83,5209379,47.92,50.2896,47.35
15/07/2022,46.6,4887320,45.66,46.69,44.25
14/07/2022,44.61,5479723,46.11,46.33,43.67
13/07/2022,46.78,4811545,45.46,48.84,44.29
12/07/2022,47.37,5273068,51.02,53.56,47.02
11/07/2022,50.69,4015141,51.94,52.2899,48.84
08/07/2022,52.08,4546857,51.27,54.15,49.9
07/07/2022,52.74,4250808,49.96,53.59,49.91
06/07/2022,50.35,5802419,50.46,52.25,49.41
05/07/2022,50.5,5684315,44.73,50.58,43.8201
01/07/2022,45.9,4343487,44.66,45.98,43.22
30/06/2022,43.75,5141826,45.25,45.39,41.9
29/06/2022,45.87,3750249,45.65,46.68,44.21
28/06/2022,45.44,5041708,48.8,49.85,44.8
27/06/2022,49.25,4643229,51.51,52.47,48.74
24/06/2022,51.84,5854990,49.37,51.85,48.85
23/06/2022,48.2,5063405,45.22,48.45,43.78
22/06/2022,44.34,3959209,42.95,45.45,42.6
21/06/2022,43.62,5482318,41.85,44.7,41.85
17/06/2022,41.21,12260260,40.13,42.24,40.1
16/06/2022,39.7,6906774,41.49,41.63,38.96
15/06/2022,43.56,6258260,41.45,44.57,40.98
14/06/2022,40.79,7177492,41.74,42.57,39.64
13/06/2022,41.59,9087571,43.99,45.73,41.28
10/06/2022,47.36,7427300,49.2,49.49,45.78
09/06/2022,51.6,4660492,55.04,55.04,51.57
08/06/2022,55.06,3130064,55.28,57.4099,54.58
07/06/2022,54.73,4595059,53.43,54.95,51.75
06/06/2022,53.91,4036543,55.42,56.69,53.44
03/06/2022,54.54,4994154,56.46,57.8,53.9
02/06/2022,57.9,7833243,54.85,59.88,54.32
01/06/2022,55.11,4100362,57.09,59.14,53.98
31/05/2022,56,6052717,59.86,59.86,55.18
27/05/2022,58.91,5012553,57.77,59.5699,56.0844
26/05/2022,56.05,5424201,50.41,56.57,50.15
25/05/2022,51.96,6885102,51.16,52.85,50.11
24/05/2022,50.5,7053186,55.26,55.26,50.03
23/05/2022,56.75,4371198,54.59,58.16,54.2701
20/05/2022,55.69,6157429,59.56,61.4,53.25
19/05/2022,58,7454408,54.04,59.35,53.7
18/05/2022,53.36,7775184,55.24,56.41,51.71
17/05/2022,56.27,9525953,59.97,61.29,53.8052
16/05/2022,57.36,7653506,64.2,64.95,57
13/05/2022,66.38,8849576,59.12,67.5966,58.9
12/05/2022,56.73,8963270,53.08,63.1,51.5
11/05/2022,54.81,9128644,56.54,60.9,54.63
10/05/2022,56.98,11022120,59.29,60.87,51
09/05/2022,56.56,9819312,63.17,64.42,56
06/05/2022,65.61,16745460,65.41,70.1483,60.9
05/05/2022,77.81,10345840,88.2,88.2,75.8
04/05/2022,90.4,7154790,89.83,90.7599,80.9201
03/05/2022,89.68,3274795,89.73,93.65,87.6901
02/05/2022,89.91,3920964,85.97,90.06,84.81
29/04/2022,86.14,3719198,94.17,97.82,85.87
28/04/2022,95.25,3364579,92.51,97.04,88.44
27/04/2022,90.59,2818323,92.12,94.8599,89.8
26/04/2022,90.74,3421318,98.16,98.73,90.52
25/04/2022,98.71,3905505,94.56,99.495,93.27
22/04/2022,95.22,3141080,98.54,102.83,95.03
21/04/2022,98.49,3543653,105.14,108.88,97.04
20/04/2022,103.7,4163959,111.32,111.69,101.38
19/04/2022,111.15,2475026,107.5,112.42,104.55
18/04/2022,108.15,3103038,112.56,113.5515,105.041
14/04/2022,113.98,3608090,120.58,122.52,113.55
13/04/2022,121.63,4066108,113.54,121.91,112.81
12/04/2022,113.92,4845244,112.58,119.97,112.48
11/04/2022,109.64,3061053,107.27,111.3396,104.125
08/04/2022,109.77,2379604,110.42,113.29,108.73
07/04/2022,112.36,3324686,108.66,113.95,108.2301
06/04/2022,109.63,5876879,118.03,118.03,107.14
05/04/2022,120.44,3709698,126.67,126.82,119.22
04/04/2022,126.9,3870262,124,128.4,123.51
01/04/2022,123.5,3548926,120.49,125.835,119.06
31/03/2022,119.7,4293494,125.05,126.8797,119.63
30/03/2022,124.4,4653847,128.56,132.04,122.13
29/03/2022,130.02,5365143,130.2,132.45,125.31
28/03/2022,126.28,7074146,119.8,127.34,119.74
25/03/2022,119.63,5150719,122.63,122.93,114.68
24/03/2022,122.39,5732331,116.58,123.4499,111
23/03/2022,117.59,5657739,112.4,121.88,110.5
22/03/2022,114.86,6095124,104.92,117.68,104.86
21/03/2022,104.45,5027862,106.7,108.59,100.54
18/03/2022,109.84,11031260,105.87,110.3,104.26
17/03/2022,106.31,6802438,94.5,107.5,93.775
16/03/2022,95.16,6829833,88.99,95.4,86.91
15/03/2022,85.94,4481889,83.97,87.16,80.85
14/03/2022,84.16,6522322,88.32,91.84,82.03
11/03/2022,88.72,4476561,99.22,99.79,88.67
10/03/2022,97.53,3277781,97,98.69,94.25
09/03/2022,98.4,4441567,94.3,99.26,93.13
08/03/2022,92.15,5272545,91.8,96.11,90.01
07/03/2022,92.16,6264150,103.88,105.34,92.1
04/03/2022,100.91,5120956,106.87,109.13,97.27
03/03/2022,104,10717240,117.636,118.55,101.4501
02/03/2022,119.8,4890747,118.1,120.55,110.53
01/03/2022,117.65,5441386,116.56,123.36,116.1866
28/02/2022,116.42,8031003,110.61,117.3,108.541
25/02/2022,109.27,5073877,107.83,109.9,100.53
24/02/2022,108.38,10327280,87.84,109.34,86.858
23/02/2022,91.34,4199168,95.15,97.7499,90.73
22/02/2022,94.73,4952582,94.8,98.79,93.38
18/02/2022,95.87,6862767,104.76,107.565,94.02
17/02/2022,103.81,4186801,110.68,111.08,102.7
16/02/2022,111.99,4311615,109.86,113,107.92
15/02/2022,115.35,5237634,109.01,115.68,107.29
14/02/2022,105.56,4757918,104.87,108.46,104.0198
11/02/2022,104.92,11871280,119.5,120.87,103.7
10/02/2022,115.96,10361800,113.87,123.12,113.84
09/02/2022,114.81,4731264,111.35,115.3,108.33
08/02/2022,109.96,4438619,104.53,110.95,102.13
07/02/2022,107.1,8025794,103.65,115.11,103.25
04/02/2022,103.19,5684435,98.46,106.08,94.53
03/02/2022,96.66,4842132,96.64,100.85,94.27
02/02/2022,99.8,7027169,103.215,103.245,97
01/02/2022,102.43,9360323,97.63,104.07,95.77
31/01/2022,96.4,6924379,86.5,96.47,86.47
28/01/2022,84.18,5393230,81.08,84.49,76.61
27/01/2022,80.34,5289360,82.57,83.73,79.44
26/01/2022,80.07,7764657,88.75,90.57,79
25/01/2022,84.78,7530527,90.64,92.44,83.53
24/01/2022,93.28,9744139,84.65,94.43,80.11
21/01/2022,88.55,7120749,94.38,96.43,87.84
20/01/2022,93.41,4909545,95.86,102.61,93.19
19/01/2022,94.32,4910195,94.99,99.47,93.86
18/01/2022,93.63,5758738,97.1,100.15,93.31
14/01/2022,100.29,5975066,99.25,101.95,95.58
13/01/2022,98.98,8118571,112.94,114.06,98.49
12/01/2022,113.97,5778241,117,122.13,112.0001
11/01/2022,114.14,4827507,110.23,115.8,109.0595
10/01/2022,110.75,5626829,102,111.03,100.01
07/01/2022,107,6148337,102.87,110.04,101.77
06/01/2022,104.04,5066587,103.52,108.58,102.15
05/01/2022,105.95,6186046,113.5,116.16,103.46
04/01/2022,114.96,9785367,124.52,125.97,108.58
03/01/2022,126.16,3646043,131.07,132.1,122.71
31/12/2021,131.5,2013724,133.27,134.875,130.5758
30/12/2021,133.2,1580658,132.01,136.69,132.01
29/12/2021,133.3,1988123,132.43,134.14,129.07
28/12/2021,132.93,2107430,140.81,140.81,132.43
27/12/2021,138.94,2057057,138.08,141.34,137.1
23/12/2021,137.27,2018261,137.13,138,133.27
22/12/2021,136.81,3429009,143.41,145.26,135.83
21/12/2021,144.34,4200424,134.54,144.67,131.89
20/12/2021,131.89,4160329,128.48,134.7669,123.9
17/12/2021,134.59,8283528,129.79,137.81,127.27
16/12/2021,131.87,5406905,142.99,143.49,128.65
15/12/2021,139.05,5090966,132,141.76,129.5001
14/12/2021,132,9058833,134.04,138.75,127.27
13/12/2021,145.03,5662058,140.46,147.74,140.0801
10/12/2021,140.48,5638256,151.51,155.6599,139.69
09/12/2021,150.2,4504358,165.66,170.4,148.7574
08/12/2021,160.44,3143040,156.84,162.33,150.03
07/12/2021,156.25,3533555,155.65,160.69,155.27
06/12/2021,147.69,7480731,153.47,155.6,144.52
03/12/2021,159.69,6102028,166.97,167.7,150.2
02/12/2021,166.37,5238426,163.82,174.4799,162.52
01/12/2021,164.21,6781230,190.12,190.525,163.86
30/11/2021,188.24,5191446,192.56,196.98,182.59
29/11/2021,191.09,4083725,197.5,199.21,185.71
26/11/2021,200.12,2248253,198.64,205.79,196.73
24/11/2021,197.39,3945267,182,198.28,180
23/11/2021,184.65,4530302,183.89,191.41,178.42
22/11/2021,186.45,5803515,209.73,212.5,185.68
19/11/2021,211.04,2512732,216.8,220.79,210.94
18/11/2021,217.25,3187190,211.09,221.64,208.5001
17/11/2021,211.8,2277246,211.98,216,208.04
16/11/2021,212.17,2825561,205,214.9425,204.64
15/11/2021,206.6,2515022,205.64,209,204.76
12/11/2021,204.76,2153379,199.38,207.4599,197.431
11/11/2021,196.26,1781949,200.57,202.99,195.8
10/11/2021,195.36,2888030,202.99,204.9499,192.85
09/11/2021,204.6,2976738,207,209.9,200.3
08/11/2021,210,3970791,194.5,211.26,192.56
05/11/2021,197.26,5071342,216.08,218,192.49
04/11/2021,201.09,3812312,195,202.28,193.5
03/11/2021,194.85,2180528,193.52,196,189.46
02/11/2021,192.37,2122903,194.99,196.35,189.2
01/11/2021,194.26,3016384,194.75,194.774,188.63
29/10/2021,194.72,3943257,183.36,196.8,182.78
28/10/2021,184.05,3154789,177.49,186.47,174.74
27/10/2021,178.65,3698243,180.5,187.51,178.11
26/10/2021,185.36,2888408,190.81,191.1799,181.6133
25/10/2021,189.41,3585103,182,192.08,179.73
22/10/2021,181.35,3081386,182.61,184.4668,177.22
21/10/2021,182,3570095,176.88,183.8,176.01
20/10/2021,175.45,5040562,175.8,176.8,168.29
19/10/2021,172.89,7857279,179.5,180,171.32
18/10/2021,180.77,7068740,167.6,182.9,167
15/10/2021,167.69,6212771,162.43,168.95,162.2671
14/10/2021,165.28,6428501,161.86,166.14,159.55
13/10/2021,159.43,5766859,151.8,159.47,151.19
12/10/2021,150.94,4142698,145.99,151.4692,144.8
11/10/2021,144.27,5379666,135.325,145.7,134.93
08/10/2021,139.66,2996871,137.15,139.9,134.74
07/10/2021,136.92,4040434,134.04,137.03,132.54
06/10/2021,133.44,7620125,123.98,135.105,123.98
05/10/2021,125.59,6688775,116.74,125.62,116.74
04/10/2021,115.73,4170824,114,115.82,111.57
01/10/2021,114.98,3446684,113.01,115.02,108.93
30/09/2021,112.65,3381322,113.14,115.32,110.78
29/09/2021,112.34,3715864,115.29,115.84,110.68
28/09/2021,113.08,5888074,119.33,119.33,112.8
27/09/2021,122.81,4487451,127.99,128.6,121.73
24/09/2021,130.36,3902656,130.77,132.99,127.81
23/09/2021,135.67,3859443,136.97,137,130.82
22/09/2021,136.97,3002442,130.6,137.07,130.4
21/09/2021,130.4,1834302,128.99,131.4001,127.76
20/09/2021,127.19,2335383,125.28,129.42,124.84
17/09/2021,131.41,6356737,133,134.54,130.51
16/09/2021,133.49,3107029,129,133.95,128.1034
15/09/2021,128.55,2191251,126.52,128.835,125.08
14/09/2021,126.76,2925884,125.21,128.92,125.21
13/09/2021,124.7,3100651,127.99,128.27,120.83
10/09/2021,127.48,1734396,129.31,130.44,127.39
09/09/2021,127.99,1967084,129,131.32,127.95
08/09/2021,128.18,1884419,130.42,131.18,126.51
07/09/2021,131.28,2196451,131.01,132.09,127.6113
03/09/2021,130.44,2441073,128.48,131.594,128.0393
02/09/2021,128.61,2171976,128,129.6218,126.18
01/09/2021,126.86,5168700,120,129.67,119.27
31/08/2021,120.74,3166443,123.42,123.44,120.37
30/08/2021,123.42,1849641,122.59,124.63,121.06
27/08/2021,123.57,1993766,122.47,124.97,121.5
26/08/2021,120.9,1619735,123.22,124.22,120.76
25/08/2021,123.24,1176879,124.39,125.43,122.81
24/08/2021,124.02,1361101,125,125.75,122.84
23/08/2021,124.18,1767053,121.16,124.34,120.1
20/08/2021,119.96,2463421,119,122.415,118.15
19/08/2021,118.15,2523651,115.89,120,115.0025
18/08/2021,116.93,2817527,118.99,119.32,116.54
17/08/2021,119.84,2435099,120.22,121.33,117.93
16/08/2021,120.38,3322313,119.52,120.992,116.64
13/08/2021,121.75,1732155,122.31,123.53,120.16
12/08/2021,122.23,5855602,117.4,125.78,117.0023
11/08/2021,119.01,7776822,123.25,124,116.38
10/08/2021,125.47,8163383,125.73,127.7,122.39
09/08/2021,123.43,4416196,117.98,125.46,117.13
06/08/2021,118.82,3405479,117.28,121.33,115
05/08/2021,121.46,3640276,118.98,122.235,117.8
04/08/2021,120,2451614,119.9,121.25,118.82
03/08/2021,119.57,1639949,118.79,120,117.42
02/08/2021,118.59,1983659,119.27,120.45,114.84
30/07/2021,118.63,2546536,119.38,122.08,117.99
29/07/2021,120.39,2455689,119.39,122.77,119.11
28/07/2021,119.75,2534914,116.39,119.93,115.87
27/07/2021,115.47,2169487,116.57,116.9922,112.27
26/07/2021,116.73,1770731,116.93,117.49,115.25
23/07/2021,117.24,2369831,114.05,117.4,112.53
22/07/2021,113.77,2898881,110.16,115.38,109.76
21/07/2021,109.52,1731752,107.01,109.78,105.61
20/07/2021,107.68,2616962,104.49,108.66,102.3
19/07/2021,105.52,2869517,101,106.63,99.5138
16/07/2021,102.66,1942152,103.6,104.2581,101.35
15/07/2021,102.67,2343178,104.07,106,101.39
14/07/2021,104.38,2687538,107.68,108.78,103.7
13/07/2021,106.51,1491924,107.68,108.92,105.95
12/07/2021,107.28,2810127,110.3,111.9699,106.06
09/07/2021,108.97,1909349,108.39,109.4699,105.66
08/07/2021,108.78,2634300,103.77,109.68,101.7001
07/07/2021,108.35,2726265,109.92,110.9441,106.8
06/07/2021,108.93,3269180,106.41,109.2,106.02
02/07/2021,106.02,1455385,105.85,107.6,105.3
01/07/2021,104.39,2520694,106,106.47,103.28
30/06/2021,105.84,2286367,107.04,107.45,105.76
29/06/2021,107.6,1853668,105.33,108,104.85
28/06/2021,106.04,2400955,105.78,106.6352,104.12
25/06/2021,104.84,10476940,105,106.22,102.53
24/06/2021,104.57,5234160,104.74,109.98,103.87
23/06/2021,103.74,3066723,102.79,104.17,102.13
22/06/2021,102.57,4082635,101,103.24,100.66
21/06/2021,101.08,4244956,100.98,101.85,96.61
18/06/2021,101.68,7301634,102.3,102.4464,98.8
17/06/2021,100.69,6651341,94.41,101.29,94
16/06/2021,94.76,3671699,92.71,95.21,92
15/06/2021,93.4,3112344,94.33,95.84,92.82
14/06/2021,95.64,4320682,94.7,97.325,93.67
11/06/2021,94,2712436,92.94,94.4,92.21
10/06/2021,93.47,3369121,90,93.645,88.81
09/06/2021,90.13,2782890,89.78,90.8,87.71
08/06/2021,89.78,4686787,86.84,90.84,86.84
07/06/2021,85.84,3186203,83.07,86.15,82.2
04/06/2021,83.08,1496613,82.81,84.1,82.7238
03/06/2021,81.92,1588300,83.24,83.38,80.45
02/06/2021,83.86,1983256,83.13,84.12,82.5
01/06/2021,83.07,2976420,82.33,83.36,80.32
28/05/2021,82.06,2400405,82.42,83.8,81.96
27/05/2021,82.81,6704807,80.35,83,78.1
26/05/2021,79.88,2772422,80,81.07,79.41
25/05/2021,79.59,3323218,79.5,80.73,78.94
24/05/2021,78.88,3006135,75.85,79.409,75.18
21/05/2021,74.8,2854455,75.12,75.79,73.39
20/05/2021,74.5,3931086,71.49,74.74,71
19/05/2021,70.79,4239220,68.665,70.83,68.16
18/05/2021,72.43,3505051,72.65,73.92,71.59
17/05/2021,70.96,2701859,69,71.59,68.9
14/05/2021,72.3,2806985,67.22,72.64,67.22
13/05/2021,66.65,3311785,70.05,71.43,65.62
12/05/2021,69.69,3186494,70.86,71.45,68.1651
11/05/2021,71.29,5620510,64.95,71.74,64.84
10/05/2021,68.87,6297070,69.9,70.55,66.75
07/05/2021,71.62,7155745,74.93,78.22,71.14
06/05/2021,69.07,10109570,73.9,75.5641,67.43
05/05/2021,79.02,4467018,81.04,82.06,77.5
04/05/2021,80.19,5738658,81.49,82.72,79.03
03/05/2021,84.06,4926484,84.82,85.38,82.2
30/04/2021,84.74,4159728,84.09,86.16,82.69
29/04/2021,84.89,3797225,87,87,83.365
28/04/2021,86.16,3484478,86.13,86.57,83.85
27/04/2021,87.01,5852085,84.83,88.04,84.77
26/04/2021,84.76,5258589,81.5,85,80.8901
23/04/2021,82.72,7112458,77.76,83.47,76.52
22/04/2021,75.43,4023768,74.92,78.015,74.51
21/04/2021,73.78,1898762,71.18,74,70.51
20/04/2021,72.39,3419949,74.11,74.37,70.9
19/04/2021,73.3,2494187,73.8,75.49,71.71
16/04/2021,74.24,3597328,78.16,79.02,73.43
15/04/2021,78.09,4165599,75.7,78.83,75.6
14/04/2021,74.57,4760560,77.9,77.97,74.4
13/04/2021,77.61,13151700,70.39,79.81,69.84
12/04/2021,69.73,2268230,69.75,70.69,68.31
09/04/2021,70.88,3472439,72.51,72.67,69.9
08/04/2021,72.36,5341158,71.23,73.36,70.66
07/04/2021,70.05,5729901,72.07,72.12,69.51
06/04/2021,72.21,1845467,70.8,73.73,70.8
05/04/2021,71.17,2299101,72.58,72.99,70.04
01/04/2021,71.79,2020491,73.17,74.22,71.54
31/03/2021,70.26,2872566,67.2,71.43,67.02
30/03/2021,65.8,3499674,64.77,66.2409,63.25
29/03/2021,65.63,2276555,67.18,67.915,64.91
26/03/2021,67.57,2118189,67.82,68.92,64.75
25/03/2021,66.65,4097094,65.37,67.42,64.02
24/03/2021,67.83,3828750,75,75,67.8
23/03/2021,72.37,2121220,73.33,74.065,71.9602
22/03/2021,72.76,1935364,72,74.05,71.37
19/03/2021,71.69,6369629,71.09,72.02,69.58
18/03/2021,70.42,3729104,73.82,73.895,69.3274
17/03/2021,74.82,2631230,71.95,75.75,70.76
16/03/2021,74.04,2949766,75.64,77.04,72.8
15/03/2021,75.15,2673124,76,76.15,73.83
12/03/2021,76.3,3228985,73.77,76.34,72.04
11/03/2021,76.61,4746875,73.56,76.78,72.38
10/03/2021,70.49,6062868,71.22,72.34,68.97
09/03/2021,69.43,6089806,65.78,69.73,63.8535
08/03/2021,61.77,6720150,65.69,68.05,61.77
05/03/2021,67.03,9858119,67.15,67.39,60.96
04/03/2021,67.3,7396069,70,72.15,64.75
03/03/2021,70.83,3560504,74.9,75.58,70.06
02/03/2021,75.5,5204068,77.2,77.49,74.48
01/03/2021,76.9,3262311,75.41,77.17,74.43
26/02/2021,73.97,7740707,72.4,74.29,70.86
25/02/2021,71.72,4565070,75.54,76.23,70.565
24/02/2021,76.43,4900424,75.99,76.61,73.15
23/02/2021,77.28,6740268,74.5,77.37,70.7038
22/02/2021,78.38,4310795,81.49,82.67,78.28
19/02/2021,82.17,4910093,84,85.82,81.63
18/02/2021,82.79,5202306,83.01,85.25,81.6
17/02/2021,84.4,5794797,82.62,87.06,80.2618
16/02/2021,82.07,7335329,84.81,84.925,81.02
12/02/2021,85.95,10650360,86.32,87.57,83.33
11/02/2021,91.28,5335017,92.77,93,89.34
10/02/2021,90.91,4522487,94.77,95.77,87.33
09/02/2021,93.46,4914174,91.09,94.82,90.2218
08/02/2021,91.13,5884675,87,91.95,86.3492
05/02/2021,85.56,3250097,83.5,85.94,82.93
04/02/2021,83.04,1833749,82.56,83.97,81.75
03/02/2021,82.34,2622092,84.38,84.8,82.07
02/02/2021,83.57,3292772,81.82,83.74,80.04
01/02/2021,80.48,2645408,77.75,80.56,76.55
29/01/2021,76.66,3583850,78.03,78.5,74.79
28/01/2021,78.8,3855676,75.1,79.72,74.35
27/01/2021,74.57,5028597,75.16,77.66,71.5
26/01/2021,77.03,4099416,82.74,82.75,76.91
25/01/2021,82.78,5263641,85,87.15,77.6
22/01/2021,83.47,2779550,82.5,83.8433,81.81
21/01/2021,83.02,2987182,84.15,84.99,82.02
20/01/2021,83.51,3509779,83,84.02,81.17
19/01/2021,81.44,3019717,79.35,81.67,79.16
15/01/2021,77.85,3382181,80.86,82.47,77.19
14/01/2021,80.51,4372896,83.32,84.78,79.72
13/01/2021,82.48,5643971,78.58,82.7,77.98
12/01/2021,77.82,2964710,77,78.22,75.69
11/01/2021,76.5,3381517,78,79.89,76.21
08/01/2021,79.15,4577874,80.16,81.94,77.55
07/01/2021,79.02,6191891,74.4,79.19,74.31
06/01/2021,73.27,4467832,73,75.23,71.01
05/01/2021,75.14,2864467,73.13,75.9,73.0101
04/01/2021,74.59,4439620,77.56,77.7,72.22
31/12/2020,75.99,3444312,77.45,77.79,75.04
30/12/2020,77.53,5049079,77.21,78.35,74.51
29/12/2020,76.4,6518143,79.14,80.1199,75.94
28/12/2020,77.5,7276126,86.73,86.73,77.49
24/12/2020,84.98,2892159,83.96,87.3,82.6337
23/12/2020,81.9,4847540,86.55,86.55,81.25
22/12/2020,86.56,5599554,87,88.77,84.44
21/12/2020,86.21,6874668,85.33,87.2,82.9604
18/12/2020,83.81,9964577,82,84.2,81.05
17/12/2020,81.82,4915101,82.15,82.49,79.61
16/12/2020,81.81,4110382,82,82,79.6844
15/12/2020,81.46,5089109,81.89,83.37,80.421
14/12/2020,81.43,4149573,83.26,84.2,80.97
11/12/2020,82.41,5865974,83.42,83.42,78.81
10/12/2020,84.05,8571618,77,86.21,76.37
09/12/2020,77.31,6031221,82.01,82.36,75.73
08/12/2020,83.55,4894770,82.16,84.36,80.9
07/12/2020,81.96,4541265,77.37,82.52,77.31
04/12/2020,77.35,4043757,74.47,77.84,74.04
03/12/2020,74.13,3391227,72.97,75.19,72.33
02/12/2020,71.9,3343422,71.64,71.99,68.83
01/12/2020,72.29,5452619,76.8,76.8,71.17
30/11/2020,75.08,17157620,74.15,76.7699,70.1
27/11/2020,74.76,5107822,71,74.93,70.96
25/11/2020,69.99,5167186,66.74,70,66.72
24/11/2020,66.69,4488766,66.2,68.91,65.11
23/11/2020,66.09,4664336,67,67.255,64.59
20/11/2020,66.55,6270329,66,68.206,65.5
19/11/2020,65.89,4198784,64.95,66.33,64.3
18/11/2020,64.48,4101444,66.75,66.86,64.03
17/11/2020,65.96,8617834,64,66.58,63.02
16/11/2020,64.54,4896905,60.39,64.88,60
13/11/2020,63.77,3386005,64.55,64.75,63.0606
12/11/2020,64.15,8515693,64,65.08,62.74
11/11/2020,65.46,5928688,62,66.1399,61.905
10/11/2020,61.24,6705521,61.25,64.69,58.34
09/11/2020,64.57,8760830,63.01,66.08,60.52
06/11/2020,64.47,16776660,63.73,71.77,61.7
05/11/2020,58,4778571,57.5,58.42,56.2578
04/11/2020,56.12,3494388,55,57,54.3004
03/11/2020,53.05,2094613,51.71,53.18,51.6
02/11/2020,52.05,2600251,52.87,53.22,50.95
30/10/2020,51.97,4150709,53.49,53.765,50.54
29/10/2020,54,2390987,54.91,55.5,53.46
28/10/2020,54.76,2535224,55.28,55.85,54.04
27/10/2020,55.98,3971771,56.15,57.75,55.33
26/10/2020,54.75,4115949,55.07,56.57,53.65
23/10/2020,55.82,3120079,55.22,56.3838,54.96
22/10/2020,55.81,3424857,55,56.6399,54.21
21/10/2020,54.98,4510507,57.55,58.3,54.64
20/10/2020,57.06,3320459,57.8,58.5,56.92
19/10/2020,58.27,5002006,58.56,60.16,57.83
16/10/2020,58.29,7940341,60.34,61.86,58
15/10/2020,58.78,17118500,56,60.1,54.855
14/10/2020,61.5,10422580,59.5,61.67,58.18
13/10/2020,59.73,15590330,55.2,60.13,54.82
12/10/2020,57.01,27061540,47.12,57.3,47
09/10/2020,46.35,5628962,43.66,46.37,43.51
08/10/2020,43.41,3333825,44.52,44.6,42.97
07/10/2020,43.38,3614469,42.9,43.42,42.6
06/10/2020,42.23,5647599,42.7,43.1,41.66
05/10/2020,42.86,3869047,42.02,43.1774,41.81
02/10/2020,41.75,3201422,41.1,42.58,40.5
01/10/2020,42.03,4843475,41.52,42.54,41.44
30/09/2020,41.06,2784260,40.47,41.77,40.16
29/09/2020,40.67,2710807,41.11,41.5,40.47
28/09/2020,40.88,3239903,40.17,41.05,39.52
25/09/2020,40.04,2152289,38.86,40.14,38.255
24/09/2020,38.52,4202398,39.08,39.58,38.11
23/09/2020,39.98,5934260,39.92,40.6,39.4
22/09/2020,39.87,4687492,39.14,39.97,37.56
21/09/2020,38.96,5441107,36.5,38.97,36.5
18/09/2020,37.1,11086430,36.5,37.1809,35.64
17/09/2020,36.1,4782486,34.65,36.14,34.53
16/09/2020,35.9,5678715,36.15,36.33,35.47
15/09/2020,36.17,6231460,35.25,36.25,35.07
14/09/2020,34.83,4530596,34.48,35.14,34.15
11/09/2020,34.17,6866616,34.01,34.5625,33.72
10/09/2020,33.58,3854938,34.49,35.12,33.36
09/09/2020,34.01,4669824,34.03,34.42,33.21
08/09/2020,32.94,6522863,33.06,34.76,32.695
04/09/2020,34.77,7996670,35.14,36.27,32.81
03/09/2020,36.23,8940065,37.85,37.98,35.54
02/09/2020,39,6208701,40.2,40.39,37.85
01/09/2020,39.74,4987547,38.94,40.4,38.94
31/08/2020,38.26,4318731,39.7,39.9,38.17
28/08/2020,39.65,3069189,40.2,40.84,39.63
27/08/2020,39.73,3035038,39.75,40.02,38.605
26/08/2020,39.9,4522454,39.3,40.37,38.96
25/08/2020,39.03,3490971,37.7,39.04,37.31
24/08/2020,38.09,5468068,38.41,38.8394,37.23
21/08/2020,38.92,3271742,40.45,40.49,38.9
20/08/2020,40.31,3953482,39.28,40.444,39.12
19/08/2020,39.29,3764708,39.93,40.25,38.26
18/08/2020,40.06,4394841,40.4,40.47,39.46
17/08/2020,39.92,7369897,37.73,39.94,37.69
14/08/2020,38.5,3042362,38.95,39.79,38.17
13/08/2020,38.85,4062681,39.71,39.71,38.21
12/08/2020,38.86,9588723,38.1,40.07,38.03
11/08/2020,37.81,7826772,36.85,38.15,36.04
10/08/2020,36.99,14591230,39.54,39.54,36.04
07/08/2020,40.06,12303390,41,45.28,39.6161
06/08/2020,41.35,8043055,41.84,42.41,40
05/08/2020,42.49,3930349,42.08,42.75,41.56
04/08/2020,42.31,4517282,43.1,43.15,41.28
03/08/2020,42.51,6993325,42.29,42.84,41.86
31/07/2020,41.62,5300004,42,42.06,40.21
30/07/2020,41.13,5678527,38.36,41.5,38.36
29/07/2020,38.7,2923104,38.49,39.08,37.82
28/07/2020,37.65,4678869,38.69,38.69,37.58
27/07/2020,37.36,2721661,36.49,37.69,36.16
24/07/2020,35.72,3002857,35.23,36.455,35
23/07/2020,36.43,3144924,38.32,38.58,35.92
22/07/2020,38.04,2516092,38.93,39.05,37.81
21/07/2020,38.18,3885089,38.98,39.12,37.8101
20/07/2020,38.37,5154370,37,38.6,36.8201
17/07/2020,37.02,5971360,36.05,37.45,35.35
16/07/2020,35.1,3540074,35.61,35.8381,34.55
15/07/2020,36.12,4727294,36.21,36.58,35.1201
14/07/2020,36.75,8081183,36.68,37.53,34.46
13/07/2020,36.75,10564090,40.75,41.09,36.12
10/07/2020,40.08,9081577,42.11,42.5965,39.41
09/07/2020,39.73,6852245,39.03,40.155,37.66
08/07/2020,38.4,4748314,38.34,38.52,37.86
07/07/2020,37.91,5276142,38.28,38.39,37.18
06/07/2020,38.34,6518192,37.34,39.24,37.07
02/07/2020,36.47,4533308,37.31,37.35,36.28
01/07/2020,36.93,4724536,35.95,37.04,34.995
30/06/2020,35.95,6741482,35.28,36.04,34.83
29/06/2020,35.11,4920933,35.34,35.63,33.2304
26/06/2020,35.53,12429350,36,37.0609,34.82
25/06/2020,36,6054769,35.42,36.89,34.61
24/06/2020,35,5203217,35.39,36.77,34.0524
23/06/2020,35.4,10991650,37.66,37.66,34.82
22/06/2020,37,5596483,36.32,37.4,35.82
19/06/2020,36,14810650,37.75,38.48,35.72
18/06/2020,36.73,9941909,36.14,37.29,35.41
17/06/2020,35.8,16244330,32.1,36,31.8
16/06/2020,31.65,6940426,31.5,31.98,30.31
15/06/2020,30.98,12592200,29,31.92,28.81
12/06/2020,28.82,2362048,29.1,29.51,28.1
11/06/2020,28.5,3928645,28.5,29.65,27.9228
10/06/2020,29.4,4676759,28.79,29.66,28.52
09/06/2020,28.72,3777257,29,29.06,28.14
08/06/2020,29.17,2697785,29.49,29.49,28.345
05/06/2020,29.14,2619335,28.15,29.42,27.29
04/06/2020,28.47,3556882,29.05,29.15,28.13
03/06/2020,29.38,3597119,30.48,30.5,29.28
02/06/2020,30.2,3475414,30.12,30.59,28.93
01/06/2020,30.05,2772732,29.14,30.19,29.01
29/05/2020,29.07,4139940,28,29.22,27.94
28/05/2020,28.1,2459171,28.25,28.8,27.92
27/05/2020,28.19,6759220,27.85,28.2,25.85
26/05/2020,28.09,6291772,28.84,29,27.51
22/05/2020,28.26,3014582,28.05,28.81,27.51
21/05/2020,28.04,4725727,27.82,28.35,27.17
20/05/2020,27.55,5971691,28,28.13,26.52
19/05/2020,28.04,2294541,28.08,29.225,27.9
18/05/2020,28.07,4105221,28.28,29.8,27.7
15/05/2020,29.49,9397964,28.02,30.78,27.82
14/05/2020,28.02,3254713,27.4,28.05,27.2
13/05/2020,27.87,7820395,28.29,28.9,26.82
12/05/2020,28.79,10381910,28.12,30.2399,27.636
11/05/2020,28.12,5761960,26.38,28.42,26.38
08/05/2020,26.26,12462230,26.76,27.1,25.03
07/05/2020,29.52,10519570,26.81,29.98,26.17
06/05/2020,24.95,2177382,24.7,25.25,24.26
05/05/2020,24.51,2035005,24.41,24.71,23.82
04/05/2020,23.67,2041597,22.88,23.81,22.53
01/05/2020,22.84,1911049,23.17,23.73,22.35
30/04/2020,23.56,2474630,23.82,24.559,23.35
29/04/2020,23.78,6896370,23.47,23.99,22.5
28/04/2020,23.47,7241490,24.5,24.75,23
27/04/2020,24.47,2338203,23.91,24.78,23.55
24/04/2020,23.28,3522988,23.42,24.13,23.24
23/04/2020,23.73,2432630,24.58,25.25,23.62
22/04/2020,24.61,3104954,24.66,25.25,24
21/04/2020,23.94,5186252,26.25,26.5,23.02
20/04/2020,26.18,6178282,25,27.59,24.84
17/04/2020,24.83,5107006,25,25,23.63
16/04/2020,25.42,3912865,24,25.9,23.9
15/04/2020,23.89,2231394,22.91,23.98,22.51
14/04/2020,22.91,3257521,23.2,24,22.5421
13/04/2020,23.62,4283394,21.35,23.84,21.31
09/04/2020,21.18,3297803,23,23.08,21.18
08/04/2020,22.84,2085877,23.02,23.2,22.5
07/04/2020,22.8,1769884,24,24.1,22.4
06/04/2020,23.64,2298602,24.5,24.51,23
03/04/2020,24.08,1918131,22.93,24.2,22.67
02/04/2020,23.06,2736941,23.99,23.99,22.18
01/04/2020,24.12,3667820,22.9,25.86,22.18
31/03/2020,23.48,5569399,24.16,26.28,22.81
30/03/2020,23.89,3945254,22.1,24.09,21.21
27/03/2020,21.96,2787387,20.96,22.4854,20.41
26/03/2020,21.6,2290997,21.7,22.21,20.83
25/03/2020,21.66,2660943,22.06,23,21.23
24/03/2020,22.41,2577751,22.04,22.5,21.21
23/03/2020,21.41,2276531,20.93,22.14,19.53
20/03/2020,21.72,2468722,20.85,22.68,20.52
19/03/2020,20.69,2679518,19.8,23.18,19.44
18/03/2020,19.7,3438676,17.76,20.75,17.41
17/03/2020,18.69,3287602,16.36,18.9,15.87
16/03/2020,15.92,3015322,16.59,17.49,15.05
13/03/2020,19.06,2838234,20,20.097,17.6
12/03/2020,19.16,2996112,19.1,19.495,17.8
11/03/2020,20.59,1768685,20.85,21.34,20
10/03/2020,21.11,2776130,21.53,21.96,19.5313
09/03/2020,20.74,2971064,21.25,22.2599,20.4
06/03/2020,22.77,3489462,22.77,23.29,21.3
05/03/2020,23.35,4731104,22.18,25.02,22.1
04/03/2020,22.7,3042514,22.35,23.42,22.09
03/03/2020,22.08,2232096,22.33,22.4,21
02/03/2020,22.08,3115414,21.69,22.08,20.38
28/02/2020,21.3,3932458,21.03,21.79,19.83
27/02/2020,21.94,5353652,20.65,22.52,20.51
26/02/2020,22.11,7310726,20.2,22.69,20.02
25/02/2020,20.29,4153977,19.91,20.44,19
24/02/2020,19.81,2941188,19.75,20.48,19.27
21/02/2020,21.02,3428297,20.3,21.35,20.3
20/02/2020,20.3,10976180,18.15,21.35,18.1
19/02/2020,18.01,7996744,17.45,18.23,17.35
18/02/2020,17.5,2840130,17.7,17.92,17.2402
14/02/2020,17.75,4739910,18.46,18.7,17.22
13/02/2020,18.07,1715473,17.75,18.21,17.72
12/02/2020,17.82,1429948,18.55,18.6031,17.55
11/02/2020,18.37,1455929,18.41,19.23,18.36
10/02/2020,18.34,1358517,18.23,19.2,18.1
07/02/2020,18.17,595443,17.88,18.345,17.8
06/02/2020,17.77,545126,18,18.05,17.72
05/02/2020,18,1161752,18.16,18.2938,17.65
04/02/2020,17.93,964497,17.9,18.395,17.7702
03/02/2020,17.69,640377,18,18.19,17.52
31/01/2020,17.86,537810,18.31,18.35,17.74
30/01/2020,18.32,595331,17.91,18.37,17.662
29/01/2020,17.59,451812,18.19,18.27,17.59
28/01/2020,18.08,481617,17.77,18.1295,17.63
27/01/2020,17.82,666353,17.34,17.86,17.02
24/01/2020,17.77,648911,18.18,18.68,17.72
23/01/2020,18.17,407089,18.05,18.18,17.76
22/01/2020,18.05,526465,18.19,18.49,17.98
21/01/2020,18,636082,18.56,18.9,18
17/01/2020,18.6,542730,19.14,19.3,18.4
16/01/2020,18.96,700445,19.11,19.2399,18.64
15/01/2020,18.85,1229327,18.7,19.3,18.7
14/01/2020,18.7,775592,18.52,18.85,18.11
13/01/2020,18.36,840797,17.7,18.54,17.63
10/01/2020,17.48,653595,17.26,17.64,17.1
09/01/2020,17.02,924376,18.12,18.12,17
08/01/2020,17.78,543817,17.65,18,17.5
07/01/2020,17.67,568971,17.67,17.849,17.3
06/01/2020,17.69,1261809,17.15,17.95,16.98
03/01/2020,17.17,594403,16.96,17.33,16.82
02/01/2020,17.03,706092,17.24,17.35,16.8
31/12/2019,17.06,928233,17.09,17.26,16.8
30/12/2019,17.21,890513,16.7,17.24,16.2
27/12/2019,16.69,790399,17.09,17.24,16.635
26/12/2019,17.18,498865,17.24,17.55,17.15
24/12/2019,17.35,354499,17.46,17.545,17.2
23/12/2019,17.34,981251,18.29,18.29,17.28
20/12/2019,18.12,4174063,18.3,18.7,17.8
19/12/2019,18,580045,17.4,18.15,17.4
18/12/2019,17.39,772398,17.55,17.759,17.38
17/12/2019,17.61,1186032,18.25,19.2,17.42
16/12/2019,18.37,882440,18.2,18.7,18.06
13/12/2019,17.95,704662,17.62,18.195,17.33
12/12/2019,17.66,545472,17.12,17.69,16.92
11/12/2019,17.17,611852,17.63,17.7048,17.05
10/12/2019,17.67,453298,17.7,18.0625,17.43
09/12/2019,17.71,924974,18.45,18.57,17.27
06/12/2019,18.48,878687,18.25,18.5,17.95
05/12/2019,17.73,1145649,18.91,19.15,17.72
04/12/2019,18.96,992848,19.1,19.4,18.83
03/12/2019,18.95,856449,18.25,19.1598,18.11
02/12/2019,18.94,1723193,19.37,19.44,18.1982
29/11/2019,19.48,496466,19.4,19.62,19.131
27/11/2019,19.61,1665337,18.85,19.8,18.5682
26/11/2019,18.79,1335127,18.2,18.83,18.07
25/11/2019,18.07,787142,17.8,18.22,17.74
22/11/2019,17.77,1063553,17.45,17.99,17.3
21/11/2019,17.36,1010721,16.92,17.45,16.9178
20/11/2019,16.92,761784,16.2,17.09,16.18
19/11/2019,16.3,861629,16.92,16.97,16.22
18/11/2019,16.89,460873,16.79,16.99,16.51
15/11/2019,16.74,815160,16.75,17.12,16.64
14/11/2019,16.67,659555,16.12,16.75,16
13/11/2019,16.26,713239,16,16.38,15.78
12/11/2019,16.16,338955,16.26,16.3735,16.02
11/11/2019,16.23,503996,15.94,16.466,15.94
08/11/2019,16.12,1498723,16.3,16.596,15.585
07/11/2019,15.89,1439956,16.47,16.84,15.55
06/11/2019,16.22,1057002,16.99,17.1,16.16
05/11/2019,17.1,850880,17.44,17.49,16.84
04/11/2019,17.37,1013746,17.34,17.48,16.892
01/11/2019,16.83,705664,16.92,17.19,16.7
31/10/2019,16.84,918151,16.75,16.97,16.32
30/10/2019,16.73,1093303,15.75,16.77,15.73
29/10/2019,15.72,753510,16.12,16.24,15.58
28/10/2019,16.03,1184943,16.3,16.41,15.8
25/10/2019,16.17,1023473,15.79,16.3,15.69
24/10/2019,15.84,1118127,14.85,15.93,14.8
23/10/2019,14.73,894715,14.63,15.2404,14.63
22/10/2019,14.62,1212997,15.04,15.13,14.52
21/10/2019,14.97,1127668,15.37,15.69,14.5
18/10/2019,15.29,836729,15.93,16.17,15.25
17/10/2019,15.91,938739,15.88,16.35,15.83
16/10/2019,15.85,1121680,16.31,16.43,15.83
15/10/2019,16.36,1026019,15.68,16.43,15.68
14/10/2019,15.69,1293238,16.5,16.5,15.68
11/10/2019,16.47,1459687,16.32,16.61,16.11
10/10/2019,16.33,1888212,17.26,17.26,16.25
09/10/2019,17.34,842651,17.46,17.5398,16.92
08/10/2019,17.19,1310853,16.76,17.7,16.55
07/10/2019,17.04,1427235,17.27,17.6,16.9105
04/10/2019,17.27,1577780,17.12,17.45,16.6
03/10/2019,16.78,2463664,17.02,17.38,16.52
02/10/2019,17.25,3320994,16.49,17.3,15.51
01/10/2019,16.84,2626406,18.72,18.72,16.62
30/09/2019,18.57,2313431,18.25,18.73,17.5101
27/09/2019,18.24,3290526,19.41,19.7311,18
26/09/2019,19.55,3130886,20.52,20.61,18.71
25/09/2019,20.52,2627705,20.88,21.2,20.1
24/09/2019,20.71,5019945,21.51,22.08,19.67
23/09/2019,20.96,3535511,20.09,21.22,19.58
20/09/2019,19.87,4851169,18.9,20,18.77
19/09/2019,18.75,8525548,20,20.48,18.31
18/09/2019,19.59,4714162,18.83,19.7,18.63
17/09/2019,18.75,3170878,18.45,18.9,18.2
16/09/2019,18.63,9758097,18.6,19.55,18.3
13/09/2019,18,35993740,18,19.41,17.5
