Date,Close,Volume,Open,High,Low,Avg,7MA
29/09/2015,98.35,17392530,99.63,100.63,96.85,0.993,0
01/03/2017,142.65,4167969,142.84,143.26,142.1,0.981,0
02/03/2017,139.53,6114580,142.15,142.7,139.09,0.543,0
06/03/2017,141.94,7111248,141,142.84,140.54,-0.784,0
11/03/2017,#N/A,#N/A,#N/A,#N/A,#N/A,0.798,0
14/03/2017,143.19,4656787,142.95,143.31,141.7,0.778,0
22/03/2017,142.65,6474086,142.545,143.8,140.76,0.543,0.55
24/03/2017,142.02,3545875,142.36,142.8,141.58,-0.626,0.319
03/04/2017,146.92,4604731,146.7,148.005,145.74,0.778,0.29
13/04/2017,142.92,3676127,144.25,144.55,142.76,0.46,0.278
14/04/2017,#N/A,#N/A,#N/A,#N/A,#N/A,-0.805,0.275
22/04/2017,#N/A,#N/A,#N/A,#N/A,#N/A,0.853,0.283
24/04/2017,143.83,4792932,143.61,144.5,143.4,0.543,0.249
27/04/2017,153.08,7706060,150.6,153.49,149.3,-0.083,0.16
11/10/2017,194.95,6438060,195.57,196.2199,193.81,0.997,0.392
28/11/2017,199.18,6975416,195.34,199.68,194.01,0.998,0.423
02/02/2018,267.43,9030600,263,270.62,262.71,0.996,0.5
16/03/2018,318.45,7315268,321.42,324.11,318.37,0.991,0.756
17/04/2018,336.06,33811180,329.66,338.62,323.77,0.995,0.777
14/06/2018,392.87,14549540,384.27,395.03,383.25,0.995,0.841
12/07/2018,413.5,12703940,415.155,416.79,407.8,0.973,0.992
22/10/2018,329.54,17081350,333.1,335.8,320.34,0.995,0.992
29/11/2018,288.75,15016520,282.32,290.49,275.5,0.997,0.992
21/02/2019,356.97,6217185,360.03,362.85,353.88,0.997,0.992
07/03/2019,352.6,6144401,360.16,362.86,350.5,0.997,0.993
08/05/2019,364.37,6571957,367.92,369,361.36,0.997,0.993
24/07/2019,317.94,11961820,310.51,319.99,307.25,-0.883,0.725
26/07/2019,335.78,10847500,328.79,336,327.5,0.974,0.725
29/07/2019,332.7,5782817,335.98,336.4,328.77,-0.883,0.457
01/08/2019,319.5,6563156,324.25,328.58,318.735,-0.073,0.304
02/08/2019,318.83,6280343,317.49,319.41,311.8,0.705,0.262
05/08/2019,307.63,8692485,310.96,313.4179,304.677,-0.883,-0.007
06/08/2019,310.1,6179090,310.58,311.88,305.3,0.069,-0.139
07/08/2019,304.29,9322433,302.56,305,296.8126,0,-0.013
09/08/2019,308.93,5349059,313.74,316.64,305.68,-0.02,-0.155
12/08/2019,310.83,6531722,305.46,312.89,303.24,0.033,-0.024
16/08/2019,302.8,7090757,298.86,303.55,296.27,-0.973,-0.153
19/08/2019,309.38,4951733,306.25,311.75,304.75,-0.883,-0.38
20/08/2019,298.99,7352162,304.57,305,297.6811,0.642,-0.162
21/08/2019,297.81,5689746,301.61,302.88,296.2,0.974,-0.032
23/08/2019,291.44,6331189,295,299.01,290.32,-0.973,-0.171
26/08/2019,294.98,4696982,295.24,296.95,292.5,-0.883,-0.295
27/08/2019,291.03,6314559,294.54,296.77,287.1968,0.937,-0.166
28/08/2019,291.77,3958043,289.47,292.82,287.75,0.494,0.044
30/08/2019,293.75,4447990,298.78,298.94,290.85,0.004,0.171
01/09/2019,#N/A,#N/A,#N/A,#N/A,#N/A,0.947,0.214
02/09/2019,#N/A,#N/A,#N/A,#N/A,#N/A,-0.883,-0.051
04/09/2019,291.52,4653665,291.25,292.38,286.51,-0.01,0.087
05/09/2019,293.25,8972356,285.32,293.97,282.785,0.66,0.307
07/09/2019,#N/A,#N/A,#N/A,#N/A,#N/A,0.921,0.305
09/09/2019,294.34,8232744,294.81,301.55,290.6,-0.504,0.162
10/09/2019,287.99,12320250,291.16,297.17,282.6629,0.974,0.301
12/09/2019,288.86,5010927,288.1,292.73,286.6,0.941,0.3
13/09/2019,294.15,6583124,290.61,296.62,290.04,-0.957,0.289
15/09/2019,#N/A,#N/A,#N/A,#N/A,#N/A,-0.883,0.165
17/09/2019,298.6,4817119,294.5,299.15,291.79,0.884,0.197
20/09/2019,270.75,23954190,280.26,282.5,266,-0.883,-0.061
27/03/2020,357.12,7948775,359.09,368.56,353,0.999,0.154
15/04/2020,426.75,13561220,413,434.98,412.25,0.997,0.157
21/04/2020,433.83,23177550,444.77,447,425.6,0.918,0.154
22/04/2020,421.42,21123770,429.725,433,413,0.635,0.381
23/04/2020,426.7,13952330,419.26,438.413,419.26,0.666,0.602
24/04/2020,424.99,8670362,425,427.17,415.88,0.603,0.562
25/04/2020,#N/A,#N/A,#N/A,#N/A,#N/A,0.954,0.825
27/04/2020,421.38,6277480,425,429,420.84,0.865,0.805
28/04/2020,403.83,10101230,419.99,421,402.9101,0.986,0.804
29/04/2020,411.89,9693137,399.53,415.86,393.6,0.998,0.815
30/04/2020,419.85,7953975,410.31,424.44,408,0.994,0.867
06/05/2020,434.26,6660737,429.3,439.77,426.385,0.991,0.913
07/05/2020,436.53,5650281,436.89,438.88,430.66,1,0.97
13/05/2020,438.27,7014563,435.69,447,427.27,0.949,0.969
21/05/2020,436.25,9117325,448.56,448.96,430.25,0.995,0.988
22/05/2020,429.32,5422334,437,439.09,427.18,0.999,0.989
10/06/2020,434.48,4896893,436,439.69,430.55,0.926,0.979
11/06/2020,425.56,7462868,428.2,445.57,424.1601,0.771,0.947
16/06/2020,436.13,5514016,425.76,437.96,425.18,0.9,0.934
26/06/2020,443.4,6804726,466.39,468.03,442.24,0.997,0.934
29/06/2020,447.24,4843978,445.23,447.67,432.14,0.918,0.929
02/07/2020,476.89,6351485,485.64,492.28,475.5258,0.999,0.93
07/07/2020,493.16,5669870,497.311,504.82,490.83,0.836,0.907
14/07/2020,524.88,15083300,517.08,525.5,490.49,0.995,0.917
15/07/2020,523.26,10066650,516.3,529,510.18,0.984,0.947
04/08/2020,509.64,5607968,498.65,510.4436,498.65,0.974,0.958
18/08/2020,491.87,3505518,484.35,495.3,482.8,-0.599,0.73
25/08/2020,490.58,5727721,488.19,492.47,485.09,0.991,0.74
31/08/2020,529.56,4941409,521.16,531.99,517.58,0.997,0.74
03/09/2020,525.75,9071089,545,554,521.32,-0.763,0.511
04/09/2020,516.05,8270118,520.18,527.36,485.98,0,0.369
09/09/2020,500.19,6848127,519.21,520,492.5743,0.999,0.371
11/09/2020,482.03,5035200,486.485,493.73,476.81,0.995,0.374
23/09/2020,470.61,3726423,491.04,491.04,469,0.993,0.602
01/10/2020,527.51,8153710,506.03,529.55,503.6,0.527,0.535
07/10/2020,534.66,7988683,518,536.49,515.815,-0.843,0.273
18/10/2020,#N/A,#N/A,#N/A,#N/A,#N/A,0.994,0.524
19/10/2020,530.72,7567506,537.07,541.8,525.38,0.999,0.666
20/10/2020,525.42,10047180,528.14,533.78,522.26,0.979,0.663
27/10/2020,488.93,3627175,490.01,490.49,482.93,0.999,0.664
29/10/2020,504.21,11120690,488.5,513.8999,479.34,0.986,0.663
30/10/2020,475.74,7813897,502.01,505.88,472.21,0.999,0.73
09/11/2020,470.5,10419680,485.54,495.85,467.26,0.997,0.993
10/11/2020,480.24,8306142,470.95,484.6,463.41,1,0.994
12/11/2020,486.77,5071155,491,496.52,480.4255,1,0.994
13/11/2020,482.84,3006510,486.77,488.94,477.8,0.999,0.997
14/11/2020,#N/A,#N/A,#N/A,#N/A,#N/A,0.977,0.994
19/11/2020,484.67,2254653,482,487.8,480.47,1,0.996
23/11/2020,476.62,5416571,490.46,491.15,475.84,1,0.996
03/12/2020,497.52,2826116,502.99,508.77,496.04,0.988,0.995
04/12/2020,498.31,3666243,497.5,504.5,493.64,0.69,0.951
05/12/2020,#N/A,#N/A,#N/A,#N/A,#N/A,0.974,0.947
11/12/2020,503.22,3210928,495,503.34,494.85,0.999,0.947
14/12/2020,522.42,5770424,505.44,524.1603,501.18,0.992,0.949
18/12/2020,534.45,4502692,533.2,536.37,526.02,0.976,0.946
21/12/2020,528.91,3893964,530.05,532.62,521.15,0.999,0.945
24/12/2020,513.97,1143952,515.12,519.345,512.2104,0.999,0.947
28/12/2020,519.12,2891867,516.43,523.66,507.13,0.996,0.991
31/12/2020,540.73,5392322,525.53,545.5,523.1502,1,0.994
05/01/2021,520.8,3133872,521.55,526.78,515.89,0.983,0.992
07/01/2021,508.89,3686448,508.28,516.44,506.42,0.992,0.992
12/01/2021,494.25,5990425,500,501.09,485.6701,0.64,0.944
13/01/2021,507.79,5032099,495.5012,512.3542,493.01,-0.811,0.686
14/01/2021,500.86,4177357,507.35,514.5,499.58,1,0.686
15/01/2021,497.98,5895788,500,506.32,495.1,0.986,0.684
16/01/2021,#N/A,#N/A,#N/A,#N/A,#N/A,0.978,0.681
19/01/2021,501.77,12315810,501,509.25,493.5427,0.52,0.615
20/01/2021,586.34,32637450,565.42,593.2877,556.86,0.664,0.568
21/01/2021,579.84,11840630,582.45,588.75,570.4,0.996,0.619
22/01/2021,565.17,7550822,582.1,583.99,564.35,0.992,0.877
24/01/2021,#N/A,#N/A,#N/A,#N/A,#N/A,-0.94,0.599
27/01/2021,523.28,8670277,550.71,556.4187,515.73,0.999,0.601
01/02/2021,539.04,3547507,536.79,545.06,531.73,0.987,0.603
03/02/2021,539.45,3172288,550.17,550.48,538.243,0.982,0.669
04/02/2021,552.16,5164537,539.81,559.48,537.51,1,0.717
05/02/2021,550.79,2376175,552.26,554.44,545.4778,0,0.574
07/02/2021,#N/A,#N/A,#N/A,#N/A,#N/A,1,0.575
11/02/2021,557.59,2730587,564.442,565.93,554.22,0,0.71
12/02/2021,556.52,2197128,556.94,561.2499,550.85,0.998,0.71
13/02/2021,#N/A,#N/A,#N/A,#N/A,#N/A,0.886,0.695
14/02/2021,#N/A,#N/A,#N/A,#N/A,#N/A,1,0.698
17/02/2021,551.34,2071590,550.99,555.25,543.03,0.997,0.697
18/02/2021,548.22,2457604,549,550,538.2265,0.064,0.706
20/02/2021,#N/A,#N/A,#N/A,#N/A,#N/A,1,0.706
22/02/2021,533.78,3078594,534.99,541.79,530.79,0.586,0.79
23/02/2021,546.15,4136532,525.004,548.54,518.28,0.54,0.725
25/02/2021,546.7,4252879,550.27,556.48,535.75,0.92,0.73
26/02/2021,538.85,3755574,546.51,553.09,538,0.894,0.714
27/02/2021,#N/A,#N/A,#N/A,#N/A,#N/A,1,0.715
28/02/2021,#N/A,#N/A,#N/A,#N/A,#N/A,0.997,0.848
01/03/2021,550.64,3042180,545.573,552.14,542,0.812,0.821
02/03/2021,547.82,3042226,553.34,556.99,546.02,0.552,0.816
03/03/2021,520.7,5362443,545.93,548.005,517.81,0.891,0.867
04/03/2021,511.29,5034792,521.5,531.5,507.68,0.793,0.848
05/03/2021,516.39,5069973,511.98,517.76,498.7901,0.998,0.863
06/03/2021,#N/A,#N/A,#N/A,#N/A,#N/A,0.994,0.862
07/03/2021,#N/A,#N/A,#N/A,#N/A,#N/A,0.968,0.858
08/03/2021,493.33,3981758,514.46,518.84,492.85,0.409,0.801
09/03/2021,506.44,3470042,507.31,513.11,503.8221,0.513,0.795
10/03/2021,504.54,3771484,513.5,518.97,504.25,0.226,0.7
11/03/2021,523.06,4714469,512.205,530.235,510.71,0.994,0.729
12/03/2021,518.02,3981743,512.5,526.51,506.59,0.825,0.704
13/03/2021,#N/A,#N/A,#N/A,#N/A,#N/A,0.897,0.69
14/03/2021,#N/A,#N/A,#N/A,#N/A,#N/A,0.934,0.685
15/03/2021,520.25,3485519,516.32,520.729,508.03,0.993,0.769
16/03/2021,524.03,3238888,524.47,533.42,523.21,0.814,0.812
17/03/2021,524.44,2817376,522,528.3654,514.3,0.568,0.861
18/03/2021,504.79,4096606,516.396,517.9,503.85,0.605,0.805
19/03/2021,512.18,4386360,504.96,513.19,501.63,0.447,0.751
20/03/2021,#N/A,#N/A,#N/A,#N/A,#N/A,-0.093,0.61
21/03/2021,#N/A,#N/A,#N/A,#N/A,#N/A,0.999,0.619
22/03/2021,523.11,3360587,509.13,529.31,509.13,0.722,0.58
23/03/2021,535.09,5583461,529.87,543.12,529.4,0.472,0.531
24/03/2021,520.81,4102211,533.78,534.42,520,0.558,0.53
25/03/2021,502.86,4926764,516.99,518.53,497,0.256,0.48
26/03/2021,508.05,3467797,502.82,508.72,496.68,0.644,0.508
27/03/2021,#N/A,#N/A,#N/A,#N/A,#N/A,0.457,0.587
28/03/2021,#N/A,#N/A,#N/A,#N/A,#N/A,0.351,0.494
29/03/2021,513.95,3330049,505.66,518,504.4,0.609,0.478
30/03/2021,513.39,2418129,510.505,514.41,506.91,0.319,0.456
31/03/2021,521.66,3503111,515.675,528.13,515.44,0.508,0.449
01/04/2021,539.42,3938637,529.93,540.5,527.03,0.615,0.5
02/04/2021,#N/A,#N/A,#N/A,#N/A,#N/A,0.39,0.464
03/04/2021,#N/A,#N/A,#N/A,#N/A,#N/A,-0.242,0.364
04/04/2021,#N/A,#N/A,#N/A,#N/A,#N/A,0.606,0.401
05/04/2021,540.67,3355904,540.01,542.85,529.23,0.419,0.374
06/04/2021,544.53,3474205,544.81,554.165,543.3,0.824,0.446
07/04/2021,546.99,2151319,543.5,549.64,541.45,0.31,0.417
08/04/2021,554.58,4309829,551.13,556.899,547.57,0.559,0.409
09/04/2021,555.31,2894034,552.69,556.9,547.11,0.512,0.427
10/04/2021,#N/A,#N/A,#N/A,#N/A,#N/A,0.625,0.551
11/04/2021,#N/A,#N/A,#N/A,#N/A,#N/A,0.998,0.607
12/04/2021,552.78,2944060,551.05,557.98,549.58,0.728,0.651
13/04/2021,553.73,2720344,557,559.75,550.3,0.812,0.649
14/04/2021,540.02,3740294,554.87,554.87,538.53,0.394,0.661
15/04/2021,549.22,3139050,544.17,553.49,542.66,0.755,0.689
16/04/2021,546.54,3209075,550.54,551.98,539.51,0.406,0.674
17/04/2021,#N/A,#N/A,#N/A,#N/A,#N/A,0.449,0.649
18/04/2021,#N/A,#N/A,#N/A,#N/A,#N/A,0.592,0.591
19/04/2021,554.44,4288715,546.9,556.44,545.53,0.619,0.575
20/04/2021,549.57,11257650,554.42,563.56,546.3,0.541,0.537
21/04/2021,508.9,22897450,508,515.46,503.6001,0.205,0.51
22/04/2021,508.78,9061062,513.82,513.96,500.55,0.565,0.482
23/04/2021,505.55,7314659,509.01,509.7,500.7,0.664,0.519
24/04/2021,#N/A,#N/A,#N/A,#N/A,#N/A,0.51,0.528
25/04/2021,#N/A,#N/A,#N/A,#N/A,#N/A,0.586,0.527
26/04/2021,510.3,4388839,506.76,510.48,503,0.583,0.522
27/04/2021,505.55,3761327,512.62,512.99,504.5808,0.562,0.525
28/04/2021,506.52,3192983,505.2,508.395,503.34,0.489,0.566
29/04/2021,509,5127792,507.6,509.29,499,0.703,0.585
30/04/2021,513.47,4413242,505,514.55,505,0.568,0.572
01/05/2021,#N/A,#N/A,#N/A,#N/A,#N/A,0.241,0.533
02/05/2021,#N/A,#N/A,#N/A,#N/A,#N/A,-0.031,0.445
03/05/2021,509.11,4091895,512.65,518.95,505.2,0.492,0.432
04/05/2021,503.18,4349502,510.78,511.63,496.79,0.941,0.486
05/05/2021,496.08,3129366,504.99,507.7843,494.63,0.353,0.467
06/05/2021,499.55,3783698,495.99,499.55,491.37,0.446,0.43
07/05/2021,503.84,3132786,504.62,508.55,501.12,0.578,0.431
08/05/2021,#N/A,#N/A,#N/A,#N/A,#N/A,0.968,0.535
09/05/2021,#N/A,#N/A,#N/A,#N/A,#N/A,0.66,0.634
10/05/2021,486.69,5131632,502,503.15,486.11,0.628,0.653
11/05/2021,495.08,4401000,479.75,497.99,478.63,0.458,0.584
12/05/2021,484.98,4121540,486.83,493.54,482.7,0.214,0.565
13/05/2021,486.66,2716561,489.13,490.775,482.71,0.933,0.634
14/05/2021,493.37,2882464,487.86,494.85,486.59,0.535,0.628
15/05/2021,#N/A,#N/A,#N/A,#N/A,#N/A,0.727,0.594
16/05/2021,#N/A,#N/A,#N/A,#N/A,#N/A,0.957,0.636
17/05/2021,488.94,2701057,485.59,492.71,482.81,0.491,0.616
18/05/2021,486.28,2350496,488.395,493.4778,486.1895,0.615,0.639
19/05/2021,487.7,3349930,481.625,488.57,478.54,0.311,0.653
20/05/2021,501.67,3721218,489.55,502.7,488.975,0.408,0.578
21/05/2021,497.89,3322925,503.12,505.4,497.26,0.364,0.553
22/05/2021,#N/A,#N/A,#N/A,#N/A,#N/A,0.744,0.556
23/05/2021,#N/A,#N/A,#N/A,#N/A,#N/A,0.916,0.55
24/05/2021,502.9,2412595,501.05,504.25,499.51,0.494,0.55
25/05/2021,501.34,2699459,506,506.365,499.22,0.471,0.53
26/05/2021,502.36,2465303,502.34,504.14,500.5,0.546,0.563
27/05/2021,503.86,3253773,501.8,505.1,498.54,0.947,0.64
28/05/2021,502.81,2911297,504.4,511.76,502.53,0.556,0.668
29/05/2021,#N/A,#N/A,#N/A,#N/A,#N/A,0.962,0.699
30/05/2021,#N/A,#N/A,#N/A,#N/A,#N/A,0.842,0.688
31/05/2021,#N/A,#N/A,#N/A,#N/A,#N/A,0.783,0.73
01/06/2021,499.08,2482555,504.01,505.41,497.7443,0.999,0.805
02/06/2021,499.24,2268979,499.82,503.22,495.82,0.962,0.864
03/06/2021,489.43,3887445,495.19,496.66,487.25,0.652,0.822
04/06/2021,494.74,3160487,492,501.86,490.95,0.769,0.853
05/06/2021,#N/A,#N/A,#N/A,#N/A,#N/A,0.273,0.754
06/06/2021,#N/A,#N/A,#N/A,#N/A,#N/A,0.862,0.757
07/06/2021,494.66,2791932,492.917,496.7,490.55,0.861,0.768
08/06/2021,492.39,2374037,497,498.82,489.37,-0.06,0.617
09/06/2021,485.81,3055029,494.5,496.09,484.65,-0.058,0.471
10/06/2021,487.27,4382928,487.165,490.21,482.14,0.63,0.468
11/06/2021,488.77,3123969,490,491.41,487.78,0.547,0.436
12/06/2021,#N/A,#N/A,#N/A,#N/A,#N/A,0.839,0.517
14/06/2021,499.89,4400222,489.68,503.5,486.91,0.96,0.531
15/06/2021,491.9,3104073,501.23,501.23,490.4,0.72,0.511
16/06/2021,492.41,3533206,495,496.46,486.28,0.687,0.618
17/06/2021,498.34,3198273,490.25,501.8,490.15,0.638,0.717
18/06/2021,500.77,5197576,496.4,504.49,495.24,0.639,0.719
20/06/2021,#N/A,#N/A,#N/A,#N/A,#N/A,0.663,0.735
21/06/2021,497,5277297,501.64,502.05,492.28,0.508,0.688
22/06/2021,508.82,5809271,498.54,513.55,495.795,0.84,0.671
23/06/2021,512.74,3944782,508.48,516.63,508.2,0.596,0.653
24/06/2021,518.06,3361202,517.96,520.96,514.4001,0.681,0.652
25/06/2021,527.07,5299072,528.84,533.06,525,0.498,0.632
26/06/2021,#N/A,#N/A,#N/A,#N/A,#N/A,0.606,0.627
27/06/2021,#N/A,#N/A,#N/A,#N/A,#N/A,0.811,0.649
28/06/2021,533.03,2820227,528.12,533.9399,524.56,0.85,0.697
29/06/2021,533.5,2314647,533.55,536.13,528.57,0.488,0.647
30/06/2021,528.21,2773445,534.055,534.38,526.82,0.737,0.667
01/07/2021,533.54,2805402,525.72,537.04,525.72,0.742,0.676
02/07/2021,533.98,1980316,535.5,538.5351,529.39,0.067,0.614
03/07/2021,#N/A,#N/A,#N/A,#N/A,#N/A,0.728,0.632
04/07/2021,#N/A,#N/A,#N/A,#N/A,#N/A,0.677,0.613
05/07/2021,#N/A,#N/A,#N/A,#N/A,#N/A,0.708,0.592
06/07/2021,541.64,2775051,533,542.86,533,0.992,0.664
07/07/2021,535.96,2722498,544.24,544.64,531.66,0.725,0.663
08/07/2021,530.76,3268988,530.93,535.5,529.09,0.304,0.6
09/07/2021,535.98,2777231,531,538.26,528.58,0.709,0.692
10/07/2021,#N/A,#N/A,#N/A,#N/A,#N/A,0.161,0.611
12/07/2021,537.31,1780738,540.3,540.6497,532.92,0.619,0.603
13/07/2021,540.68,2751593,535.76,545.33,535.76,0.794,0.615
14/07/2021,547.95,4659535,541.01,554.1,541.01,0.66,0.567
15/07/2021,542.95,5713873,553.97,557.5399,538.2,0.391,0.52
16/07/2021,530.31,3442101,541.81,544.06,527.05,0.682,0.574
17/07/2021,#N/A,#N/A,#N/A,#N/A,#N/A,0.916,0.603
18/07/2021,#N/A,#N/A,#N/A,#N/A,#N/A,0.624,0.669
19/07/2021,532.28,3885764,526.05,534.913,522.2401,0.55,0.66
20/07/2021,531.05,6930440,526.07,536.64,520.3,0.41,0.605
21/07/2021,513.63,11906790,526.13,530.99,505.61,0.362,0.562
22/07/2021,511.77,4328061,510.206,513.68,507,0.415,0.566
23/07/2021,515.41,3820478,512.16,517.41,504.66,0.304,0.512
24/07/2021,#N/A,#N/A,#N/A,#N/A,#N/A,0.302,0.424
25/07/2021,#N/A,#N/A,#N/A,#N/A,#N/A,0.35,0.385
26/07/2021,516.49,2254538,514.38,521.13,509.0101,0.748,0.413
27/07/2021,518.91,2759037,518.08,521.95,512.05,0.467,0.421
28/07/2021,519.3,2390466,521.82,524.47,516.98,0.716,0.472
29/07/2021,514.25,1736014,519.96,520.7799,513.7927,0.389,0.468
30/07/2021,517.57,2537107,512.69,519.79,510.9642,0.541,0.502
31/07/2021,#N/A,#N/A,#N/A,#N/A,#N/A,0.245,0.494
01/08/2021,#N/A,#N/A,#N/A,#N/A,#N/A,0.21,0.474
02/08/2021,515.15,2096632,519,519.85,510.51,0.64,0.458
03/08/2021,510.82,2579427,514.39,515.63,505.37,0.759,0.5
04/08/2021,517.35,2039374,513,517.98,510.37,0.435,0.46
05/08/2021,524.89,2556687,517.13,525.41,514.02,-0.01,0.403
06/08/2021,520.55,1919798,524,526.84,519.39,0.455,0.391
09/08/2021,519.97,1367782,521.1469,522.6699,517.99,0.609,0.443
10/08/2021,515.84,1960544,520,520.79,512.965,-0.07,0.403
11/08/2021,512.4,1673904,517,519.57,509.77,0.878,0.437
12/08/2021,510.72,1686170,511.86,513,507.2014,0.409,0.387
13/08/2021,515.92,2177736,512.64,521.44,511.51,0.647,0.417
16/08/2021,517.92,2033176,515.24,523.38,512.3,0.742,0.524
17/08/2021,518.91,2309803,515.465,520.79,514.2,0.768,0.569
18/08/2021,521.87,2582046,520,526.38,518.65,0.688,0.58
19/08/2021,543.71,7497292,522.74,548.39,521.87,0.847,0.711
20/08/2021,546.88,3776429,545.09,551.3883,539.1,0.906,0.715
21/08/2021,#N/A,#N/A,#N/A,#N/A,#N/A,0.68,0.754
22/08/2021,#N/A,#N/A,#N/A,#N/A,#N/A,0.824,0.779
23/08/2021,553.33,2602010,545.98,555.55,543.74,0.445,0.737
24/08/2021,553.41,2109525,551.484,555.3141,549.27,0.968,0.765
25/08/2021,547.58,2065621,550.16,552.84,545.45,0.722,0.77
26/08/2021,550.12,1595499,546.16,552.604,545.9,0.735,0.754
27/08/2021,558.92,3252595,551.6,564.17,549.25,0.634,0.715
28/08/2021,#N/A,#N/A,#N/A,#N/A,#N/A,0.226,0.651
29/08/2021,#N/A,#N/A,#N/A,#N/A,#N/A,0,0.533
30/08/2021,566.18,2434839,557.25,567.1648,556.45,0.382,0.524
31/08/2021,569.19,2431886,566.12,569.48,561.611,0.663,0.48
01/09/2021,582.07,5626214,569,591,569,0.508,0.45
02/09/2021,588.55,6184782,583.68,598.7567,583.68,0.624,0.434
03/09/2021,590.53,2684005,585.8,591.8783,583.14,0.591,0.428
04/09/2021,#N/A,#N/A,#N/A,#N/A,#N/A,0,0.395
05/09/2021,#N/A,#N/A,#N/A,#N/A,#N/A,0.574,0.477
06/09/2021,#N/A,#N/A,#N/A,#N/A,#N/A,0.985,0.564
07/09/2021,606.71,5830979,594.69,613.85,593.99,0.493,0.539
08/09/2021,606.05,5424503,603.84,615.6,595.71,0.565,0.547
09/09/2021,597.54,2954214,606.47,609.44,596.55,0.773,0.569
10/09/2021,598.72,3950764,598.16,609.45,593.67,0.729,0.588
12/09/2021,#N/A,#N/A,#N/A,#N/A,#N/A,0.898,0.717
13/09/2021,589.29,3062871,598.57,598.57,582.775,0.465,0.701
14/09/2021,577.76,3456958,584.89,587.28,575.56,-0.308,0.516
15/09/2021,582.87,2755615,578.17,584.62,575.37,0.416,0.505
16/09/2021,586.5,1832028,584.3,587.48,577.72,0.896,0.553
17/09/2021,589.35,4145145,587.85,590.28,580.8501,0.836,0.562
18/09/2021,#N/A,#N/A,#N/A,#N/A,#N/A,0.644,0.55
19/09/2021,#N/A,#N/A,#N/A,#N/A,#N/A,-0.083,0.409
20/09/2021,575.43,3732227,586.79,591.53,568.08,0.765,0.452
21/09/2021,573.14,2250884,578.31,581.88,569.37,0.775,0.607
22/09/2021,590.65,4021845,579.69,595.65,579.69,0.648,0.64
23/09/2021,593.26,2526161,590.79,599.32,589.1301,0.54,0.589
24/09/2021,592.39,2126246,592.5,592.98,583.64,0.504,0.542
25/09/2021,#N/A,#N/A,#N/A,#N/A,#N/A,0.615,0.538
27/09/2021,592.64,2504738,587.95,593.58,576.93,0.511,0.623
28/09/2021,583.85,4431051,589,599.5353,580.16,0.59,0.598
29/09/2021,599.06,6221026,589.01,609.8799,588.01,0.423,0.547
30/09/2021,610.34,6616040,608.05,619,608.05,0.637,0.546
01/10/2021,613.15,4090847,604.24,614.99,597.505,0.696,0.568
02/10/2021,#N/A,#N/A,#N/A,#N/A,#N/A,0.304,0.539
03/10/2021,#N/A,#N/A,#N/A,#N/A,#N/A,0.202,0.48
04/10/2021,603.35,4995932,613.39,626.125,594.68,0.532,0.483
05/10/2021,634.81,9534293,606.94,640.39,606.89,0.4,0.456
06/10/2021,639.1,4580434,628.18,639.8699,626.36,0.52,0.47
07/10/2021,631.85,3556886,642.225,646.84,630.45,0.655,0.473
08/10/2021,632.66,3272093,634.165,643.8,630.86,0.249,0.409
09/10/2021,#N/A,#N/A,#N/A,#N/A,#N/A,0.129,0.384
10/10/2021,#N/A,#N/A,#N/A,#N/A,#N/A,-0.53,0.279
11/10/2021,627.04,2862470,633.195,639.42,626.78,0.4,0.26
12/10/2021,624.94,3227349,633.02,637.655,621.99,0.461,0.269
13/10/2021,629.76,2424638,632.1791,632.1791,622.1,0.368,0.247
14/10/2021,633.8,2672535,632.23,636.88,626.79,0.427,0.215
15/10/2021,628.29,4116874,638,639.42,625.16,0.503,0.251
16/10/2021,#N/A,#N/A,#N/A,#N/A,#N/A,0.618,0.321
17/10/2021,#N/A,#N/A,#N/A,#N/A,#N/A,0.777,0.508
18/10/2021,637.97,4669071,632.1,638.41,620.5901,0.49,0.521
19/10/2021,639,7633147,636.969,641,632.3,0.591,0.539
20/10/2021,625.14,10622000,625.573,637.4,617.15,0.512,0.56
21/10/2021,653.16,8437070,628.89,654.01,628.65,0.534,0.575
22/10/2021,664.78,6186016,651.81,665.46,651.81,0.581,0.586
23/10/2021,#N/A,#N/A,#N/A,#N/A,#N/A,0.622,0.587
24/10/2021,#N/A,#N/A,#N/A,#N/A,#N/A,0.388,0.531
25/10/2021,671.66,3833526,663.74,675.88,657.07,0.684,0.559
26/10/2021,668.52,2904840,673.76,676.4899,662.77,0.574,0.556
27/10/2021,662.92,2276914,669,671.41,661.85,0.896,0.611
28/10/2021,674.05,2859409,670.949,676.8,668.03,0.444,0.598
29/10/2021,690.31,3825279,673.06,690.9699,671.24,0.811,0.631
30/10/2021,#N/A,#N/A,#N/A,#N/A,#N/A,-0.784,0.43
31/10/2021,#N/A,#N/A,#N/A,#N/A,#N/A,0.822,0.492
01/11/2021,681.17,3110911,689.06,689.97,676.54,0.258,0.432
02/11/2021,677.72,3888597,683.11,687.68,673.82,0.327,0.396
03/11/2021,688.29,2334852,677.27,689.39,677.27,0.66,0.363
04/11/2021,668.4,4865023,685.89,685.94,665.5,0.75,0.406
05/11/2021,645.72,5283488,663.97,665.64,645.01,0.504,0.362
06/11/2021,#N/A,#N/A,#N/A,#N/A,#N/A,0.778,0.586
07/11/2021,#N/A,#N/A,#N/A,#N/A,#N/A,0.999,0.611
08/11/2021,651.45,2887523,650.29,656,643.79,0.769,0.684
09/11/2021,655.99,2415630,653.7,660.5,650.52,0.745,0.744
10/11/2021,646.91,2405785,653.01,660.3306,642.11,0.561,0.729
11/11/2021,657.58,2868311,650.24,665.82,649.705,0.392,0.678
12/11/2021,682.61,4198410,660.01,683.34,653.82,0.307,0.65
13/11/2021,#N/A,#N/A,#N/A,#N/A,#N/A,0.552,0.618
14/11/2021,#N/A,#N/A,#N/A,#N/A,#N/A,-0.402,0.418
15/11/2021,679.33,2872186,681.235,685.2599,671.49,0.471,0.375
16/11/2021,687.4,2077387,678.27,688.3599,676.9,0.638,0.36
17/11/2021,691.69,2732831,690,700.9894,686.09,0.572,0.361
18/11/2021,682.02,2014992,691.61,691.74,679.735,0.68,0.403
19/11/2021,678.8,2614852,692.35,694.16,675,0.885,0.485
20/11/2021,#N/A,#N/A,#N/A,#N/A,#N/A,0.468,0.473
21/11/2021,#N/A,#N/A,#N/A,#N/A,#N/A,0.828,0.649
22/11/2021,659.2,2765318,676.02,679.48,656.47,0.313,0.626
23/11/2021,654.06,2320917,658.18,666.43,646.05,0.513,0.608
24/11/2021,658.29,1867282,658.01,661.44,651.1,0.579,0.609
25/11/2021,#N/A,#N/A,#N/A,#N/A,#N/A,-0.032,0.508
26/11/2021,665.64,2872513,675,676.405,660.67,0.012,0.383
29/11/2021,663.84,2529364,663.2,667.99,658.29,0.747,0.423
30/11/2021,641.9,5608919,668.198,675.38,640.01,0.588,0.389
01/12/2021,617.77,3897019,649.48,654.52,617.07,0.679,0.441
02/12/2021,616.47,3331131,617.1,625.36,612.88,0.645,0.46
03/12/2021,602.13,4829282,622.75,625.5,594,0.112,0.393
04/12/2021,#N/A,#N/A,#N/A,#N/A,#N/A,0.53,0.473
05/12/2021,#N/A,#N/A,#N/A,#N/A,#N/A,0.542,0.549
06/12/2021,612.69,3075672,606.01,617.29,601,0.997,0.585
07/12/2021,625.58,3125190,619.83,628.89,611.4,0.545,0.579
08/12/2021,628.08,2220308,630,632.455,623.2,0.654,0.575
09/12/2021,611,2376321,627.58,630.24,610.44,0.998,0.625
10/12/2021,611.66,2748774,616.78,617.74,605.88,0.526,0.685
11/12/2021,#N/A,#N/A,#N/A,#N/A,#N/A,0.008,0.61
12/12/2021,#N/A,#N/A,#N/A,#N/A,#N/A,0.804,0.647
13/12/2021,604.56,2517915,612,612.64,599.52,0.99,0.646
14/12/2021,597.99,2984536,598.71,602.29,588.13,0.568,0.65
15/12/2021,605.04,2866196,598.18,605.69,584.51,0.609,0.643
16/12/2021,591.06,3143217,597.09,602.8308,588,0.649,0.593
17/12/2021,586.73,4433706,591.61,593.25,581.74,0.71,0.62
18/12/2021,#N/A,#N/A,#N/A,#N/A,#N/A,0.942,0.753
20/12/2021,593.74,3358404,586.43,602.8847,584.26,0.608,0.725
21/12/2021,604.92,2319390,597.5434,607.82,593.8611,0.864,0.707
22/12/2021,614.24,2335745,603.36,614.82,602.63,0.59,0.71
23/12/2021,614.09,1621146,616.4,616.88,607.57,0.526,0.698
24/12/2021,#N/A,#N/A,#N/A,#N/A,#N/A,1,0.749
25/12/2021,#N/A,#N/A,#N/A,#N/A,#N/A,0.951,0.783
26/12/2021,#N/A,#N/A,#N/A,#N/A,#N/A,0.944,0.783
27/12/2021,613.12,2062233,615,615,609.25,0.416,0.756
28/12/2021,610.71,1884116,614.95,618.41,609.69,0.677,0.729
29/12/2021,610.54,1287513,610.71,613.98,604.68,0.586,0.729
30/12/2021,612.09,1625093,612.99,620.61,611.2401,0.646,0.746
03/01/2022,597.37,3068808,605.61,609.99,590.56,0.771,0.713
04/01/2022,591.15,4393135,599.91,600.4099,581.6,0.174,0.602
05/01/2022,567.52,4148749,592,592.84,566.88,0.79,0.58
06/01/2022,553.29,5711795,554.34,563.36,542.01,0.57,0.602
07/01/2022,541.06,3382873,549.46,553.43,538.2175,0.59,0.59
08/01/2022,#N/A,#N/A,#N/A,#N/A,#N/A,0.66,0.6
10/01/2022,539.85,4486145,538.49,543.69,526.32,0.754,0.616
11/01/2022,540.84,3077836,536.99,543.91,530.07,0.556,0.585
12/01/2022,537.22,3787372,544.27,544.27,532.02,0.577,0.642
13/01/2022,519.2,4475063,537.06,540.79,518.26,0.781,0.641
14/01/2022,525.69,7861109,517.6,538.37,511.88,0.715,0.662
15/01/2022,#N/A,#N/A,#N/A,#N/A,#N/A,0.671,0.673
16/01/2022,#N/A,#N/A,#N/A,#N/A,#N/A,0.541,0.656
17/01/2022,#N/A,#N/A,#N/A,#N/A,#N/A,0.416,0.608
18/01/2022,510.8,4844418,520.08,521.75,508.68,0.583,0.612
19/01/2022,515.86,4353508,515,523.21,510.51,0.686,0.628
20/01/2022,508.25,12658990,517.75,526.64,506.93,0.407,0.574
21/01/2022,397.5,58904270,400.425,409.1499,379.99,0.216,0.503
22/01/2022,#N/A,#N/A,#N/A,#N/A,#N/A,0.294,0.449
23/01/2022,#N/A,#N/A,#N/A,#N/A,#N/A,0.656,0.465
24/01/2022,387.15,32386780,383.91,387.26,351.46,0.246,0.441
25/01/2022,366.42,15145820,379.14,387.71,365.13,0.742,0.464
26/01/2022,359.7,12683980,378.27,382.66,356.62,0.515,0.439
27/01/2022,386.7,24324750,382.06,394.8,378.1,0.484,0.45
28/01/2022,384.36,11966610,386.76,387,372.08,0.423,0.48
29/01/2022,#N/A,#N/A,#N/A,#N/A,#N/A,0.265,0.476
30/01/2022,#N/A,#N/A,#N/A,#N/A,#N/A,0.588,0.466
31/01/2022,427.14,20047450,401.97,427.7,398.2,0.414,0.49
01/02/2022,457.13,22568100,432.96,458.48,425.5401,0.614,0.472
02/02/2022,429.48,14346010,448.25,451.98,426.48,0.733,0.503
03/02/2022,405.6,9905210,421.44,429.26,404.28,0.539,0.511
04/02/2022,410.17,7789798,407.31,412.77,396.6391,0.52,0.525
05/02/2022,#N/A,#N/A,#N/A,#N/A,#N/A,0.475,0.555
06/02/2022,#N/A,#N/A,#N/A,#N/A,#N/A,-0.241,0.436
07/02/2022,402.1,8232859,410.17,412.35,393.55,0.562,0.457
08/02/2022,403.53,6818543,398.18,406.61,395.83,0.642,0.461
09/02/2022,412.89,7738227,408.65,412.98,398.79,0.41,0.415
10/02/2022,406.27,8452915,402.1,408,396.36,0.577,0.421
11/02/2022,391.31,7558939,405.33,411.6103,387.65,0.431,0.408
12/02/2022,#N/A,#N/A,#N/A,#N/A,#N/A,0.435,0.402
13/02/2022,#N/A,#N/A,#N/A,#N/A,#N/A,0.834,0.556
14/02/2022,396.57,7202155,387.59,409.36,386.891,0.617,0.564
15/02/2022,407.46,5395641,403.79,409.1619,401.01,0.373,0.525
16/02/2022,398.08,5277650,401.53,401.56,390.3842,0.224,0.499
17/02/2022,386.67,4669222,394.235,399.11,385.7,0.984,0.557
18/02/2022,391.29,6801668,392.53,402.87,389.0466,0.412,0.554
20/02/2022,#N/A,#N/A,#N/A,#N/A,#N/A,0.664,0.587
21/02/2022,#N/A,#N/A,#N/A,#N/A,#N/A,0.998,0.61
22/02/2022,377.38,6697515,388.95,392.42,373.02,0.686,0.62
23/02/2022,367.46,4614290,382.72,386,366.66,0.549,0.645
24/02/2022,390.03,7068724,355.09,390.73,354.72,0.408,0.672
25/02/2022,390.8,4841636,386.61,391.29,375.58,0.724,0.634
26/02/2022,#N/A,#N/A,#N/A,#N/A,#N/A,-0.092,0.562
27/02/2022,#N/A,#N/A,#N/A,#N/A,#N/A,0.646,0.56
28/02/2022,394.52,5035046,387.33,397.75,382.13,0.13,0.436
01/03/2022,386.24,3290439,391.6,395,383.705,0.128,0.356
02/03/2022,380.03,5356809,388.93,389.22,375.21,0.472,0.345
03/03/2022,368.07,6076836,386,386.12,364.65,0.301,0.33
04/03/2022,361.73,5329180,368,374.8186,357.17,0.303,0.27
05/03/2022,#N/A,#N/A,#N/A,#N/A,#N/A,0.979,0.423
06/03/2022,#N/A,#N/A,#N/A,#N/A,#N/A,-0.715,0.228
07/03/2022,350.26,5708383,360.41,361.995,350.2,-0.165,0.186
08/03/2022,341.76,6428655,349.8,358.86,340.67,0.368,0.22
09/03/2022,358.79,6520186,357.685,364.14,350.5089,0.488,0.223
10/03/2022,356.77,4807767,356.2,367.02,353.3,0.593,0.264
11/03/2022,340.32,4819925,361.19,363.36,340,0.859,0.344
13/03/2022,#N/A,#N/A,#N/A,#N/A,#N/A,0.718,0.307
14/03/2022,331.01,5907817,338.72,341.32,329.82,0.114,0.425
15/03/2022,343.75,5460640,335.1,345.36,332.36,0.471,0.516
16/03/2022,357.53,6982469,348.2,359.99,343.06,0.547,0.541
17/03/2022,371.4,5818348,359.7,373.31,354.88,0.574,0.554
18/03/2022,380.6,8324825,372,381.8,368.47,0.992,0.611
19/03/2022,#N/A,#N/A,#N/A,#N/A,#N/A,0.27,0.527
20/03/2022,#N/A,#N/A,#N/A,#N/A,#N/A,0.762,0.533
21/03/2022,374.59,4866463,378.02,381.82,368.94,0.402,0.574
22/03/2022,382.92,4242762,371.14,386.66,366.76,0.228,0.539
23/03/2022,374.49,3728954,379.77,382.46,374.49,0.527,0.536
24/03/2022,375.71,3888461,379.76,379.76,368.9,0.482,0.523
25/03/2022,373.85,3575953,377.07,377.64,366.43,0.4,0.439
26/03/2022,#N/A,#N/A,#N/A,#N/A,#N/A,0.479,0.469
27/03/2022,#N/A,#N/A,#N/A,#N/A,#N/A,0.538,0.437
28/03/2022,378.51,4323435,375.23,380.28,366.73,0.761,0.488
29/03/2022,391.82,5880723,384.39,396.5,380.33,0.535,0.532
30/03/2022,381.47,4023301,389.55,392.7,378.625,0.618,0.545
31/03/2022,374.59,4134720,383.59,384,373.61,0.447,0.54
01/04/2022,373.47,4644237,376.8,380.87,368.5,0.614,0.57
02/04/2022,#N/A,#N/A,#N/A,#N/A,#N/A,0.997,0.644
03/04/2022,#N/A,#N/A,#N/A,#N/A,#N/A,0.02,0.57
04/04/2022,391.5,7009235,373.55,396.02,373.13,0.995,0.604
05/04/2022,380.15,4234508,389.3,390,377.305,0.453,0.592
06/04/2022,368.35,4354885,374.15,376.4699,362.73,0.909,0.634
07/04/2022,362.15,4948909,365,368.54,353.6897,0.372,0.623
08/04/2022,355.88,4025183,361.96,362.5,354.865,0.697,0.635
09/04/2022,#N/A,#N/A,#N/A,#N/A,#N/A,0.178,0.518
11/04/2022,348,3777096,350,354.78,345.2,0.551,0.594
12/04/2022,344.1,3824261,355.91,359.41,342.25,0.529,0.527
13/04/2022,350.43,3230950,343.92,352,341.155,0.286,0.503
14/04/2022,341.13,4343837,350.95,352,339.86,0.445,0.437
15/04/2022,#N/A,#N/A,#N/A,#N/A,#N/A,0.507,0.456
16/04/2022,#N/A,#N/A,#N/A,#N/A,#N/A,0.676,0.453
17/04/2022,#N/A,#N/A,#N/A,#N/A,#N/A,0.16,0.451
18/04/2022,337.86,5105041,340,342.36,331.615,0.422,0.432
19/04/2022,348.61,20906890,333.22,351.68,333.22,0.407,0.415
20/04/2022,226.19,133387500,245.2,248.7,212.51,0.278,0.414
21/04/2022,218.22,53501600,220,227.68,211.52,0.285,0.391
22/04/2022,215.52,37515130,220.18,226.27,210.05,0.311,0.363
24/04/2022,#N/A,#N/A,#N/A,#N/A,#N/A,0.54,0.343
25/04/2022,209.91,28152050,213.81,216.66,204.51,0.409,0.379
26/04/2022,198.4,20318090,208.8,209.15,198.2773,0.403,0.376
27/04/2022,188.54,22298390,194.005,200.19,187.77,0.211,0.348
28/04/2022,199.52,21363160,191.56,201.48,185.6,0.231,0.341
29/04/2022,190.36,16391890,198.68,204.71,190,0.639,0.392
30/04/2022,#N/A,#N/A,#N/A,#N/A,#N/A,-0.045,0.341
01/05/2022,#N/A,#N/A,#N/A,#N/A,#N/A,0.488,0.334
02/05/2022,199.46,14591600,191.71,200.2141,190.01,0.359,0.327
03/05/2022,199.87,11839430,198.29,203.2,194.77,0.427,0.33
04/05/2022,204.01,12218780,197.65,204.38,191.01,0.348,0.35
05/05/2022,188.32,13971330,200.45,200.71,186,0.492,0.387
06/05/2022,180.97,17185480,186.75,187.21,175.81,0.455,0.361
07/05/2022,#N/A,#N/A,#N/A,#N/A,#N/A,0.276,0.406
08/05/2022,#N/A,#N/A,#N/A,#N/A,#N/A,0.615,0.425
09/05/2022,173.1,14031330,177.655,183.2,172.3,0.472,0.441
10/05/2022,177.66,13883910,176.01,181.8712,170.57,0.329,0.427
11/05/2022,166.37,12665520,176.09,180.92,165.55,0.305,0.421
12/05/2022,174.31,17662120,163.96,177.58,162.71,0.339,0.399
13/05/2022,187.64,13136330,177.16,187.77,176.01,0.564,0.414
14/05/2022,#N/A,#N/A,#N/A,#N/A,#N/A,0.699,0.475
15/05/2022,#N/A,#N/A,#N/A,#N/A,#N/A,0.092,0.4
16/05/2022,186.51,16145010,193.3,195.89,185.7,0.403,0.39
17/05/2022,190.56,9876685,189.17,191.4,185.17,0.352,0.393
18/05/2022,177.19,9665632,186.72,187.7,176.27,0.696,0.449
19/05/2022,183.48,10448510,178.045,186.3,175.71,0.504,0.473
20/05/2022,186.35,10429400,185.867,190.19,179.77,0.731,0.497
21/05/2022,#N/A,#N/A,#N/A,#N/A,#N/A,0.18,0.423
22/05/2022,#N/A,#N/A,#N/A,#N/A,#N/A,0.811,0.525
23/05/2022,187.44,9602027,186.15,187.66,177.89,0.951,0.604
24/05/2022,180.34,7706372,182,184,177.17,0.676,0.65
25/05/2022,187.83,8522092,180.28,188.87,180.17,0.725,0.654
26/05/2022,191.4,8049933,186.49,192.3402,183.0916,0.72,0.685
27/05/2022,195.19,8585987,193.19,195.25,190.3722,0.523,0.655
28/05/2022,#N/A,#N/A,#N/A,#N/A,#N/A,0.992,0.771
29/05/2022,#N/A,#N/A,#N/A,#N/A,#N/A,0.169,0.679
30/05/2022,#N/A,#N/A,#N/A,#N/A,#N/A,0.501,0.615
31/05/2022,197.44,11398460,196.18,199.95,190.8,0.59,0.603
01/06/2022,192.91,8416151,198.7,202.74,191.6606,0.364,0.551
02/06/2022,205.09,9623121,192.02,205.47,191.72,0.401,0.506
03/06/2022,198.98,7191775,200.14,202.95,198.05,0.386,0.486
04/06/2022,#N/A,#N/A,#N/A,#N/A,#N/A,0.618,0.433
05/06/2022,#N/A,#N/A,#N/A,#N/A,#N/A,0.062,0.417
06/06/2022,197.14,5372043,202.09,203.87,195.38,0.607,0.433
07/06/2022,198.61,4839491,194.87,199.6,193,0.551,0.427
08/06/2022,202.83,7244121,197.95,207.38,197.64,0.492,0.445
09/06/2022,192.77,6948967,200.65,201.69,192.54,0.565,0.469
10/06/2022,182.94,13074280,182.64,185.86,180.85,0.265,0.451
11/06/2022,#N/A,#N/A,#N/A,#N/A,#N/A,0.375,0.417
12/06/2022,#N/A,#N/A,#N/A,#N/A,#N/A,0.863,0.531
13/06/2022,169.69,10222410,177.07,179.09,168.9571,0.393,0.501
14/06/2022,167.54,11555320,169.75,172.0622,164.28,0.607,0.509
15/06/2022,180.11,12396040,169.258,183.845,168.53,0.57,0.52
16/06/2022,173.35,8201306,174,176.27,171.56,0.543,0.517
17/06/2022,175.51,12133370,173.63,179.65,173.34,0.553,0.558
18/06/2022,#N/A,#N/A,#N/A,#N/A,#N/A,0.654,0.598
19/06/2022,#N/A,#N/A,#N/A,#N/A,#N/A,0.856,0.597
20/06/2022,#N/A,#N/A,#N/A,#N/A,#N/A,0.532,0.616
21/06/2022,170.91,12177590,177.6,178.6189,169.8,0.744,0.636
22/06/2022,178.89,12010620,170.75,182.82,170.2,0.795,0.668
23/06/2022,181.71,9538226,180.5,182.76,175.87,0.177,0.616
24/06/2022,190.85,12423970,183.5,191.19,181.84,0.511,0.61
25/06/2022,#N/A,#N/A,#N/A,#N/A,#N/A,0.427,0.577
26/06/2022,#N/A,#N/A,#N/A,#N/A,#N/A,0.922,0.587
27/06/2022,189.14,8363879,191.77,191.78,182.39,0.367,0.563
28/06/2022,179.6,7201897,189.2,192.2,179.37,0.862,0.58
29/06/2022,178.36,5766847,179.55,180.665,175.1,0.563,0.547
30/06/2022,174.87,7894710,177.07,179.45,170.3,0.372,0.575
01/07/2022,179.95,5201583,176.49,180.1,174.27,0.32,0.548
02/07/2022,#N/A,#N/A,#N/A,#N/A,#N/A,0.473,0.554
03/07/2022,#N/A,#N/A,#N/A,#N/A,#N/A,-0.802,0.308
04/07/2022,#N/A,#N/A,#N/A,#N/A,#N/A,0.998,0.398
05/07/2022,185.88,7339023,176.28,185.92,172.6801,0.109,0.29
06/07/2022,184.06,5753385,185.2,186.22,180.82,0.562,0.29
07/07/2022,189.27,6334545,184.27,190.21,183.5,0.475,0.305
08/07/2022,186.975,5835680,186.02,189.91,182.75,0.334,0.307
09/07/2022,#N/A,#N/A,#N/A,#N/A,#N/A,0.585,0.323
10/07/2022,#N/A,#N/A,#N/A,#N/A,#N/A,0.341,0.486
11/07/2022,177.34,6048447,184.73,184.99,176.89,0.302,0.387
12/07/2022,174.45,6845264,177.33,179.7839,173.42,0.317,0.417
13/07/2022,176.56,12734420,170.5,179.18,169.702,0.548,0.415
14/07/2022,174.78,9039457,175.56,177.52,171.82,0.287,0.388
15/07/2022,189.11,16319120,175.58,189.22,174.56,0.185,0.366
16/07/2022,#N/A,#N/A,#N/A,#N/A,#N/A,0.305,0.326
17/07/2022,#N/A,#N/A,#N/A,#N/A,#N/A,0.466,0.344
18/07/2022,190.92,16322850,192.5,199.67,189.8,0.38,0.355
19/07/2022,201.63,28178720,193.02,201.97,188.4,0.359,0.361
20/07/2022,216.44,53920270,208.17,216.9699,200.1,0.224,0.315
21/07/2022,223.88,23430120,214.3,224.32,211.5,0.566,0.355
22/07/2022,220.44,17805450,222.38,229.35,218.44,0.464,0.395
23/07/2022,#N/A,#N/A,#N/A,#N/A,#N/A,0.42,0.411
24/07/2022,#N/A,#N/A,#N/A,#N/A,#N/A,0.252,0.381
25/07/2022,218.51,10935250,221.31,225.23,216.35,0.194,0.354
26/07/2022,213.91,9508532,216.66,219.39,211.64,0.479,0.371
27/07/2022,226.75,10508390,216.48,227.78,214.58,0.226,0.372
28/07/2022,226.02,8972738,224.6,228.1,219.67,0.783,0.403
29/07/2022,224.9,9064937,223.29,230.75,222.4,0.479,0.405
30/07/2022,#N/A,#N/A,#N/A,#N/A,#N/A,0.509,0.417
31/07/2022,#N/A,#N/A,#N/A,#N/A,#N/A,-0.211,0.351
01/08/2022,226.21,5525044,223.095,228.39,221,0.758,0.432
02/08/2022,221.42,6361327,222.76,228.2,220.88,0.645,0.456
03/08/2022,226.73,6400701,224.79,228.1,222.42,0.338,0.472
04/08/2022,229.91,7142741,227.68,232.07,225.05,0.432,0.421
05/08/2022,226.78,5539733,225.3,228.62,222.87,0.488,0.423
06/08/2022,#N/A,#N/A,#N/A,#N/A,#N/A,-0.102,0.335
07/08/2022,#N/A,#N/A,#N/A,#N/A,#N/A,0.798,0.48
08/08/2022,233.49,10997410,227.49,241.9599,226.41,0.488,0.441
09/08/2022,229.94,6181194,231.62,232.1999,224.65,0.648,0.441
10/08/2022,244.11,9254760,236.99,244.54,236.5958,0.065,0.402
11/08/2022,242.7,8780062,244.68,251.62,241.51,0.466,0.407
12/08/2022,249.3,6098531,244.81,249.41,243.76,0.678,0.434
13/08/2022,#N/A,#N/A,#N/A,#N/A,#N/A,0.586,0.533
14/08/2022,#N/A,#N/A,#N/A,#N/A,#N/A,-0.103,0.404
15/08/2022,249.11,6527391,248.11,251.99,247.51,0.564,0.415
16/08/2022,245.69,5136806,247.16,249.29,244.03,0.297,0.365
17/08/2022,241.15,5627224,241.18,244.24,237.56,0.586,0.439
18/08/2022,245.17,5280387,241.96,246.4794,239.2801,0.378,0.427
19/08/2022,241.16,7504707,240.95,243.29,235.68,0.455,0.395
20/08/2022,#N/A,#N/A,#N/A,#N/A,#N/A,0.602,0.397
21/08/2022,#N/A,#N/A,#N/A,#N/A,#N/A,0.422,0.472
22/08/2022,226.54,8630094,232.55,233.475,224.59,0.36,0.443
23/08/2022,224.55,5276945,226.46,229.9,224.3,0.733,0.505
24/08/2022,229.61,5426316,225.66,234.1,223.94,0.622,0.51
25/08/2022,233.98,3766867,230.24,234.16,229,0.303,0.5
26/08/2022,223.28,5349848,233.625,236.95,223.15,0.523,0.509
27/08/2022,#N/A,#N/A,#N/A,#N/A,#N/A,0.328,0.47
28/08/2022,#N/A,#N/A,#N/A,#N/A,#N/A,0.363,0.462
29/08/2022,224.57,7109397,221.93,229.87,221.52,0.447,0.474
30/08/2022,220.65,5740434,226.66,229.79,218.74,0.494,0.44
31/08/2022,223.56,8615906,227,233.8787,223.43,0.52,0.425
01/09/2022,230.04,7292917,220.72,230.37,219.47,0.188,0.409
02/09/2022,226.11,8164883,231.03,233.8814,225.04,0.28,0.374
03/09/2022,#N/A,#N/A,#N/A,#N/A,#N/A,0.157,0.35
05/09/2022,#N/A,#N/A,#N/A,#N/A,#N/A,0.959,0.435
06/09/2022,218.39,7469016,225.59,226.85,214.69,0.224,0.403
07/09/2022,228.96,8149329,220.21,229.33,218.2681,0.36,0.384
08/09/2022,227.44,6737436,224.16,228.735,221.3,0.578,0.392
09/09/2022,233.57,6702060,229.62,234.7799,229.62,0.454,0.43
10/09/2022,#N/A,#N/A,#N/A,#N/A,#N/A,0.478,0.459
11/09/2022,#N/A,#N/A,#N/A,#N/A,#N/A,0.713,0.538
12/09/2022,236.53,6047425,233.61,239.49,233.37,0.768,0.511
13/09/2022,218.13,8000128,226.5,227.69,217.72,0.744,0.585
14/09/2022,224.12,8230340,219.82,228,215.8,0.36,0.585
15/09/2022,235.38,19454120,230.47,242.2871,229.1,0.705,0.603
16/09/2022,240.13,18914180,231.22,241.355,227.83,0.613,0.626
17/09/2022,#N/A,#N/A,#N/A,#N/A,#N/A,0.55,0.636
18/09/2022,#N/A,#N/A,#N/A,#N/A,#N/A,-0.36,0.483
19/09/2022,243.63,17912370,245.05,245.25,235.75,0.601,0.459
20/09/2022,242.85,16037430,240.37,250.49,239.66,0.799,0.467
21/09/2022,236.87,9166772,242.67,248.2999,236.68,0.653,0.509
22/09/2022,237.05,10017970,235.35,240.5,231.66,0.266,0.446
23/09/2022,226.41,11207230,235.14,236.4499,221.43,0.572,0.44
24/09/2022,#N/A,#N/A,#N/A,#N/A,#N/A,0.948,0.497
25/09/2022,#N/A,#N/A,#N/A,#N/A,#N/A,0,0.548
26/09/2022,224.07,8234285,225.6,232.7,223.01,0.584,0.546
27/09/2022,224.36,7762223,228.63,230.64,220.72,0.718,0.534
28/09/2022,245.2,17579670,229.69,246.65,227.38,0.439,0.504
29/09/2022,239.71,18994940,241.61,246.98,235.68,0.486,0.535
30/09/2022,235.44,11848610,237,242.44,233.26,0.618,0.542
01/10/2022,#N/A,#N/A,#N/A,#N/A,#N/A,0.897,0.535
02/10/2022,#N/A,#N/A,#N/A,#N/A,#N/A,-0.103,0.52
03/10/2022,239.04,8657443,237.85,241.54,232.85,0.566,0.517
04/10/2022,240.74,13925850,244.84,245.7999,233.25,0.645,0.507
05/10/2022,236.73,10825630,238.76,241.59,227.38,0.483,0.513
06/10/2022,240.02,9188940,236.68,244.28,233.9101,0.533,0.52
07/10/2022,224.75,9806128,235.77,237.33,224.28,0.568,0.513
08/10/2022,#N/A,#N/A,#N/A,#N/A,#N/A,0.926,0.517
09/10/2022,#N/A,#N/A,#N/A,#N/A,#N/A,0.742,0.638
10/10/2022,229.98,9991145,225.64,233.83,224.23,0.46,0.622
11/10/2022,214.29,15282410,226.05,230.44,213.7,0.497,0.601
12/10/2022,220.87,12952640,214.3,223.67,212.64,0.684,0.63
13/10/2022,232.51,17505010,212.69,234.47,211.73,0.397,0.611
14/10/2022,230,15293400,237.8,238.8,229.51,0.4,0.587
15/10/2022,#N/A,#N/A,#N/A,#N/A,#N/A,0.042,0.46
16/10/2022,#N/A,#N/A,#N/A,#N/A,#N/A,0.188,0.381
17/10/2022,245.1,21057820,234.41,249.9221,234.4,0.448,0.379
18/10/2022,240.86,25776730,249.8,250.37,237.73,0.568,0.39
19/10/2022,272.38,46685260,265,279.3,262.66,0.535,0.368
20/10/2022,268.16,17207100,272.78,278.3755,266.38,0.405,0.369
21/10/2022,289.57,24889060,268.95,290.75,265.68,0.449,0.376
22/10/2022,#N/A,#N/A,#N/A,#N/A,#N/A,0.402,0.428
23/10/2022,#N/A,#N/A,#N/A,#N/A,#N/A,0.02,0.404
24/10/2022,282.45,13326420,290.23,290.49,280.36,0.6,0.426
25/10/2022,291.02,15100720,286.95,297.59,285.5501,0.596,0.43
26/10/2022,298.62,15749250,290.04,305.63,288.04,0.354,0.404
27/10/2022,296.94,14612590,298.33,305.21,294.78,0.422,0.406
28/10/2022,295.72,9960547,297.7,301.19,292.2924,0.315,0.387
29/10/2022,#N/A,#N/A,#N/A,#N/A,#N/A,0.437,0.392
30/10/2022,#N/A,#N/A,#N/A,#N/A,#N/A,0.439,0.452
31/10/2022,291.88,7505133,295.13,297.6199,289.5,0.308,0.41
01/11/2022,286.75,6916424,296.17,299.7,286.42,0.474,0.393
02/11/2022,273,10367620,286.4,287.33,272.84,0.217,0.373
03/11/2022,269.06,7057350,271.25,276.29,268.8,0.188,0.34
04/11/2022,260.79,11124690,272.02,274.97,255.32,0.556,0.374
05/11/2022,#N/A,#N/A,#N/A,#N/A,#N/A,0,0.312
06/11/2022,#N/A,#N/A,#N/A,#N/A,#N/A,0.436,0.311
07/11/2022,258.6,7927033,261.06,261.155,252.09,0.332,0.315
08/11/2022,263.46,7683826,259.92,266.08,256.8801,0.502,0.319
09/11/2022,254.66,7265994,259.66,260.9,254.2202,0.594,0.373
10/11/2022,274.97,9667323,265.99,275.36,260.0901,0.465,0.412
11/11/2022,290.13,9573834,274.47,290.66,271.5577,-0.078,0.322
12/11/2022,#N/A,#N/A,#N/A,#N/A,#N/A,0.103,0.336
13/11/2022,#N/A,#N/A,#N/A,#N/A,#N/A,-0.086,0.262
14/11/2022,299.27,17973400,290,311,288.19,0.401,0.272
15/11/2022,310.2,14626930,309.2,312.71,302.55,0.568,0.281
16/11/2022,306.02,8038556,309.94,310.49,303.61,0.849,0.317
17/11/2022,295.28,9838220,294.72,299.82,291,0.758,0.359
18/11/2022,287.98,8400108,297.33,298,287,0.397,0.427
19/11/2022,#N/A,#N/A,#N/A,#N/A,#N/A,0.538,0.489
20/11/2022,#N/A,#N/A,#N/A,#N/A,#N/A,-0.234,0.468
21/11/2022,285.05,7256507,291,291.87,282.66,0.317,0.456
22/11/2022,286.69,6245119,284.99,286.98,277.34,0.946,0.51
23/11/2022,291.5,5918988,285.91,292.47,283.76,0.75,0.496
24/11/2022,#N/A,#N/A,#N/A,#N/A,#N/A,0.995,0.53
25/11/2022,285.54,3235953,289,289.21,284.17,0.96,0.61
26/11/2022,#N/A,#N/A,#N/A,#N/A,#N/A,0.999,0.676
27/11/2022,#N/A,#N/A,#N/A,#N/A,#N/A,0.598,0.795
28/11/2022,281.17,4707049,284,289.55,280.53,0.899,0.878
29/11/2022,280.96,5786874,282.5,282.96,275.94,0.858,0.866
30/11/2022,305.53,16070120,281.37,308.26,280.41,0.675,0.855
01/12/2022,316.95,14664870,303.99,319.8,303.03,0.224,0.745
02/12/2022,320.41,12690600,310.49,321.99,310,0.144,0.628
03/12/2022,#N/A,#N/A,#N/A,#N/A,#N/A,0.596,0.571
04/12/2022,#N/A,#N/A,#N/A,#N/A,#N/A,0.193,0.513
05/12/2022,312.59,8423029,316.46,322.77,310.92,0.027,0.388
06/12/2022,305.56,7195395,311,313.2231,303.13,0.761,0.374
07/12/2022,308.42,7821634,306.5,309.61,302.1,0.995,0.42
08/12/2022,310.26,7205326,309.11,312.38,304.8098,0.263,0.426
09/12/2022,320.01,14364030,321.45,329,319.52,0.482,0.474
10/12/2022,#N/A,#N/A,#N/A,#N/A,#N/A,0.587,0.473
11/12/2022,#N/A,#N/A,#N/A,#N/A,#N/A,0.343,0.494
12/12/2022,315.18,10148610,320,323.18,308.85,-0.214,0.46
13/12/2022,320.34,10756430,328,332.7236,317.199,0.434,0.413
14/12/2022,317.83,7543291,318.97,324.71,314.42,0.532,0.347
15/12/2022,290.41,17724560,302.12,303.39,286.55,0.271,0.348
16/12/2022,290.71,14080050,288.76,294.7199,288.7,0.616,0.367
17/12/2022,#N/A,#N/A,#N/A,#N/A,#N/A,-0.121,0.266
18/12/2022,#N/A,#N/A,#N/A,#N/A,#N/A,0.25,0.253
19/12/2022,288.3,6163667,289.73,292.25,286.13,0.831,0.402
20/12/2022,288.19,6918114,281.24,289.28,280.81,0.62,0.428
21/12/2022,297.96,6376173,289.99,300.66,286.5,0.148,0.374
22/12/2022,297.75,7856192,298.09,298.88,290.8131,0.481,0.404
23/12/2022,294.965,4251108,296.18,298.4614,291.91,0.571,0.397
24/12/2022,#N/A,#N/A,#N/A,#N/A,#N/A,0.102,0.429
25/12/2022,#N/A,#N/A,#N/A,#N/A,#N/A,0.764,0.502
26/12/2022,#N/A,#N/A,#N/A,#N/A,#N/A,0.49,0.454
27/12/2022,284.17,5778098,293.19,293.57,282.13,0.491,0.435
28/12/2022,276.88,5964369,281.92,285.19,273.41,0.725,0.518
29/12/2022,291.12,9588527,283.18,295.4999,281.01,0.404,0.507
30/12/2022,294.88,7566892,285.53,295.01,283.22,0.707,0.526
31/12/2022,#N/A,#N/A,#N/A,#N/A,#N/A,0.402,0.569
01/01/2023,#N/A,#N/A,#N/A,#N/A,#N/A,0.869,0.584
02/01/2023,#N/A,#N/A,#N/A,#N/A,#N/A,0.517,0.588
03/01/2023,294.95,6763964,298.06,298.39,288.7,0.388,0.573
04/01/2023,309.41,9345054,298.24,311.135,295.51,0.871,0.594
05/01/2023,309.7,8328390,307,314.18,304.545,0.221,0.568
06/01/2023,315.55,8959839,311.57,316.77,303.69,0.581,0.55
08/01/2023,#N/A,#N/A,#N/A,#N/A,#N/A,-0.194,0.465
09/01/2023,315.17,6766628,316.83,321.7,313.22,0.18,0.366
10/01/2023,327.54,13072290,311.07,329.35,311.07,0.543,0.37
11/01/2023,327.26,9579681,326.5,328.88,321.35,0.436,0.377
12/01/2023,330.13,10856250,332.5,332.95,323.14,0.647,0.345
13/01/2023,332.82,8286816,329.97,336.65,328.885,0.372,0.366
14/01/2023,#N/A,#N/A,#N/A,#N/A,#N/A,0.51,0.356
15/01/2023,#N/A,#N/A,#N/A,#N/A,#N/A,0.205,0.413
16/01/2023,#N/A,#N/A,#N/A,#N/A,#N/A,0.901,0.516
17/01/2023,326.22,9246987,331.08,332.5,323.6,0.457,0.504
18/01/2023,326.33,7814115,326.75,330.08,321.25,0.488,0.511
19/01/2023,315.78,18008200,322.57,324.89,313.39,0.28,0.459
20/01/2023,342.5,28430340,336.79,344,332.625,0.366,0.458
21/01/2023,#N/A,#N/A,#N/A,#N/A,#N/A,0,0.385
22/01/2023,#N/A,#N/A,#N/A,#N/A,#N/A,0.39,0.412
23/01/2023,357.42,15646850,341.715,362.2453,340.6329,0.565,0.364
24/01/2023,363.83,11796530,357.53,365.65,355.1401,0.595,0.383
25/01/2023,367.96,7766907,360.57,368.8999,358.501,0.599,0.399
26/01/2023,364.87,8256844,368.77,369.02,361.7,-0.089,0.347
27/01/2023,360.77,6703548,363.2,365.92,360.59,0.319,0.34
28/01/2023,#N/A,#N/A,#N/A,#N/A,#N/A,0.416,0.399
29/01/2023,#N/A,#N/A,#N/A,#N/A,#N/A,0.342,0.392
30/01/2023,353.11,5127593,358.44,360.95,352.855,0.412,0.371
31/01/2023,353.86,5660738,349.98,355.95,348.71,0.515,0.359
01/02/2023,361.99,8005170,353.86,365.385,349.91,0.541,0.351
02/02/2023,366.89,7856952,365.16,368.32,358.43,0.65,0.456
03/02/2023,365.9,9402034,359.08,379.4301,359,0.481,0.48
04/02/2023,#N/A,#N/A,#N/A,#N/A,#N/A,0.999,0.563
06/02/2023,361.48,4994942,363.642,368.45,360.68,0.677,0.611
07/02/2023,362.95,6289368,358.51,364.1799,354.18,0.72,0.655
08/02/2023,366.83,6253179,360.02,368.193,358.31,0.522,0.656
09/02/2023,362.5,6901100,372.41,373.83,361.7444,0.371,0.631
10/02/2023,347.36,7291096,359.16,362.14,347.14,0.575,0.621
11/02/2023,#N/A,#N/A,#N/A,#N/A,#N/A,0.069,0.562
12/02/2023,#N/A,#N/A,#N/A,#N/A,#N/A,0.521,0.494
13/02/2023,358.57,7134445,349.5,359.7034,344.25,0.988,0.538
14/02/2023,359.96,4624758,357.55,363.75,353.4,0.813,0.551
15/02/2023,361.42,3969945,356.63,362.88,354.24,0.557,0.556
16/02/2023,350.71,5215726,355,361.5,350.31,0.61,0.59
17/02/2023,347.96,5294727,347.905,349,342.44,0.984,0.649
18/02/2023,#N/A,#N/A,#N/A,#N/A,#N/A,0.856,0.761
19/02/2023,#N/A,#N/A,#N/A,#N/A,#N/A,0.998,0.829
20/02/2023,#N/A,#N/A,#N/A,#N/A,#N/A,0.69,0.787
21/02/2023,337.5,5710292,342.85,344.1253,336.4177,0.995,0.813
22/02/2023,334.88,4546249,337.5,341.91,332.82,0.97,0.872
23/02/2023,323.65,13238670,331.23,331.28,314.3,0.112,0.801
24/02/2023,317.15,6830692,319.3,321.5,314.52,0.503,0.732
26/02/2023,#N/A,#N/A,#N/A,#N/A,#N/A,0.971,0.748
27/02/2023,323.03,6142580,323.87,330,322.121,0.27,0.644
28/02/2023,322.13,3676075,323.7,327.62,321.17,0.668,0.641
01/03/2023,313.48,4911311,321.55,326.6,312.36,0.413,0.558
02/03/2023,311.88,4921053,310.96,315.57,310.38,0.153,0.441
03/03/2023,315.18,5953319,315.45,317.49,310.82,0.674,0.522
05/03/2023,#N/A,#N/A,#N/A,#N/A,#N/A,0.336,0.498
06/03/2023,312.03,5660743,317,323.3,311.8412,0.699,0.459
07/03/2023,308.47,4553082,312.675,314.3,306.6226,0.655,0.514
08/03/2023,311.79,3479474,309.29,311.83,305.75,0.599,0.504
09/03/2023,297.78,7443350,312.08,312.51,294.88,0.616,0.533
10/03/2023,292.76,5759315,297.905,298.79,289,0.499,0.583
11/03/2023,#N/A,#N/A,#N/A,#N/A,#N/A,0.377,0.54
12/03/2023,#N/A,#N/A,#N/A,#N/A,#N/A,0.172,0.517
13/03/2023,293.51,6292385,287.34,299.24,285.3301,0.982,0.557
14/03/2023,294.94,5956692,295.97,297.45,290.31,0.371,0.517
15/03/2023,303.79,9215340,292.51,306.31,292.28,0.317,0.476
16/03/2023,310.06,7912371,304.75,316.6,301.71,0.507,0.461
17/03/2023,303.5,6918777,310.06,310.76,300,0.949,0.525
18/03/2023,#N/A,#N/A,#N/A,#N/A,#N/A,0.519,0.545
20/03/2023,305.13,5113430,299.79,307.5,296,0.654,0.614
21/03/2023,305.79,4886279,306.32,307.92,300.43,0.728,0.578
22/03/2023,293.9,5808035,306.31,306.45,293.54,0.236,0.559
23/03/2023,320.37,15653350,304.68,322.78,304.14,0.794,0.627
24/03/2023,328.39,13004090,320.63,331.83,320.63,0.413,0.613
25/03/2023,#N/A,#N/A,#N/A,#N/A,#N/A,0,0.478
26/03/2023,#N/A,#N/A,#N/A,#N/A,#N/A,0.609,0.491
27/03/2023,327.66,8625763,327.55,336.44,324.41,0.948,0.533
28/03/2023,323.52,6489388,326.06,333.32,321.28,0.786,0.541
29/03/2023,332.03,6287336,326.29,332.85,325.73,0.848,0.628
30/03/2023,338.43,7131468,340.27,343.29,335.3,0.765,0.624
31/03/2023,345.48,5610161,340.05,345.84,337.2001,0.969,0.704
01/04/2023,#N/A,#N/A,#N/A,#N/A,#N/A,0.764,0.813
03/04/2023,348.28,4413650,341.83,348.58,340.4001,0.442,0.789
04/04/2023,346.75,3298072,348.49,349.8,343.95,0.556,0.733
05/04/2023,342.35,4205545,345.3,345.43,336.2526,0.803,0.735
08/04/2023,#N/A,#N/A,#N/A,#N/A,#N/A,0.615,0.702
11/04/2023,338.21,4044778,343.45,347.14,337.635,0.314,0.638
12/04/2023,331.03,3965440,340.81,342.8,330.04,0.614,0.587
13/04/2023,346.19,7406437,339.99,346.43,338.75,0.801,0.592
14/04/2023,338.63,5350508,342.94,344.853,336.41,0.997,0.671
15/04/2023,#N/A,#N/A,#N/A,#N/A,#N/A,0.936,0.726
16/04/2023,#N/A,#N/A,#N/A,#N/A,#N/A,0.227,0.643
17/04/2023,332.72,6136047,338,338.39,327.5,0.604,0.642
18/04/2023,333.7,17944500,335,337.19,330.5,0.359,0.648
19/04/2023,323.12,22128270,324.21,325.75,316.1,0.32,0.606
20/04/2023,325.35,9947800,320.39,331.4298,318.33,0.522,0.566
21/04/2023,327.98,6348000,323,328.29,319.5,0.505,0.496
22/04/2023,#N/A,#N/A,#N/A,#N/A,#N/A,0.831,0.481
23/04/2023,#N/A,#N/A,#N/A,#N/A,#N/A,0.342,0.498
24/04/2023,329.02,5586627,330.2,334.66,326.75,0.202,0.44
25/04/2023,322.55,5426642,328.5,328.655,321.1,0.774,0.499
26/04/2023,321.15,4623238,321.36,325.9,320.47,0.313,0.498
27/04/2023,325.85,5618768,324.3,327.45,317.44,0.586,0.508
28/04/2023,329.93,4228374,325.24,330.8077,324,0.962,0.573
01/05/2023,324.12,5341484,329.435,331.23,318.09,0.412,0.513
03/05/2023,319.3,5064057,317.55,324.62,315.85,0.963,0.602
04/05/2023,320.78,3879657,319.01,323.61,317.95,0,0.573
06/05/2023,#N/A,#N/A,#N/A,#N/A,#N/A,0.721,0.565
07/05/2023,#N/A,#N/A,#N/A,#N/A,#N/A,0.666,0.616
08/05/2023,331.21,5488593,322.99,332.56,322.03,0.924,0.664
09/05/2023,332.14,5544852,330.67,336.32,329.7401,0.719,0.629
10/05/2023,335.42,4289897,335.21,337.11,329.51,0.31,0.615
12/05/2023,339.89,6082360,344.76,348.1664,337.3637,0.139,0.497
13/05/2023,#N/A,#N/A,#N/A,#N/A,#N/A,0.837,0.617
14/05/2023,#N/A,#N/A,#N/A,#N/A,#N/A,0.784,0.626
17/05/2023,339.96,3958807,331.76,341.38,329.615,0.308,0.574
18/05/2023,371.29,20925240,347.25,375.87,346.37,0.649,0.535
21/05/2023,#N/A,#N/A,#N/A,#N/A,#N/A,0.578,0.515
22/05/2023,363.01,5406420,365.36,372.01,362.5,0.602,0.557
23/05/2023,355.99,6866078,360.24,364.17,354.31,0.34,0.585
24/05/2023,364.85,7973316,356.93,367.151,356.625,0.656,0.56
26/05/2023,378.88,9360436,361.1,383.76,356,0.998,0.59
27/05/2023,#N/A,#N/A,#N/A,#N/A,#N/A,0.729,0.65
28/05/2023,#N/A,#N/A,#N/A,#N/A,#N/A,0.998,0.7
29/05/2023,#N/A,#N/A,#N/A,#N/A,#N/A,0.83,0.736
30/05/2023,392.98,10864990,397.48,405.11,385.79,0.492,0.72
31/05/2023,395.23,6988047,391.89,396.26,388.91,0.018,0.674
02/06/2023,400.47,5902381,402.89,406.58,395.9,0.168,0.605
03/06/2023,#N/A,#N/A,#N/A,#N/A,#N/A,0.511,0.535
05/06/2023,403.54,7247413,400.47,413.86,400.15,0.689,0.529
06/06/2023,399.29,4991532,405,405.12,396.93,0.545,0.465
07/06/2023,399.77,11932390,410.43,418.95,399.23,0.517,0.42
08/06/2023,409.37,5991087,399.77,409.54,396.34,0.931,0.483
09/06/2023,420.02,12372830,424.5,425.9,414.76,0.547,0.558
10/06/2023,#N/A,#N/A,#N/A,#N/A,#N/A,0.906,0.664
11/06/2023,#N/A,#N/A,#N/A,#N/A,#N/A,0.741,0.697
12/06/2023,423.97,5967712,418.83,424.7,416.5669,0.457,0.663
13/06/2023,435.73,7820535,430.01,437.27,428.4,0.461,0.651
14/06/2023,440.86,8413089,434.99,447.33,433.5,0.474,0.645
15/06/2023,445.27,7099915,444.1,448.65,439.5,0.655,0.606
16/06/2023,431.96,8753740,446.15,447.51,430.9,0.571,0.609
18/06/2023,#N/A,#N/A,#N/A,#N/A,#N/A,0.436,0.542
19/06/2023,#N/A,#N/A,#N/A,#N/A,#N/A,0.632,0.527
20/06/2023,434.7,4762313,430.18,440,430,0.267,0.499
21/06/2023,424.45,5146441,432.65,434.55,422.54,0.982,0.574
22/06/2023,422.48,4872246,422.93,424.71,418.6801,0.728,0.61
23/06/2023,424.02,8298600,418.59,425.82,417.73,1,0.659
24/06/2023,#N/A,#N/A,#N/A,#N/A,#N/A,0.629,0.668
26/06/2023,415.94,4640022,422.435,430.9599,414.9,0.625,0.695
27/06/2023,417.08,4818066,417.39,420.8789,411.5,0.749,0.711
28/06/2023,429.84,8811342,423.1,437.2915,422.89,0.629,0.763
29/06/2023,428.24,4932310,434.33,437.85,426.15,0.622,0.712
30/06/2023,440.49,7346394,431.1,444.12,431.1,0.474,0.675
02/07/2023,#N/A,#N/A,#N/A,#N/A,#N/A,0.948,0.668
04/07/2023,#N/A,#N/A,#N/A,#N/A,#N/A,0.999,0.721
05/07/2023,445.9,6875414,444.91,450.97,439.6244,0.306,0.675
06/07/2023,438.84,4944892,440,442.7999,430.72,0.75,0.675
07/07/2023,438.1,4165144,438.6,442.325,435.8354,0.71,0.687
08/07/2023,#N/A,#N/A,#N/A,#N/A,#N/A,0.503,0.67
09/07/2023,#N/A,#N/A,#N/A,#N/A,#N/A,0.925,0.734
10/07/2023,441.71,4251737,438.52,444.41,436.82,0.767,0.709
11/07/2023,440.21,4574559,438.65,440.8,431.0415,0.878,0.691
12/07/2023,444.05,5731657,444.55,445.4085,437.7494,0.348,0.697
13/07/2023,450.38,6157475,447,451.67,441.177,0.31,0.634
15/07/2023,#N/A,#N/A,#N/A,#N/A,#N/A,1,0.676
16/07/2023,#N/A,#N/A,#N/A,#N/A,#N/A,0.461,0.67
17/07/2023,450.05,6901141,445.57,456.68,445.1053,0.597,0.623
18/07/2023,474.8,13196880,451,478.15,448.78,0.621,0.602
19/07/2023,477.59,20996480,476.86,485,470,0.55,0.555
20/07/2023,437.42,23989710,447,448.5,432,0.366,0.558
21/07/2023,427.5,17340030,437.37,438.24,423.19,0.29,0.555
22/07/2023,#N/A,#N/A,#N/A,#N/A,#N/A,0.996,0.554
23/07/2023,#N/A,#N/A,#N/A,#N/A,#N/A,1,0.631
24/07/2023,428.37,8282434,425,428.64,419.19,0.733,0.651
25/07/2023,427.7,4859843,427.18,430.8799,426.13,0.796,0.676
26/07/2023,422.67,6009242,424.2,425.26,415.59,0.64,0.689
27/07/2023,413.17,6594466,426.9,427.52,411.88,0.476,0.704
28/07/2023,425.78,6428073,415.56,427.47,413.76,0.798,0.777
29/07/2023,#N/A,#N/A,#N/A,#N/A,#N/A,0.497,0.706
31/07/2023,438.97,6587619,426.51,439.13,426.3,0.625,0.652
01/08/2023,438.62,5725544,437.37,445.2499,431.4,0.991,0.689
02/08/2023,429.7,4921781,435.23,435.56,426.56,0.361,0.627
03/08/2023,431,6259309,427.8,441.93,427.19,0.577,0.618
08/08/2023,438.3,3767195,440.36,443.57,435.1,0.898,0.678
09/08/2023,428.9,3846639,439.74,440.62,427.59,0.563,0.645
10/08/2023,429.98,5467607,431.12,438.12,428.69,0.769,0.683
17/08/2023,403,6031469,415,415.24,401.5818,0.523,0.669
20/08/2023,#N/A,#N/A,#N/A,#N/A,#N/A,0.837,0.647
21/08/2023,408.29,3861579,402.23,409.61,399.5,0.921,0.727
22/08/2023,413.17,3603273,409,415.74,407.4,0.997,0.787
23/08/2023,427.55,8174732,418.4,437.02,417.71,0.674,0.755
24/08/2023,406.93,5687799,425.41,427.59,406.165,0.496,0.745
25/08/2023,416.03,5390933,412,419.25,407.5641,0.398,0.692
28/08/2023,418.06,2928613,418.04,419.83,413.27,0.896,0.746
29/08/2023,429.99,4486703,416,432.17,414.5,0.867,0.75
31/08/2023,433.68,3802954,431.23,437.15,431.23,0.511,0.691
01/09/2023,439.88,4793379,437.725,445.5,435.93,0.47,0.616
03/09/2023,#N/A,#N/A,#N/A,#N/A,#N/A,-0.5,0.448
05/09/2023,448.68,6155865,438.39,453.45,438,0.976,0.517
06/09/2023,445.76,3862274,448.61,451.39,440.49,0.806,0.575
07/09/2023,443.14,2922676,441.15,444.6,436.7,0.488,0.517
11/09/2023,445.36,2913767,443.07,449.89,442.75,0.47,0.46
12/09/2023,434.69,3124024,442.85,445.4399,434.12,0.456,0.452
13/09/2023,412.24,11843030,435.5,438.4,410.69,0.426,0.446
14/09/2023,400.49,10709040,410.4,411.39,400,0.694,0.617
15/09/2023,396.94,9116745,401,404.6997,395.03,0.679,0.574
18/09/2023,394.4,4704706,395.5,399.465,392.6,0.433,0.521
19/09/2023,396.2,4080054,392.84,398.23,390.245,0.785,0.563
20/09/2023,386.3,3866619,397.05,397.985,386.12,0.335,0.544
21/09/2023,384.15,5556388,386.5,395.8999,383.42,0.917,0.61
22/09/2023,379.81,3699796,385,386.88,378.36,0.443,0.612
23/09/2023,#N/A,#N/A,#N/A,#N/A,#N/A,0.917,0.644
24/09/2023,#N/A,#N/A,#N/A,#N/A,#N/A,0.874,0.672
25/09/2023,384.8,3757278,382.9,386.62,380.81,0.693,0.709
26/09/2023,379.25,4089392,382.88,384.56,377.355,0.937,0.731
27/09/2023,377.59,3843521,382.4,384.223,376.25,0.733,0.788
28/09/2023,376.36,4369906,375.6,378.96,371.1,0.794,0.77
29/09/2023,377.6,4205298,380,382.58,375.35,0.75,0.814
01/10/2023,#N/A,#N/A,#N/A,#N/A,#N/A,0.45,0.747
02/10/2023,380.33,3102101,377.48,384.808,376.8,0.486,0.692
04/10/2023,376.9,4303658,376.5,380.22,373.58,0.514,0.666
05/10/2023,372.59,5034773,378.01,378.5999,367.24,0.642,0.624
06/10/2023,381.51,4778118,368.43,382.52,367.77,0.568,0.601
08/10/2023,#N/A,#N/A,#N/A,#N/A,#N/A,0.571,0.569
10/10/2023,373.32,7288939,385.58,388.7,372.25,0.734,0.566
11/10/2023,365.93,9151395,372.775,377.81,365.34,1,0.645
12/10/2023,361.2,7376086,366.48,368.83,359.05,0.679,0.673
13/10/2023,355.68,6316320,355.64,358.93,352.05,0.806,0.714
14/10/2023,#N/A,#N/A,#N/A,#N/A,#N/A,1,0.765
15/10/2023,#N/A,#N/A,#N/A,#N/A,#N/A,0.768,0.794
16/10/2023,360.82,5128947,356.21,363.0799,354.77,0.463,0.779
17/10/2023,355.72,5908412,361.1,362.7049,353.89,0.586,0.757
18/10/2023,346.19,11429640,351,354.79,344.73,0.528,0.69
19/10/2023,401.77,28074420,404.74,408.95,392.2601,0.449,0.657
20/10/2023,400.96,12782920,405.63,410.64,398.01,0.468,0.609
21/10/2023,#N/A,#N/A,#N/A,#N/A,#N/A,0.483,0.535
22/10/2023,#N/A,#N/A,#N/A,#N/A,#N/A,0.386,0.48
23/10/2023,406.84,7390032,403.32,407.54,398.5201,0.992,0.556
24/10/2023,413.73,6459247,409.68,416.6899,408.39,0.736,0.577
25/10/2023,411.25,6299587,416.02,418.84,410.11,0.754,0.61
27/10/2023,397.87,4997612,406.42,410.21,395.62,0.222,0.577
28/10/2023,#N/A,#N/A,#N/A,#N/A,#N/A,0.454,0.575
29/10/2023,#N/A,#N/A,#N/A,#N/A,#N/A,0.505,0.578
30/10/2023,410.08,5317147,402.35,412.82,399.41,0.659,0.617
31/10/2023,411.69,3877623,409.24,412.52,404.6301,0.293,0.518
01/11/2023,420.19,4806108,414.77,420.6,414.1798,0.497,0.483
02/11/2023,424.71,4475984,421.17,426.69,417.1,0.819,0.493
03/11/2023,432.36,3667051,428.76,434.815,425.53,0.495,0.532
04/11/2023,#N/A,#N/A,#N/A,#N/A,#N/A,0.221,0.498
05/11/2023,#N/A,#N/A,#N/A,#N/A,#N/A,0.998,0.569
06/11/2023,434.74,3003235,434.38,435.03,429.61,0.998,0.617
07/11/2023,434.61,3291064,436.18,437.64,431,0.46,0.641
08/11/2023,436.65,2356845,435,438.07,433.68,0.768,0.68
09/11/2023,435.15,2735507,438.03,440.38,434.35,0.779,0.674
10/11/2023,447.24,4443284,437.48,447.48,435.51,0.404,0.661
13/11/2023,444.62,2896143,447.25,448.43,442.6,0.528,0.705
14/11/2023,448.65,4060884,448.78,454.075,445.64,0.829,0.681
15/11/2023,461.94,5035283,452.81,462.7499,452.45,0.784,0.65
16/11/2023,466.95,3655974,463,467.28,459.65,0.502,0.656
17/11/2023,465.91,2800214,466.95,467.65,462.76,0.518,0.621
18/11/2023,#N/A,#N/A,#N/A,#N/A,#N/A,0.782,0.621
20/11/2023,474.47,3621095,465.4,476.7558,465.4,0.433,0.625
21/11/2023,474.95,2997723,472.63,477.02,471.21,0.627,0.639
22/11/2023,478,2843891,476.8,482.7,476.56,0.739,0.626
23/11/2023,#N/A,#N/A,#N/A,#N/A,#N/A,0.797,0.628
24/11/2023,479.56,1404732,477.11,480.4,475.2,0.818,0.673
25/11/2023,#N/A,#N/A,#N/A,#N/A,#N/A,0.998,0.742
26/11/2023,#N/A,#N/A,#N/A,#N/A,#N/A,0.608,0.717
27/11/2023,479.17,3625924,479.03,482,475.35,0.447,0.719
28/11/2023,479,2890164,478.11,480.5,475.95,0.842,0.75
30/11/2023,473.97,4287349,475.31,478.5907,470.42,0.696,0.744
01/12/2023,465.74,4341471,473.17,475.2299,464.6,0.364,0.682
02/12/2023,#N/A,#N/A,#N/A,#N/A,#N/A,-0.042,0.559
04/12/2023,453.9,5157713,460.99,461.2,451.2,0.855,0.539
05/12/2023,455.15,3380674,450.7,456.39,449.58,0.631,0.542
06/12/2023,446.73,4178755,460,460.5,445.73,0.595,0.563
07/12/2023,452,3506722,450.85,452.885,448.32,0.746,0.549
08/12/2023,453.76,3458384,450.76,455.5,450.76,0.4,0.507
09/12/2023,#N/A,#N/A,#N/A,#N/A,#N/A,0.576,0.537
11/12/2023,459.89,4929662,459.36,470.65,457.21,0.678,0.64
12/12/2023,463,3302660,465.23,465.61,459.1962,0.474,0.586
13/12/2023,479.98,5820192,461.98,481.25,461.98,0.67,0.591
14/12/2023,469.83,5176437,480.36,480.76,464.7601,0.576,0.589
15/12/2023,472.06,7840992,467.3,473,467.3,0.633,0.572
16/12/2023,#N/A,#N/A,#N/A,#N/A,#N/A,0.984,0.656
17/12/2023,#N/A,#N/A,#N/A,#N/A,#N/A,1,0.716
18/12/2023,486.12,6410660,476.3,492.04,475.095,0.849,0.741
20/12/2023,489.27,4563690,492,500.89,488.39,0.156,0.695
21/12/2023,491.61,2756225,492.66,494.4,486.77,0.871,0.724
22/12/2023,486.76,2702672,494,496.02,485.45,0.426,0.703
26/12/2023,491.19,2034517,489.39,491.48,486.38,0.653,0.706
28/12/2023,490.51,1710492,492,492.89,489.07,0.556,0.644
29/12/2023,486.88,2740555,490.37,492.2299,481.935,0.889,0.629
30/12/2023,#N/A,#N/A,#N/A,#N/A,#N/A,0.994,0.649
31/12/2023,#N/A,#N/A,#N/A,#N/A,#N/A,0.757,0.735
01/01/2024,#N/A,#N/A,#N/A,#N/A,#N/A,0.998,0.753
03/01/2024,470.26,3443694,467.32,475.05,465.7727,0.554,0.772
04/01/2024,474.67,3636513,472.98,480.7393,466.53,0.851,0.8
05/01/2024,474.06,2631250,476.5,479.545,471.804,0.698,0.82
06/01/2024,#N/A,#N/A,#N/A,#N/A,#N/A,0.617,0.781
07/01/2024,#N/A,#N/A,#N/A,#N/A,#N/A,0.665,0.734
08/01/2024,485.03,3675775,473.89,485.24,473.65,0.798,0.74
09/01/2024,482.09,3526757,475.53,485.085,473.8,0.778,0.709
10/01/2024,478.33,4342448,481.6,487,472.95,0.871,0.754
11/01/2024,492.23,7993265,492.54,503.41,483.82,0.566,0.713
12/01/2024,492.16,5003718,500.51,500.79,490.61,0.516,0.687
13/01/2024,#N/A,#N/A,#N/A,#N/A,#N/A,0.83,0.718
14/01/2024,#N/A,#N/A,#N/A,#N/A,#N/A,0.506,0.695
15/01/2024,#N/A,#N/A,#N/A,#N/A,#N/A,0.997,0.723
16/01/2024,481.24,4678974,490,494.15,478.02,0.702,0.713
17/01/2024,480.33,4894593,484.5,486.21,475.2642,0.999,0.731
18/01/2024,485.31,4054399,480.03,485.77,478.02,0.706,0.751
19/01/2024,482.95,5672351,484.98,485.67,476.06,0.999,0.82
20/01/2024,#N/A,#N/A,#N/A,#N/A,#N/A,0.457,0.767
22/01/2024,485.71,5212309,487.55,489.8,479.9,0.511,0.767
23/01/2024,492.19,15506020,492,498.96,481.4,0.612,0.712
24/01/2024,544.87,26432800,537.75,562.5,537.07,0.663,0.707
25/01/2024,562,9451915,551.95,563.46,548.46,0.728,0.668
26/01/2024,570.42,12770570,561.81,579.64,558.4319,0.632,0.657
27/01/2024,#N/A,#N/A,#N/A,#N/A,#N/A,0.563,0.595
28/01/2024,#N/A,#N/A,#N/A,#N/A,#N/A,0.411,0.589
29/01/2024,575.79,6905390,571.35,578.5499,562.68,0.836,0.635
30/01/2024,562.85,6181798,567.32,570.88,560.82,0.648,0.64
31/01/2024,564.11,4857599,562.85,572.15,562.045,0.882,0.671
01/02/2024,567.51,3174002,567.02,572.66,563.83,0.945,0.702
02/02/2024,564.64,4032843,564.52,567.8,562.37,0.998,0.755
04/02/2024,#N/A,#N/A,#N/A,#N/A,#N/A,0.568,0.755
05/02/2024,562.06,4143099,562.47,575.75,557.195,0.439,0.759
06/02/2024,555.88,2840300,564.12,566.3399,554.37,0.865,0.764
07/02/2024,559.3,4373591,558.16,567.8,554.98,0.701,0.771
08/02/2024,558.53,3175468,560.55,563.7,555.74,0.999,0.788
09/02/2024,561.32,3055698,565,566,558.1,0.721,0.756
10/02/2024,#N/A,#N/A,#N/A,#N/A,#N/A,0.334,0.661
11/02/2024,#N/A,#N/A,#N/A,#N/A,#N/A,0.131,0.599
12/02/2024,557.85,3608487,560.36,568.44,557,0.954,0.672
13/02/2024,554.52,3511453,550.8,559.1999,549,0.967,0.687
14/02/2024,579.33,5634226,567.26,581.248,564.34,0.655,0.68
15/02/2024,593.46,5220938,581.91,593.77,580.32,0.998,0.68
16/02/2024,583.95,4325689,596.95,597,577.46,0.995,0.719
17/02/2024,#N/A,#N/A,#N/A,#N/A,#N/A,0.186,0.698
18/02/2024,#N/A,#N/A,#N/A,#N/A,#N/A,0.997,0.822
19/02/2024,#N/A,#N/A,#N/A,#N/A,#N/A,0.992,0.827
20/02/2024,575.13,3124236,580.18,586,569.66,0.001,0.689
22/02/2024,588.47,3526597,582.75,590.85,578.885,0.856,0.718
23/02/2024,583.56,2568852,586.4,592.43,579.82,1,0.718
24/02/2024,#N/A,#N/A,#N/A,#N/A,#N/A,0.972,0.715
25/02/2024,#N/A,#N/A,#N/A,#N/A,#N/A,1,0.831
26/02/2024,587.65,2393712,583.56,590.75,583.27,0.745,0.795
27/02/2024,601.67,4489355,595,605.36,592.33,0.507,0.726
28/02/2024,596.48,2605242,595.79,598.17,590.01,0.895,0.854
29/02/2024,602.92,3572082,604.25,604.5161,595.16,0.898,0.86
02/03/2024,#N/A,#N/A,#N/A,#N/A,#N/A,0.79,0.83
03/03/2024,#N/A,#N/A,#N/A,#N/A,#N/A,0.854,0.813
05/03/2024,598.5,3849563,610.1,610.91,592,0.876,0.795
07/03/2024,608.51,2742805,599.34,610.53,595.9,1,0.831
08/03/2024,604.82,2777243,608.27,616.09,600.84,1,0.902
12/03/2024,611.08,2821631,600.21,615.3,596.27,0.747,0.881
13/03/2024,609.45,2192094,613.37,614.8499,607.21,0.706,0.853
14/03/2024,613.01,3120452,615,620.8,607.35,0.716,0.843
15/03/2024,605.88,6671629,622.92,622.92,603.82,0.819,0.838
17/03/2024,#N/A,#N/A,#N/A,#N/A,#N/A,0.769,0.822
19/03/2024,620.74,2142613,615.62,621.28,608,1,0.822
20/03/2024,627.69,2639509,619.95,629.505,618.34,0.706,0.78
23/03/2024,#N/A,#N/A,#N/A,#N/A,#N/A,0.001,0.674
24/03/2024,#N/A,#N/A,#N/A,#N/A,#N/A,0.459,0.639
26/03/2024,629.24,2804453,625.2,634.3899,619.1836,0.962,0.674
27/03/2024,613.53,2628267,629.01,631.35,610.73,0.998,0.699
29/03/2024,#N/A,#N/A,#N/A,#N/A,#N/A,0.995,0.732
31/03/2024,#N/A,#N/A,#N/A,#N/A,#N/A,0.55,0.667
02/04/2024,614.21,2029217,611,615.03,605.5101,0.888,0.693
03/04/2024,630.08,2931231,612.745,630.41,611.5,0.858,0.816
04/04/2024,617.14,3064349,633.21,638,616.58,0.499,0.821
06/04/2024,#N/A,#N/A,#N/A,#N/A,#N/A,0.997,0.826
07/04/2024,#N/A,#N/A,#N/A,#N/A,#N/A,0.666,0.779
08/04/2024,628.41,2145731,636.39,639,628.11,0.35,0.687
09/04/2024,618.2,2146635,631.99,631.99,615.6347,-0.006,0.607
10/04/2024,618.58,2806248,610.97,620.14,609.34,0.173,0.505
14/04/2024,#N/A,#N/A,#N/A,#N/A,#N/A,0.998,0.525
15/04/2024,607.15,3085394,630.17,630.17,603.871,0.731,0.558
16/04/2024,617.52,3519122,607.5,622.45,607.5,0.856,0.538
17/04/2024,613.69,3312222,620.97,620.97,607.71,0.808,0.559
18/04/2024,610.56,8468407,612.1,621.33,605.435,0.818,0.625
19/04/2024,555.04,16449700,567.88,579,552.16,0.301,0.669
20/04/2024,#N/A,#N/A,#N/A,#N/A,#N/A,0.538,0.721
21/04/2024,#N/A,#N/A,#N/A,#N/A,#N/A,0.487,0.648
22/04/2024,554.6,8597651,550.66,558.61,542.01,0.564,0.625
23/04/2024,577.75,4975520,556.49,579.21,555.28,0.999,0.645
24/04/2024,555.12,5355312,574.31,576.907,551.3,0.724,0.633
25/04/2024,564.8,3807101,549.46,566.54,545.705,0.813,0.632
26/04/2024,561.23,4332593,558.21,562.92,553.19,0.896,0.717
27/04/2024,#N/A,#N/A,#N/A,#N/A,#N/A,-0.211,0.61
28/04/2024,#N/A,#N/A,#N/A,#N/A,#N/A,0.26,0.578
29/04/2024,559.49,2508882,559.18,559.64,554.24,0.835,0.617
30/04/2024,550.64,3361492,560,560,549.375,0.629,0.564
01/05/2024,551.71,3473233,547.84,560.39,544.25,0.617,0.548
02/05/2024,565.15,3068228,556.02,565.46,555.59,0.792,0.545
03/05/2024,579.34,3307524,566,580.26,565.16,0.862,0.541
04/05/2024,#N/A,#N/A,#N/A,#N/A,#N/A,0.746,0.677
07/05/2024,606,3614092,596.28,606.05,591.32,0.617,0.728
08/05/2024,609.47,3093904,601.63,618.22,601.63,0.622,0.698
09/05/2024,612.09,2065375,614.4,615.72,605.75,0.933,0.741
10/05/2024,610.87,2653586,619,623.98,605.06,0.702,0.753
12/05/2024,#N/A,#N/A,#N/A,#N/A,#N/A,-0.34,0.592
13/05/2024,616.59,2086197,614.3,618.219,606.83,0.889,0.596
14/05/2024,613.66,2792358,615.17,621.48,608.4,0.882,0.615
15/05/2024,613.52,5670607,618.57,624.1,609.1,0.614,0.615
16/05/2024,610.52,3056350,615.75,618.34,609.09,0.728,0.63
17/05/2024,621.1,3782708,617,625.79,614.7141,0.808,0.612
18/05/2024,#N/A,#N/A,#N/A,#N/A,#N/A,0.734,0.616
20/05/2024,640.82,3857853,620.4,644.37,619.52,0.878,0.79
21/05/2024,650.61,2920155,636.76,650.88,634.22,0.998,0.806
22/05/2024,640.47,2176174,647.14,649.25,638.12,0.993,0.822
23/05/2024,635.67,2313939,642.34,642.71,630,0.914,0.865
24/05/2024,646.75,2615260,639.4,652,637.6,0.439,0.823
25/05/2024,#N/A,#N/A,#N/A,#N/A,#N/A,1,0.851
26/05/2024,#N/A,#N/A,#N/A,#N/A,#N/A,0.972,0.885
27/05/2024,#N/A,#N/A,#N/A,#N/A,#N/A,0.722,0.863
28/05/2024,649,2609451,647.05,649.75,643.03,0.766,0.829
29/05/2024,654.62,3695935,644.13,664.25,643.89,0.84,0.808
30/05/2024,647.66,2393354,653.52,656.4899,644.73,0.542,0.754
31/05/2024,641.62,4071023,644.01,648.58,628.3,0.765,0.801
01/06/2024,#N/A,#N/A,#N/A,#N/A,#N/A,0.993,0.8
03/06/2024,633.79,2323506,645.215,646.78,627.27,0.477,0.729
04/06/2024,631.62,3008151,633.78,635.2299,626.44,0.608,0.713
05/06/2024,650.27,2682614,634.02,651.25,628.25,0.676,0.7
06/06/2024,648.52,2466664,644.89,657.99,644.2368,0.562,0.66
07/06/2024,641.47,1876631,649.38,650.4,640.2401,0.996,0.725
08/06/2024,#N/A,#N/A,#N/A,#N/A,#N/A,0.995,0.758
09/06/2024,#N/A,#N/A,#N/A,#N/A,#N/A,0.994,0.758
10/06/2024,644.5,2066759,641.01,644.79,635.59,0.76,0.799
11/06/2024,648.55,2167417,640.72,650.19,640.52,0.816,0.828
12/06/2024,650.06,2094381,652.21,655.78,643.11,0.823,0.849
13/06/2024,653.26,1863587,644,655.25,642.35,0.881,0.895
14/06/2024,669.38,4447116,655.05,675.58,652.64,0.816,0.869
15/06/2024,#N/A,#N/A,#N/A,#N/A,#N/A,1,0.87
16/06/2024,#N/A,#N/A,#N/A,#N/A,#N/A,0.995,0.87
17/06/2024,675.83,3631184,669.11,682.7099,665.1101,0.782,0.873
19/06/2024,#N/A,#N/A,#N/A,#N/A,#N/A,0.983,0.897
20/06/2024,679.03,2585089,681.8,689.88,673.7203,0.89,0.907
21/06/2024,686.12,4557086,683.26,686.9,678.1,0.406,0.839
23/06/2024,#N/A,#N/A,#N/A,#N/A,#N/A,0.839,0.842
24/06/2024,669.02,3916335,685,685.5,664.5,0.793,0.813
25/06/2024,672.41,2278768,673.44,673.665,662.3,0.797,0.784
26/06/2024,677.69,3545815,672.41,682.96,670.02,0.509,0.745
27/06/2024,684.34,2404849,679.35,688.57,678.14,0.081,0.616
28/06/2024,674.88,3412391,679,687,673.08,0.762,0.598
29/06/2024,#N/A,#N/A,#N/A,#N/A,#N/A,1,0.683
30/06/2024,#N/A,#N/A,#N/A,#N/A,#N/A,0.996,0.705
01/07/2024,673.61,2212826,674.89,675.02,663.78,0.783,0.704
03/07/2024,682.51,1403545,677.48,683.7499,675.5,0.538,0.667
04/07/2024,#N/A,#N/A,#N/A,#N/A,#N/A,0.598,0.68
05/07/2024,690.65,2659065,682.51,697.49,677.23,0.689,0.767
06/07/2024,#N/A,#N/A,#N/A,#N/A,#N/A,0,0.658
08/07/2024,685.74,1930786,687,688.86,681.485,0.994,0.657
10/07/2024,677.65,2651928,685.02,687.22,673.16,0.847,0.636
11/07/2024,652.75,5111928,672.485,672.485,647.44,0.665,0.619
12/07/2024,647.6,3355197,652.75,655.92,643.7075,0.825,0.66
13/07/2024,#N/A,#N/A,#N/A,#N/A,#N/A,0.878,0.7
14/07/2024,#N/A,#N/A,#N/A,#N/A,#N/A,0.98,0.741
15/07/2024,656.45,3208763,647.5,667.54,646.63,0.72,0.844
16/07/2024,656.32,2685706,661.8,663.675,649.13,0.999,0.845
17/07/2024,647.46,4017277,650,650.45,639.47,0.799,0.838
18/07/2024,643.04,7575763,656.6,657.0395,639.165,0.858,0.866
19/07/2024,633.34,9815631,660.64,678.97,629.1201,0.574,0.83
20/07/2024,#N/A,#N/A,#N/A,#N/A,#N/A,-0.103,0.69
21/07/2024,#N/A,#N/A,#N/A,#N/A,#N/A,0.472,0.617
22/07/2024,647.5,5219077,639.5,656.29,632.6,0.846,0.635
23/07/2024,642.76,2463579,647.5,649.91,641.0001,0.825,0.61
24/07/2024,635.99,4888163,635.74,652.42,632.6744,0.917,0.627
25/07/2024,634.09,4554539,641,649.98,621.7001,0.804,0.619
26/07/2024,631.37,3120659,645,646.9899,629.77,0.769,0.647
28/07/2024,#N/A,#N/A,#N/A,#N/A,#N/A,0.998,0.804
29/07/2024,626.96,2400537,634.61,634.61,623.93,0.814,0.853
31/07/2024,628.35,3134877,626.57,633.5999,622.58,0.878,0.858
01/08/2024,624.85,3720573,629.25,646.7099,617.61,0.721,0.843
03/08/2024,#N/A,#N/A,#N/A,#N/A,#N/A,0.382,0.767
06/08/2024,609.57,4319057,600.62,622.45,600.62,1,0.795
08/08/2024,630.35,3283542,621.99,632.29,616.02,0.948,0.82
09/08/2024,633.94,1980836,622.99,636.62,622.99,0.85,0.799
10/08/2024,#N/A,#N/A,#N/A,#N/A,#N/A,0.508,0.755
11/08/2024,#N/A,#N/A,#N/A,#N/A,#N/A,0.472,0.697
12/08/2024,633.14,2331712,631,639,627.07,0.996,0.737
13/08/2024,648.02,2639571,638.56,650.97,635.5,0.858,0.805
14/08/2024,661.68,4014344,648.7,663.57,648.7,0.703,0.762
15/08/2024,663.22,3210173,668.49,673.19,659.8,0.949,0.762
16/08/2024,674.07,3511014,669.43,680.23,665.36,0.523,0.716
19/08/2024,688.53,3016227,674.07,688.84,672.91,1,0.786
20/08/2024,698.54,4813118,688.86,711.33,688.245,0.851,0.84
23/08/2024,686.73,2354450,694.13,696.07,678.63,0.999,0.84
24/08/2024,#N/A,#N/A,#N/A,#N/A,#N/A,0.999,0.861
25/08/2024,#N/A,#N/A,#N/A,#N/A,#N/A,0.562,0.84
26/08/2024,688.44,1354154,687.26,690.59,681.6376,0.999,0.848
27/08/2024,695.72,3164878,688.53,707.89,686.92,0.987,0.914
29/08/2024,692.48,2186974,690,699.8,686.07,0.998,0.914
30/08/2024,701.35,3266723,700.36,701.86,688.16,0.998,0.935
31/08/2024,#N/A,#N/A,#N/A,#N/A,#N/A,0.499,0.863
02/09/2024,#N/A,#N/A,#N/A,#N/A,#N/A,0.834,0.84
05/09/2024,683.62,1810072,673.14,687.31,671.86,0.999,0.902
08/09/2024,#N/A,#N/A,#N/A,#N/A,#N/A,0.997,0.902
13/09/2024,697.06,2276482,680.01,699.64,680,0.97,0.899
15/09/2024,#N/A,#N/A,#N/A,#N/A,#N/A,0.99,0.898
16/09/2024,696.5,1843745,700,703.02,688.6316,0.995,0.898
21/09/2024,#N/A,#N/A,#N/A,#N/A,#N/A,0.999,0.969
23/09/2024,705.37,3224344,702.39,712.2499,699.16,1,0.993
26/09/2024,711.43,2832962,724.73,725.26,701.72,0.978,0.99
27/09/2024,707.35,2395613,708.36,710.71,701.2509,0.884,0.974
28/09/2024,#N/A,#N/A,#N/A,#N/A,#N/A,0.964,0.973
30/09/2024,709.27,1711508,707,711.21,702.8192,0.338,0.88
03/10/2024,706.8,2256449,704.26,708.81,700,0.732,0.842
06/10/2024,#N/A,#N/A,#N/A,#N/A,#N/A,0.998,0.842
07/10/2024,701.92,3360520,714.755,715.88,696.43,0.746,0.806
08/10/2024,721.76,3187402,703.88,725.06,703.5457,0.616,0.754
09/10/2024,727.43,1981070,719.25,728.59,718.87,0.993,0.77
10/10/2024,730.29,2767862,723.29,733.85,722.5,0.298,0.674
12/10/2024,#N/A,#N/A,#N/A,#N/A,#N/A,0.998,0.769
13/10/2024,#N/A,#N/A,#N/A,#N/A,#N/A,0.995,0.806
14/10/2024,713,2797071,725,726.6196,711.3109,0.887,0.79
15/10/2024,705.98,2932752,712.51,713.4,699.7806,0.792,0.797
16/10/2024,702,2494276,703.43,705.59,697.82,0.784,0.821
17/10/2024,687.65,8926672,704.35,704.4124,677.88,0.752,0.787
18/10/2024,763.89,15974120,737.64,766.281,736.23,0.648,0.837
19/10/2024,#N/A,#N/A,#N/A,#N/A,#N/A,0.9,0.823
20/10/2024,#N/A,#N/A,#N/A,#N/A,#N/A,0.865,0.804
21/10/2024,772.07,6057093,765.76,773,756.6,0.646,0.77
22/10/2024,764.24,2987252,765.27,769.7,761.12,-0.202,0.628
23/10/2024,749.29,3749007,762.83,763.7899,744.26,0.802,0.63
24/10/2024,754.55,2642962,751.97,755.82,746.25,0.264,0.56
27/10/2024,#N/A,#N/A,#N/A,#N/A,#N/A,0.557,0.547
28/10/2024,749.12,2862405,758.68,758.68,747.88,0.226,0.451
29/10/2024,759.44,3660433,751.13,763.88,748.01,0.612,0.415
01/11/2024,756.1,2996829,753.48,763.7999,747.77,0.637,0.414
03/11/2024,#N/A,#N/A,#N/A,#N/A,#N/A,-0.103,0.428
07/11/2024,796.54,3295074,781.37,798.22,779.94,0.318,0.359
09/11/2024,#N/A,#N/A,#N/A,#N/A,#N/A,0.141,0.341
13/11/2024,830.47,2767772,822.615,836.9899,820.5368,0.44,0.324
16/11/2024,#N/A,#N/A,#N/A,#N/A,#N/A,0.625,0.381
17/11/2024,#N/A,#N/A,#N/A,#N/A,#N/A,-0.252,0.258
19/11/2024,871.32,3814227,839.75,874.49,839.16,0.432,0.229
22/11/2024,897.79,3214020,896,906,893,0.813,0.36
24/11/2024,#N/A,#N/A,#N/A,#N/A,#N/A,0.542,0.392
25/11/2024,865.59,6014203,902.05,902.05,864.22,0,0.371
29/11/2024,886.81,2027237,882.17,892.41,876.68,0.997,0.451
06/12/2024,934.74,2955383,915.23,935.27,912.71,0,0.362
13/12/2024,918.87,2485829,916.81,925.55,909.61,0.436,0.46
18/12/2024,889.55,2938194,919.13,922.44,886.56,0.332,0.446
19/12/2024,902.04,2815512,908.18,912.6215,899,0.997,0.472
21/12/2024,#N/A,#N/A,#N/A,#N/A,#N/A,0.778,0.506
24/12/2024,932.12,2320293,915,935.85,911.7,0.217,0.537
26/12/2024,924.14,2342418,928.4,930.49,915.3,0.871,0.519
01/01/2025,#N/A,#N/A,#N/A,#N/A,#N/A,-0.107,0.503
02/01/2025,886.73,2315685,895.5,898.58,877,1,0.584
04/01/2025,#N/A,#N/A,#N/A,#N/A,#N/A,0.982,0.677
06/01/2025,881.79,3457656,888.76,892.83,871.69,0.997,0.677
07/01/2025,879.19,2649823,879.38,888,869.11,0.612,0.653
12/01/2025,#N/A,#N/A,#N/A,#N/A,#N/A,0.999,0.765
13/01/2025,840.29,3024517,831.525,847.07,829.14,0.949,0.776
14/01/2025,828.4,3037650,843.2,844.8925,823.519,0.672,0.887
15/01/2025,848.26,3181383,836.44,850.84,830.41,0.789,0.857
16/01/2025,842.37,4028537,860.96,868.98,842.02,0.74,0.823
17/01/2025,858.1,3617565,859.79,865,852.13,0.995,0.822
18/01/2025,#N/A,#N/A,#N/A,#N/A,#N/A,0.969,0.873
19/01/2025,#N/A,#N/A,#N/A,#N/A,#N/A,0.661,0.825
20/01/2025,#N/A,#N/A,#N/A,#N/A,#N/A,0.888,0.816
21/01/2025,869.68,9851351,863.53,916.4,854.745,0.893,0.848
22/01/2025,953.99,14273210,998.025,999,950.76,0.605,0.822
23/01/2025,984.86,7752137,957.81,985,953.9,0.784,0.828
24/01/2025,977.59,4550397,984.41,986.28,967.68,0.323,0.732
25/01/2025,#N/A,#N/A,#N/A,#N/A,#N/A,0.196,0.621
26/01/2025,#N/A,#N/A,#N/A,#N/A,#N/A,0.187,0.554
27/01/2025,971.89,4634204,971.1,982.27,960.26,0.399,0.484
28/01/2025,971.83,3433972,966.71,977.934,957.3,0.748,0.463
29/01/2025,978.15,2930728,980,987.64,968.2345,0.241,0.411
30/01/2025,973.24,3867825,986.75,994.59,970.0101,-0.01,0.298
31/01/2025,976.76,3618718,974,990.2892,974,0.293,0.293
01/02/2025,#N/A,#N/A,#N/A,#N/A,#N/A,0.364,0.317
02/02/2025,#N/A,#N/A,#N/A,#N/A,#N/A,0.313,0.335
03/02/2025,978.94,3724197,973,987.6891,964.375,0.303,0.322
04/02/2025,994.87,6000137,980.47,1008,978.51,0.372,0.268
05/02/2025,1011.11,3997733,987.73,1011.825,986.68,0.364,0.286
06/02/2025,1015.68,3134293,1007.87,1016.35,1002.61,0.237,0.321
07/02/2025,1013.93,3212853,1017,1027.76,1005.6701,0.558,0.359
08/02/2025,#N/A,#N/A,#N/A,#N/A,#N/A,0.25,0.342
09/02/2025,#N/A,#N/A,#N/A,#N/A,#N/A,0.255,0.334
10/02/2025,1027.6,3296566,1023.05,1032.85,1015.88,0.636,0.382
11/02/2025,1008.08,3331797,1020.79,1022.69,1002.95,0.273,0.368
12/02/2025,1027.31,3388966,1005.49,1027.74,998.3473,0.741,0.421
13/02/2025,1043.69,3476068,1026.625,1045.9899,1025.1,0.183,0.414
14/02/2025,1058.6,3145430,1044.95,1064.5,1041.69,0.123,0.352
15/02/2025,#N/A,#N/A,#N/A,#N/A,#N/A,0.238,0.35
17/02/2025,#N/A,#N/A,#N/A,#N/A,#N/A,0.082,0.325
18/02/2025,1035.85,4229339,1060,1062,1023.749,0.376,0.288
19/02/2025,1043.33,2600048,1035.18,1044.9999,1024.51,0.146,0.27
20/02/2025,1024.54,3111831,1042,1045,1015.5941,-0.083,0.152
21/02/2025,1003.15,3738710,1029.42,1032.38,999.39,0.434,0.188
22/02/2025,#N/A,#N/A,#N/A,#N/A,#N/A,0.098,0.184
23/02/2025,#N/A,#N/A,#N/A,#N/A,#N/A,-0.25,0.115
24/02/2025,988.47,4426227,1008,1015.17,984.48,0.5,0.174
25/02/2025,#N/A,#N/A,#N/A,#N/A,#N/A,0,0.121
26/02/2025,#N/A,#N/A,#N/A,#N/A,#N/A,0.053,0.107
27/02/2025,#N/A,#N/A,#N/A,#N/A,#N/A,0.012,0.121
28/02/2025,#N/A,#N/A,#N/A,#N/A,#N/A,0.053,0.067
01/03/2025,#N/A,#N/A,#N/A,#N/A,#N/A,0.062,0.061
02/03/2025,#N/A,#N/A,#N/A,#N/A,#N/A,0.174,0.122
03/03/2025,#N/A,#N/A,#N/A,#N/A,#N/A,0.013,0.052
04/03/2025,#N/A,#N/A,#N/A,#N/A,#N/A,0.164,0.076
05/03/2025,#N/A,#N/A,#N/A,#N/A,#N/A,0.026,0.072
06/03/2025,#N/A,#N/A,#N/A,#N/A,#N/A,0.084,0.082
07/03/2025,#N/A,#N/A,#N/A,#N/A,#N/A,0.009,0.076
08/03/2025,#N/A,#N/A,#N/A,#N/A,#N/A,0,0.067
09/03/2025,#N/A,#N/A,#N/A,#N/A,#N/A,-0.1,0.028
10/03/2025,#N/A,#N/A,#N/A,#N/A,#N/A,0.026,0.03
11/03/2025,#N/A,#N/A,#N/A,#N/A,#N/A,0.225,0.039
12/03/2025,#N/A,#N/A,#N/A,#N/A,#N/A,0.124,0.053
13/03/2025,#N/A,#N/A,#N/A,#N/A,#N/A,0.027,0.044
14/03/2025,#N/A,#N/A,#N/A,#N/A,#N/A,0.215,0.074
15/03/2025,#N/A,#N/A,#N/A,#N/A,#N/A,-0.155,0.052
16/03/2025,#N/A,#N/A,#N/A,#N/A,#N/A,-0.012,0.064
17/03/2025,#N/A,#N/A,#N/A,#N/A,#N/A,0.027,0.064
18/03/2025,#N/A,#N/A,#N/A,#N/A,#N/A,0.149,0.054
19/03/2025,#N/A,#N/A,#N/A,#N/A,#N/A,0.095,0.049
20/03/2025,#N/A,#N/A,#N/A,#N/A,#N/A,0.103,0.06
21/03/2025,#N/A,#N/A,#N/A,#N/A,#N/A,0.255,0.066
22/03/2025,#N/A,#N/A,#N/A,#N/A,#N/A,0.243,0.123
24/03/2025,#N/A,#N/A,#N/A,#N/A,#N/A,0.021,0.128
25/03/2025,#N/A,#N/A,#N/A,#N/A,#N/A,0.199,0.152
26/03/2025,#N/A,#N/A,#N/A,#N/A,#N/A,0.06,0.139
27/03/2025,#N/A,#N/A,#N/A,#N/A,#N/A,0.188,0.153
28/03/2025,#N/A,#N/A,#N/A,#N/A,#N/A,0.15,0.159
29/03/2025,#N/A,#N/A,#N/A,#N/A,#N/A,0.275,0.162
30/03/2025,#N/A,#N/A,#N/A,#N/A,#N/A,0.179,0.153
31/03/2025,#N/A,#N/A,#N/A,#N/A,#N/A,-0.033,0.145
01/04/2025,#N/A,#N/A,#N/A,#N/A,#N/A,0.123,0.135
02/04/2025,#N/A,#N/A,#N/A,#N/A,#N/A,0.117,0.143
03/04/2025,#N/A,#N/A,#N/A,#N/A,#N/A,0.081,0.127
04/04/2025,#N/A,#N/A,#N/A,#N/A,#N/A,0.045,0.112
05/04/2025,#N/A,#N/A,#N/A,#N/A,#N/A,0.575,0.155
06/04/2025,#N/A,#N/A,#N/A,#N/A,#N/A,0.167,0.154
07/04/2025,#N/A,#N/A,#N/A,#N/A,#N/A,0.157,0.181
08/04/2025,#N/A,#N/A,#N/A,#N/A,#N/A,0.104,0.178
09/04/2025,#N/A,#N/A,#N/A,#N/A,#N/A,-0.082,0.15
10/04/2025,#N/A,#N/A,#N/A,#N/A,#N/A,-0.111,0.122
11/04/2025,#N/A,#N/A,#N/A,#N/A,#N/A,0.122,0.133
12/04/2025,#N/A,#N/A,#N/A,#N/A,#N/A,-0.008,0.05
13/04/2025,#N/A,#N/A,#N/A,#N/A,#N/A,0,0.026
14/04/2025,#N/A,#N/A,#N/A,#N/A,#N/A,0.088,0.016
