Date,Open,High,Low,Close/Last,Volume
29/04/2020,148.99,151.2934,147.89,149.56,1640846
30/04/2020,149.15,153.65,148.31,151.3,1590596
01/05/2020,148.69,151.15,147.24,148.84,919404
04/05/2020,148.31,154.9,148.31,154.69,943752
05/05/2020,155.34,161.6849,155.04,158.73,1278956
06/05/2020,160.2,166.3499,159.5,164.43,1146215
07/05/2020,165.81,171.64,165.51,170.29,1626288
08/05/2020,171,175.7,167.6,169.38,1926195
11/05/2020,169.45,176.39,168.725,174.33,1599412
12/05/2020,175,178.59,170.27,173.65,1631431
13/05/2020,175.19,180.99,171.11,177.36,2046751
14/05/2020,175.07,179.89,173.43,177.32,1544256
15/05/2020,177.16,183.19,176.25,181.6,1367239
18/05/2020,183.64,185.91,178.5,179.43,1588120
19/05/2020,179.43,183.96,178.81,180.78,1015370
20/05/2020,184.19,188.45,183.385,187.7,2262215
21/05/2020,189.75,191.42,184.2,187.74,1235488
22/05/2020,188,192.95,187.27,192.49,1294665
26/05/2020,196.57,196.9,183.67,184.17,2399893
27/05/2020,180,180.2883,166.65,179.42,3049146
28/05/2020,177.94,190.13,177.56,183.92,3321011
29/05/2020,184.32,196.79,184,195.58,4874337
01/06/2020,195.56,205.71,193.2957,204.78,2552056
02/06/2020,204,204.335,195.52,199.73,2323620
03/06/2020,200,201.33,193.15,195.21,1631655
04/06/2020,194.82,197.6999,184.6,186.29,2400652
05/06/2020,184.25,186.29,177.2264,180.6,2354549
08/06/2020,180.2,185.5599,177.38,185.13,1862510
09/06/2020,187.01,187.99,179.86,180.07,2994093
10/06/2020,179.1,182.73,173.06,181.45,4707326
11/06/2020,179.77,186.49,177,178.87,3226525
12/06/2020,182.61,184.39,175.842,179.24,1759119
15/06/2020,180.6,188,179.75,187.45,2640800
16/06/2020,189.41,189.595,181.4,188.1,2415074
17/06/2020,190.52,194.52,188.6475,194.32,2039080
18/06/2020,195,200.48,194.49,196.31,2128082
19/06/2020,198.8,201.1,196.0885,198.19,2827594
22/06/2020,199.65,201.94,196.17,199.19,1860883
23/06/2020,200.25,201.31,194.0266,195.62,1906718
24/06/2020,195.62,199.385,192.71,195.82,1742759
25/06/2020,196,204.23,190.65,204.22,2697303
26/06/2020,203.38,206.089,197.34,203.49,3428972
29/06/2020,203.4,203.4399,192.54,199.84,1743514
30/06/2020,195,202.5751,193.06,200.23,1712230
01/07/2020,199.02,212.015,196.59,210.92,2489242
02/07/2020,210.42,211.88,204.8,207.76,2061524
06/07/2020,211.01,213.19,203.84,207.26,2296989
07/07/2020,206.49,211.34,204.94,207.34,1724193
08/07/2020,209.74,219.99,209.51,219.78,2380073
09/07/2020,221.8,224.9,216.2258,222.95,1791960
10/07/2020,222.13,222.344,216.93,218.73,1184129
13/07/2020,221.335,221.5,199.2,200.09,3601562
14/07/2020,197.35,207.53,193.71,206.75,3047461
15/07/2020,205.89,205.89,198.65,204.05,2396246
16/07/2020,202.32,203.86,197.58,202.52,1416249
17/07/2020,204.27,207.77,200.355,207.38,1198321
20/07/2020,207.66,213.91,204.0401,213.24,1938202
21/07/2020,215,215.5,209.3,211.31,1177858
22/07/2020,212.75,216.03,208.79,210.82,752813
23/07/2020,212.21,218.45,204.8,206.77,1168301
24/07/2020,202.57,208.95,199.102,205.64,920584
27/07/2020,208.74,211,203.82,206,962224
28/07/2020,206.32,208,203.445,205.06,743220
29/07/2020,209.16,213.41,207.39,210.88,898738
30/07/2020,210.51,222.27,209.56,219.32,1662731
31/07/2020,222,222.5899,214.44,220.98,1049793
03/08/2020,221.69,223.77,217.5,222.32,1236205
04/08/2020,220.19,221.6,216.14,219.39,1033321
05/08/2020,220,226.89,217.88,223.56,1277677
06/08/2020,223.43,223.6,213.295,217.31,1007104
07/08/2020,213.45,214.29,203.61,208.23,1736537
10/08/2020,207.36,207.98,196.03,199.66,2292105
11/08/2020,198.6,203.34,193.71,196.18,1462231
12/08/2020,197.52,201.94,194.01,198.82,1147366
13/08/2020,200.17,205.1,200.17,202.83,1067517
14/08/2020,205,205,197.87,198.86,1138894
17/08/2020,200.1,202.2,195.28,199.73,1808046
18/08/2020,201.48,205.87,201.38,205.68,1267958
19/08/2020,208,209.98,202.31,205.29,974163
20/08/2020,205.29,212.9,204.51,211.03,1014305
21/08/2020,212.13,213.5,206.12,208.39,1052250
24/08/2020,211.24,211.5,202,205.12,965132
25/08/2020,205.45,209.66,203.375,209.53,939616
26/08/2020,216,226.08,215.5,224.14,2072877
27/08/2020,223.3,225,218,218.44,2760699
28/08/2020,212.32,217.42,207.1701,207.98,3951987
31/08/2020,210.1,215.75,209.54,215.37,1866287
01/09/2020,217.48,228.58,217.0367,224.5,2581357
02/09/2020,228.862,231.29,221,230.6,2485720
03/09/2020,223.254,226.43,207.21,208.78,4145462
04/09/2020,207.94,209.9499,191.91,203.44,2315598
08/09/2020,193.773,203.83,193.51,197.13,1307876
09/09/2020,201.28,203.32,195.9238,200.49,1315810
10/09/2020,202.51,206.5771,196.535,198.48,1116232
11/09/2020,200.84,201.19,192.36,193.66,1251440
14/09/2020,196.68,196.98,192.9152,194.69,1031460
15/09/2020,197.05,198.69,192.0024,193.42,1052674
16/09/2020,194.27,196.9,191.265,193.16,1274620
17/09/2020,187.49,195.23,185.0476,194.9,1583934
18/09/2020,195.14,199.97,193.03,197.65,1958849
21/09/2020,195.66,206.7499,195,206.47,1226887
22/09/2020,207.68,212.16,202.67,211.86,1332415
23/09/2020,210.8,214.24,206.87,207.72,892308
24/09/2020,205,205.99,199.68,204.53,783589
25/09/2020,208.23,218.1457,208,216.2,1676833
28/09/2020,216,216.45,209.55,213.33,916850
29/09/2020,212.18,216,211.77,213.56,637356
30/09/2020,212.5,215.77,210.04,213.85,759234
01/10/2020,216,220.8,213.62,219.3,924105
02/10/2020,212.97,220.71,211.8,219.06,1133919
05/10/2020,219.41,228,219,227.26,1492359
06/10/2020,226.5,235.38,226.355,232.49,2025217
07/10/2020,231.9,240.33,229.01,236.6,1825412
08/10/2020,236.6,239,232.6833,237.57,1593025
09/10/2020,236.98,240,234.55,236.45,1131263
12/10/2020,240,246.51,239,245.55,1624929
13/10/2020,246.05,249.54,242.6,246.95,1293808
14/10/2020,246.9,251.18,240.5071,243.11,923578
15/10/2020,237.153,247.8,235.01,246.31,919788
16/10/2020,248,248.05,243.23,243.95,769926
19/10/2020,245,248.44,240.37,242.09,729208
20/10/2020,242,245,230.695,231.68,1317341
21/10/2020,233.55,233.78,220.29,220.81,1397705
22/10/2020,222.32,223.6,215.785,216.55,1155417
23/10/2020,218.56,219.83,214.6906,219.51,1969743
26/10/2020,220.67,225.44,216.4101,219.2,1017442
27/10/2020,223.01,224.3,219.735,221.33,830712
28/10/2020,221.88,223.435,216.5,221.35,958512
29/10/2020,223.68,226.19,217.02,218.35,959277
30/10/2020,218,219.06,207.39,209.83,1002479
02/11/2020,210.005,212.43,200.62,203.86,1242466
03/11/2020,204.41,210.388,202.56,208.5,1091519
04/11/2020,217.78,230,217.01,228.82,1824604
05/11/2020,232.99,234.28,226,233.19,1319927
06/11/2020,233.38,237.52,226.4,233.26,945830
09/11/2020,219.29,228.98,209.53,217.39,1501355
10/11/2020,218.38,218.85,203.42,213.34,1374474
11/11/2020,217.03,220.99,216.16,219.41,665321
12/11/2020,222.27,226.93,220.4458,224.26,695294
13/11/2020,224.94,226.89,218.5,221.8,933867
16/11/2020,214.6,224.903,214.015,222.77,1100344
17/11/2020,224.17,229.18,223.2001,226.33,668479
18/11/2020,227.26,230.08,220.135,223.84,924279
19/11/2020,223.84,237.27,222.52,232.45,1181492
20/11/2020,237.98,241.9,232.61,232.65,1385189
23/11/2020,234.98,234.98,224.09,227.83,1808258
24/11/2020,230,231.79,226.3,229.52,1166597
25/11/2020,230.75,239.7,230.75,237.67,965355
27/11/2020,240,241.97,235.17,236.04,904374
30/11/2020,239,246.64,236.525,245.04,2218864
01/12/2020,244.12,244.27,235.14,236.99,1496701
02/12/2020,234.69,235.095,227.3,230.21,1768503
03/12/2020,246.39,258.7528,239.3,242.35,4154423
04/12/2020,241.27,245.6,238.59,240.98,1327082
07/12/2020,243.769,247.87,240.01,246.05,1113003
08/12/2020,245,254.07,244.9,251.13,1090464
09/12/2020,249.15,249.86,230.0701,232.38,2804967
10/12/2020,231.93,250.32,231,247.79,2245792
11/12/2020,247.98,252.99,243.6501,252.35,1484504
14/12/2020,253.22,255.99,248.29,251.54,1909216
15/12/2020,253.5,266.24,252.4074,255.15,2135217
16/12/2020,255,262.42,252.21,259.93,2396611
17/12/2020,262.609,273.23,262,271.37,2596880
18/12/2020,274.749,274.99,266.12,271.81,5752060
21/12/2020,271,278.99,269.33,275.54,1694529
22/12/2020,277.225,285.91,275,285.6,1746232
23/12/2020,287,287.35,272.27,272.52,1670933
24/12/2020,276.16,280.615,273.77,275.6,713557
28/12/2020,278.79,280,262.375,262.75,1504644
29/12/2020,265.78,267.13,258.42,261.75,1429579
30/12/2020,261.82,263.18,258.9,260.52,1228987
31/12/2020,261.53,261.833,253.68,254.26,1604235
04/01/2021,257.35,259.59,246.03,250.67,2186998
05/01/2021,245.23,251.25,242.5,249.55,2588132
06/01/2021,241.84,246.5,238.8184,239.72,1773448
07/01/2021,244,251.69,243.255,250.83,1406322
08/01/2021,251.64,254.76,247.34,253.12,1628128
11/01/2021,251.413,253.679,245.2,252.2,1420604
12/01/2021,254.58,257.99,253.1376,256.14,1149911
13/01/2021,260.33,262.05,255.41,256.6,1052864
14/01/2021,260,262.68,255.71,259.11,1028902
15/01/2021,260.99,263.82,251.52,252.99,1178486
19/01/2021,255.52,262.29,253.51,260.84,1049021
20/01/2021,265,265.3,259.36,264.09,998337
21/01/2021,265.99,266.1287,259.81,262.24,1024858
22/01/2021,264.48,265.2112,259.88,264,1049523
25/01/2021,267.95,270.99,255.5,263.46,1492751
26/01/2021,264.78,264.89,254.76,257.48,1471817
27/01/2021,253.44,257.3703,246.01,251.33,1374219
28/01/2021,251.13,261.55,250.51,258.48,1157123
29/01/2021,254.92,260.3,252.66,259.01,1025671
01/02/2021,260.71,267.3899,259,266.37,846774
02/02/2021,266.93,276.87,266.42,276.33,979305
03/02/2021,276,277.8,270.34,276.25,978857
04/02/2021,277.69,284,276.45,283.62,1031953
05/02/2021,282.27,284.37,278.74,282.94,813836
08/02/2021,283.29,286,280.0184,281.15,772258
09/02/2021,281.34,287.9548,279.33,279.89,1166370
10/02/2021,281,289.98,278.6,286.5,973466
11/02/2021,289.38,292.19,285.2507,286.64,646820
12/02/2021,286.8959,294,283.2032,291.78,724531
16/02/2021,292.235,292.5,281.33,285.07,815939
17/02/2021,279.45,284.6,275.1879,284.09,652906
18/02/2021,280.08,286.62,273.96,284.64,862755
19/02/2021,286.78,290.6,283.95,288.36,958655
22/02/2021,283,285.34,273.09,274.47,952237
23/02/2021,263.83,271.35,252,270.58,1387272
24/02/2021,267.99,270.66,259.4381,269.9,840022
25/02/2021,267.73,273.185,255.33,256.28,1105373
26/02/2021,264.51,266.2094,255.26,261.45,1327842
01/03/2021,269.66,271.505,262.085,269.81,1162208
02/03/2021,274.11,280.0986,257.47,259.06,1393332
03/03/2021,256.42,258.92,238.5,241.22,3325016
04/03/2021,220,239.51,218,226.22,9011479
05/03/2021,228.5,228.51,199.0801,215.96,6903123
08/03/2021,217,220.8,207,208.51,2701977
09/03/2021,218.99,224.14,215.7982,219.98,2190954
10/03/2021,232.5,232.5,221.74,225.21,2520826
11/03/2021,234.43,244.5652,232.8212,239.21,3150405
12/03/2021,234.28,236.25,221.16,227,2586434
15/03/2021,226.41,228.75,222,228.72,1782375
16/03/2021,230.99,232.98,222.15,227,1917615
17/03/2021,224.32,229.81,218.55,224.89,1750603
18/03/2021,221.94,221.94,208.2,209.04,2533552
19/03/2021,210.15,215.16,208.51,213.53,1887922
22/03/2021,217.4,224.83,217,222.5,1800580
23/03/2021,225,228.55,221.59,225.62,1150003
24/03/2021,226,227.97,217.64,218.59,1661586
25/03/2021,214.25,221.35,212.1465,217.61,1279515
26/03/2021,218,218.26,206.535,212.45,1959397
29/03/2021,212.01,217.74,210.93,215.82,1595155
30/03/2021,212.67,215.18,208.9,213.55,1681071
31/03/2021,217.13,225.29,215.8001,220.43,1604667
01/04/2021,225.99,232.75,225.665,229.7,1807995
05/04/2021,231.05,231.94,226.45,226.83,1266105
06/04/2021,226.28,232.07,224.61,228.55,1472105
07/04/2021,228.99,228.99,220.14,222.56,1781579
08/04/2021,227.7,242.88,227.3201,238.48,4077391
09/04/2021,241.3,246.42,235.765,244.26,2620141
12/04/2021,241.25,251.85,240.7901,248.96,2553877
13/04/2021,251.99,267.21,251.92,265.32,2697905
14/04/2021,264.81,268.14,258.77,259.91,1863978
15/04/2021,263.64,276.98,262.7,274.25,2184036
16/04/2021,273.71,273.8,264.68,269.98,2028353
19/04/2021,268.47,274.14,263.8,266.01,1096073
20/04/2021,263.68,268.81,261.24,265.8,980705
21/04/2021,262,277.07,260.6,274.54,1933921
22/04/2021,275.6,287.44,274.24,274.96,2574770
23/04/2021,276.48,282.73,276.38,279.3,1170819
26/04/2021,278.13,285.735,277.892,285.35,875526
27/04/2021,284,286.26,279.5701,283,861255
28/04/2021,282.68,285.09,278.1586,281.84,877537
29/04/2021,282.99,282.99,271,273.62,1579611
30/04/2021,269.15,276.775,268.11,269.7,1345541
03/05/2021,269.95,270.4599,255.54,255.92,2173226
04/05/2021,250.054,250.61,235.38,244.07,3219966
05/05/2021,246.98,249.3795,240.38,242.06,1088285
06/05/2021,241.24,241.54,230.43,234.39,2483455
07/05/2021,241.99,245.28,235.5418,237.27,1463529
10/05/2021,236.1,236.54,228.9,230.75,1439687
11/05/2021,219.45,240.53,218.55,237.9,2463363
12/05/2021,233.4,234.75,221.4694,225.6,2475907
13/05/2021,229.94,234.28,218.63,221.96,1944018
14/05/2021,227.64,231.3,223.28,229.25,1494551
17/05/2021,226.78,230.63,222.045,224.94,1505447
18/05/2021,228.08,232.2549,224.89,227.35,1334289
19/05/2021,222.7,230,221.1,228.42,1125034
20/05/2021,230.5,234.55,229.18,234.03,1387808
21/05/2021,239.12,243.19,238.09,238.31,1746170
24/05/2021,240.35,243.61,239.55,242.56,1299140
25/05/2021,242.79,245,239.13,244.15,1549999
26/05/2021,246.12,248,242.025,246.53,2389379
27/05/2021,226.89,229.67,215.62,222.4,10042560
28/05/2021,223.53,225.85,219.33,222.44,2993209
01/06/2021,223.1,223.595,216.73,218.64,2565031
02/06/2021,218,221.7,214.5,215.75,2012778
03/06/2021,215.11,216.9999,209.65,210.72,2947328
04/06/2021,213,215.69,212.25,213.36,1696945
07/06/2021,213.05,217.15,210.86,216.44,1935478
08/06/2021,217.08,221.97,214.5,217.3,1507926
09/06/2021,219.65,220.76,216.1,217.16,1298828
10/06/2021,216.01,222.14,215,222.12,1721775
11/06/2021,220.89,226.78,219,226.38,1684770
14/06/2021,226.79,231.82,225.71,227.79,2126348
15/06/2021,227.03,230,223.772,224.36,1220255
16/06/2021,225.26,227.36,219.24,223.22,2891647
17/06/2021,223,233.75,222,232.16,2917704
18/06/2021,233.4,242.6,232.4212,239.26,4426312
21/06/2021,238.4,239.06,232.32,233.18,1908094
22/06/2021,235.14,242,234.56,241.36,1930823
23/06/2021,241.79,245.205,240.5,242.49,1006737
24/06/2021,245,249,244,244.98,1120437
25/06/2021,246.81,246.9,241.63,246.13,1858480
28/06/2021,247.99,250.68,246.78,247.41,936978
29/06/2021,248.04,249.58,245.39,248.04,941060
30/06/2021,248.86,248.98,243.6,244.68,1148484
01/07/2021,243.75,246,239.5,240.74,1613687
02/07/2021,243,244.37,240.89,242.56,973693
06/07/2021,243.76,252.71,243.19,249.54,1566786
07/07/2021,252.49,253.64,248.1,250.27,1015271
08/07/2021,244.884,251.65,243.14,251.26,1368425
09/07/2021,247.22,252.1,244.12,251.84,1449688
12/07/2021,254.315,256.61,245.18,245.55,1799570
13/07/2021,248.46,252.3999,246.2001,249.09,1719304
14/07/2021,250,251.31,241.97,242.1,1082979
15/07/2021,242.94,244.56,235.02,237.58,1379178
16/07/2021,239.52,240.77,235.47,235.67,951577
19/07/2021,233.22,241.85,230.5001,241.35,1284369
20/07/2021,244.89,249.7,240.535,246.34,1471874
21/07/2021,245,248.0699,242.6135,247.25,857128
22/07/2021,248.37,250.85,246.37,249.71,1379579
23/07/2021,250.18,261,248.95,257.91,1861550
26/07/2021,256.8,256.93,251.5,253,1601778
27/07/2021,253,255.435,244.36,248.3,1700035
28/07/2021,249.09,253.22,247.595,250.5,910226
29/07/2021,251.21,252.23,247.78,248.18,966846
30/07/2021,245.78,250.93,244.4,247.79,904924
02/08/2021,248,248.38,240.81,245.58,1258124
03/08/2021,245.58,247.99,239.51,242.57,1225879
04/08/2021,242.9,247.75,242,247.38,1137971
05/08/2021,247,253.72,245.5,252.29,2091733
06/08/2021,249.76,251.25,238.95,240.12,1920764
09/08/2021,240,242.98,238.48,241.35,790880
10/08/2021,241.685,244.13,232.45,232.7,1294076
11/08/2021,234.64,237.7,231.06,234.49,1227921
12/08/2021,234,239.89,233,236.14,1273442
13/08/2021,236.36,239.61,234.12,235.84,804004
16/08/2021,235.19,237.12,229.15,231.82,1197907
17/08/2021,230.6,232,226.06,230.63,917328
18/08/2021,231.45,233.2973,228.13,228.93,735165
19/08/2021,228.3,232.23,226.92,230.91,915618
20/08/2021,230.92,234.32,230.71,230.97,1497577
23/08/2021,231.25,236.745,231.2001,235.68,1426367
24/08/2021,240,248.08,238.97,247.55,2040948
25/08/2021,254.25,262.9573,253.33,260.73,2640608
26/08/2021,255.55,264.4069,255.4,262.17,1529504
27/08/2021,261.08,265.26,260.1,262.38,1174408
30/08/2021,263,266.1786,260.11,264.98,1363838
31/08/2021,262.07,266.9474,260.36,263.6,1615193
01/09/2021,260,266.21,258.78,264.76,2347950
02/09/2021,262.315,276.2264,261.075,271.75,5247145
03/09/2021,270.03,276.3,267.7301,270.4,2179633
07/09/2021,268.82,269.88,263.39,264.94,2120308
08/09/2021,263.35,265.89,259.3101,263.46,1327134
09/09/2021,263.45,269.23,262.71,266.46,1188138
10/09/2021,265.52,265.625,253.32,253.98,1573541
13/09/2021,254.01,254.51,247.05,249.53,1627832
14/09/2021,249.53,254.36,249.24,253.29,1157895
15/09/2021,252.61,254.3,249.78,253.58,1276223
16/09/2021,253.58,255.88,249.01,255.78,1069271
17/09/2021,257.39,258.7,255,258.15,2538030
20/09/2021,252.53,257.91,250,252.65,1724654
21/09/2021,253.65,257.02,250.06,251.76,801569
22/09/2021,251.1,257.95,249.77,257.45,1101455
23/09/2021,259.29,259.5,251.58,255.38,1204748
24/09/2021,255.82,256.39,247.38,253.43,990063
27/09/2021,249.9,249.9,239.11,241.46,1757641
28/09/2021,243.12,243.19,234.65,235.75,1670776
29/09/2021,239.22,243.69,233.13,233.33,1074545
30/09/2021,234.64,239.22,234.2501,237.34,1227127
01/10/2021,238.19,240.21,234.7789,238.08,943935
04/10/2021,235,236.1,223.545,224.96,1797572
05/10/2021,225.91,229.6,224.01,227.83,1157603
06/10/2021,226.18,234.41,225.346,231.92,1209358
07/10/2021,234.179,237.45,233.57,233.96,1329008
08/10/2021,235.28,235.28,228.26,228.55,1105678
11/10/2021,226.59,230.36,225.1,225.86,1415126
12/10/2021,227.94,236.53,227.94,235.17,1354139
13/10/2021,237.37,247.58,237.37,247.2,1512930
14/10/2021,251,261.2968,251,255.53,2519351
15/10/2021,252.24,257.035,250.375,255.02,1202123
18/10/2021,253.97,260.38,252.6068,259.92,1309694
19/10/2021,260.14,262.44,257.31,257.71,981465
20/10/2021,258.66,262.5,254.62,256.28,613479
21/10/2021,254.73,261.08,254.73,259.77,786137
22/10/2021,259.17,260.82,256.18,260.38,739358
25/10/2021,260,265.07,258.52,261.05,818568
26/10/2021,262.53,263.5,255.34,255.71,973154
27/10/2021,256.15,258.3,249.07,250.01,1243989
28/10/2021,248.57,248.75,239.57,244.63,2124794
29/10/2021,244.97,249.79,244.01,247.18,1044266
01/11/2021,247.2,250.21,244.01,250.2,962957
02/11/2021,251.46,256.69,250.54,253.7,908442
03/11/2021,254.7,255,248.51,254.25,787081
04/11/2021,255.8,257.52,250.89,255.7,1092136
05/11/2021,257.38,258.61,250.77,254.89,723629
08/11/2021,254.8,261.37,254,257.95,1034384
09/11/2021,259.24,268.49,258,268.28,1430670
10/11/2021,266.92,269.91,256.67,258.04,1178706
11/11/2021,261.02,263.27,255.26,255.53,777080
12/11/2021,257.32,262.97,256,261.5,1091692
15/11/2021,261.61,262,257.11,260,696901
16/11/2021,260,268.18,258.02,267.95,1095541
17/11/2021,266.41,269.33,263.06,266.42,854805
18/11/2021,267.41,272.27,261.8,264.39,1140750
19/11/2021,264.35,264.39,239.91,240.68,3027766
22/11/2021,239.54,240,226.05,226.25,2276477
23/11/2021,224.6,224.65,214.57,215.64,2525240
24/11/2021,212.86,220.53,208.24,219.58,1900795
26/11/2021,221.1,224.21,217.01,222.69,920754
29/11/2021,224,225.73,218.84,223.61,1459282
30/11/2021,226.46,226.46,213.52,215.23,1968508
01/12/2021,218.54,219.5,196.78,198.08,3016507
02/12/2021,215.75,224.62,213.19,221.18,5852495
03/12/2021,219.95,225,210.23,214.59,2754134
06/12/2021,212.52,218.67,203.9394,217.88,2121140
07/12/2021,225,232.76,224.99,230.44,1970102
08/12/2021,230.44,244.18,227.53,240.07,2053239
09/12/2021,239.18,242.9,226.73,228.16,2041716
10/12/2021,229,233.66,222.48,223.66,1346288
13/12/2021,221.61,227.9,219.02,221.91,1272265
14/12/2021,217.954,222,212.39,217.36,1485367
15/12/2021,217.03,224.89,212.88,222.55,1953437
16/12/2021,223.09,223.75,206.81,211.8,2362290
17/12/2021,206.39,218.86,200.22,217.91,4725507
20/12/2021,214.32,223.1,210.93,218.91,1919277
21/12/2021,220.702,229.095,217.45,228.38,1551585
22/12/2021,228.38,234.79,225.87,228.34,971064
23/12/2021,227.38,229.38,224.91,228.31,596349
27/12/2021,227.95,232,227.6203,229.41,798249
28/12/2021,229.92,230.095,223.14,224.47,545616
29/12/2021,223.15,224.36,218.9812,224.18,818460
30/12/2021,224.97,229.67,224.4501,225.05,735163
31/12/2021,225,227.61,223.49,224.17,771111
03/01/2022,223.05,226.49,218.62,222.66,1249663
04/01/2022,221.75,222.9,207.07,215.01,1968864
05/01/2022,208.11,212.545,197.64,198.59,2045855
06/01/2022,197.65,206.53,192.75,202.22,2153894
07/01/2022,199.56,207.03,195.9501,196.67,1781393
10/01/2022,189.06,201.885,184.02,201.24,2915498
11/01/2022,198.61,213.31,197.46,207.98,1965396
12/01/2022,211.06,220.88,211.04,213.93,2197458
13/01/2022,212.9,214.38,201.78,202,2014498
14/01/2022,198.145,205.07,196,204.41,1702673
18/01/2022,199,204.35,195.83,197.2,1573964
19/01/2022,197.47,204,195.6,197.42,1298786
20/01/2022,203.02,210.41,200.16,200.32,2227154
21/01/2022,198.71,205.88,176.385,188.26,6285484
24/01/2022,181.62,191.67,172.53,190.9,4121017
25/01/2022,184.96,188.295,174.52,177.66,3547552
26/01/2022,184.01,190.98,176.22,178.04,3093972
27/01/2022,183.47,185.26,175.11,175.6,1573339
28/01/2022,175.99,184.625,171.86,184.24,1942144
31/01/2022,185.77,198.13,185.77,197.89,1763452
01/02/2022,199.4,201.63,192.815,201.42,1465021
02/02/2022,195.55,198.33,187.11,191.24,2521722
03/02/2022,185.09,188.47,180.08,182.8,1810764
04/02/2022,182.8,191.22,181.33,188.86,1273468
07/02/2022,187.94,195.39,186.79,188.09,968468
08/02/2022,184.72,191.49,182.5601,190.45,1052673
09/02/2022,195,196.35,190,195.46,933495
10/02/2022,191.27,203.79,190,196.28,1749358
11/02/2022,197.81,201.47,190.23,191.77,1495613
14/02/2022,190.8,196,187.67,189.41,1285069
15/02/2022,193.18,196.95,190.94,195.43,1256875
16/02/2022,191.99,192.99,186.01,188.55,1579927
17/02/2022,183.9,185.66,171.51,173.45,2752528
18/02/2022,174.21,175.25,163.45,164.67,3044525
22/02/2022,164.68,173.59,163.42,168.93,3693595
23/02/2022,169.98,171.32,159.48,159.51,1931988
24/02/2022,154.04,174.0299,152.51,173.56,3230249
25/02/2022,173.01,177.615,168.6,177.37,2272216
28/02/2022,177.37,186.11,177.37,182.84,4097061
01/03/2022,185.08,188.895,182.32,184.14,2399840
02/03/2022,184.2,184.65,177,182.7,2912635
03/03/2022,174,177.95,161.12,167.98,5256475
04/03/2022,167.2,172.9799,157.06,158.41,2694349
07/03/2022,159.63,161.6,152.89,154.4,2141944
08/03/2022,155.49,164.22,152.53,159.55,2536401
09/03/2022,165.135,171.88,161.995,170.3,2456727
10/03/2022,167.55,168.5737,162.7195,165.72,1374880
11/03/2022,167.21,167.2499,153.82,154.06,2056977
14/03/2022,152.5,156.24,144.28,146.1,2393784
15/03/2022,146.7,149.35,143.3,148.93,2026544
16/03/2022,150.95,157.72,145.88,155.79,3572624
17/03/2022,154.61,161.44,152.39,161.12,1849035
18/03/2022,160.89,174.95,160.63,174.5,4094938
21/03/2022,171.36,176.185,163.83,169.41,1919495
22/03/2022,155.88,169.46,154.45,166.43,8609308
23/03/2022,160.25,160.25,148.41,148.55,7244035
24/03/2022,149.78,149.78,137.185,144.5,8354673
25/03/2022,144.91,144.99,135.46,138.11,5506050
28/03/2022,139.73,150.26,139,149.86,4860611
29/03/2022,152,158.34,151.38,156.81,4143851
30/03/2022,154.22,158.4879,151.9238,152.6,2101067
31/03/2022,152.12,152.885,147.63,150.96,2764100
01/04/2022,151.22,153.12,147,148.79,2149532
04/04/2022,149.75,161.59,149.4,160.42,2665242
05/04/2022,161.06,161.61,155.2757,156.79,1827338
06/04/2022,152.74,153.084,148.17,150.1,1499425
07/04/2022,148.19,151.42,144.62,147.57,1305901
08/04/2022,146.3,147.5,142.4,142.86,1241424
11/04/2022,141.43,147.77,138.76,144.93,2206055
12/04/2022,148,151.76,143.22,143.36,1442462
13/04/2022,142.68,151.63,140.87,150.25,2219344
14/04/2022,150.14,150.78,143.22,143.57,2036867
18/04/2022,142.84,143.57,136.85,139.71,1607268
19/04/2022,140,150.805,139.57,149.05,1941843
20/04/2022,149.57,149.57,143.62,144.76,1361417
21/04/2022,147.49,149.66,137.57,138.77,2081644
22/04/2022,137.27,141.63,134.18,136.33,1813859
25/04/2022,134.78,140.23,134.41,138.4,1574231
26/04/2022,136.74,137.98,129.6121,129.69,1643374
27/04/2022,128.36,132.9,126.69,127.06,1448630
28/04/2022,129.98,132.96,124.2501,131.7,1667319
29/04/2022,129.29,131.055,118.88,119.31,2573416
02/05/2022,118.41,124.005,117.05,123.97,1667235
03/05/2022,122.85,125.3,117.18,117.72,2424280
04/05/2022,117.75,120.56,110.04,120.51,3110791
05/05/2022,119.17,119.17,109.9,111.17,2281497
06/05/2022,109.12,109.95,100.05,102.45,3986613
09/05/2022,98.24,100.49,87.641,88.83,5680325
10/05/2022,92.2,94.6,84.58,91.57,4878110
11/05/2022,89.01,93.72,83.26,84.46,3949131
12/05/2022,82.08,89.97,80.31,87.69,3095960
13/05/2022,90.99,98.29,90.4,97.7,3385847
16/05/2022,95.5,97.52,89.1,89.37,2163692
17/05/2022,92.22,94.13,84.47,87.48,3368316
18/05/2022,84.43,86.43,77.16,78.77,6090889
19/05/2022,78.9,86.34,77.3,83.03,4245726
20/05/2022,86.47,87.31,80.305,84.22,2779716
23/05/2022,84.03,84.6,80.04,83.51,2152183
24/05/2022,81.67,81.67,77.01,78.86,2119770
25/05/2022,78.43,83.785,78,82.57,2195160
26/05/2022,79.79,83.38,79.26,81.21,3314847
27/05/2022,82.88,86.25,82.375,86.06,2466380
31/05/2022,85.29,86.92,82.56,83.05,4354164
01/06/2022,84.43,87.57,82.32,84.43,2776139
02/06/2022,84.13,94.22,83.64,93.68,6110415
03/06/2022,107.023,111.35,98.12,98.38,14341230
06/06/2022,101.55,101.66,94.17,95,5703792
07/06/2022,93.11,99.75,92.09,99.74,3973713
08/06/2022,98.93,105.16,98.73,102.19,3987944
09/06/2022,100.8,101.14,94.56,94.92,4562666
10/06/2022,92.75,93.68,88.695,90.12,4301213
13/06/2022,85.81,87.11,80.83,81.66,3578364
14/06/2022,82.37,84.66,80.1,81.47,2709296
15/06/2022,83.59,87.615,82.8314,85.91,2746492
16/06/2022,82,83.68,77.9649,79.04,3443146
17/06/2022,80.06,83.29,79.4,82.67,5344677
21/06/2022,83.75,86.82,83.58,84.12,2633108
22/06/2022,82.49,87.74,82.3,86.02,2086114
23/06/2022,86.92,93.99,86.14,93.4,2722138
24/06/2022,94.8,101.35,94.35,101.26,5863091
27/06/2022,100.89,101.81,96.72,97.26,2421436
28/06/2022,97.43,99.61,91.83,92.6,1824867
29/06/2022,92.2,93.66,90.1,93.36,1902124
30/06/2022,92.32,92.89,87.3,90.4,2301381
01/07/2022,90.32,96.27,88.54,95.98,2424651
05/07/2022,95.64,102.84,93.8,102.56,2755384
06/07/2022,103.03,106.05,99.99,101.33,2411490
07/07/2022,100.51,104.29,100.17,103.66,1490172
08/07/2022,100.84,105.88,99.81,103.9,2313301
11/07/2022,102.59,104.72,98.77,100.38,2217829
12/07/2022,100.57,104.53,94.945,95.76,2731721
13/07/2022,93.78,98.69,91.29,97.1,2016322
14/07/2022,96.07,96.65,92.31,92.84,2374830
15/07/2022,93.54,95.82,91.5,94.02,1778444
18/07/2022,96.24,99.2,95.13,95.46,2275384
19/07/2022,97.27,97.63,92.2,95.69,1728612
20/07/2022,96.26,104.6,96.26,103.03,2415398
21/07/2022,102.53,104.98,101.37,104.4,1516837
22/07/2022,104.4,107.86,99.91,101.95,1611216
25/07/2022,101.68,101.68,98.27,99.14,1797617
26/07/2022,98.94,98.94,91.03,91.17,1877686
27/07/2022,93.87,96.52,92.47,96.42,2001849
28/07/2022,96.44,98.92,93.45,98.4,1640688
29/07/2022,98.34,98.6421,95.18,98.45,1743266
01/08/2022,96.91,102.44,95.25,98.53,1381005
02/08/2022,96.34,100.2299,96.325,97.88,1339108
03/08/2022,100.96,106.61,100.8,104.49,3145744
04/08/2022,103.61,105.42,100.54,104.07,1195029
05/08/2022,101,105.99,100.27,104.47,1233376
08/08/2022,105.67,110.94,105.03,107.22,1680971
09/08/2022,105.87,106.0634,99.81,101.43,2092073
10/08/2022,104.06,108.13,104.02,105.69,2562725
11/08/2022,107.13,109.345,101.885,102.49,1688528
12/08/2022,104.5,104.5,101.4,104.15,1090692
15/08/2022,102.7,107.86,102.35,107.11,1230427
16/08/2022,106,107.1,101.71,106.02,1451338
17/08/2022,103.7,104.63,100.2529,101.72,1338171
18/08/2022,101.07,102.5671,99.35,101.77,1032885
19/08/2022,99.12,100.14,92.9,96.21,2984590
22/08/2022,94.17,95.96,92.41,93.5,1636435
23/08/2022,94.83,97.52,93.44,93.51,1384052
24/08/2022,94.16,97.89,93.765,96.63,1588857
25/08/2022,96.65,98.68,95.3415,98.57,1865578
26/08/2022,99.68,99.68,92.14,93.48,1870945
29/08/2022,91.5,93.58,89.335,89.8,2664811
30/08/2022,91.35,93.78,88.22,91.16,1887335
31/08/2022,93.74,94.7814,89.76,91.4,4914738
01/09/2022,69.155,69.34,58.12,60.6,45872020
02/09/2022,61.86,66.4989,61.43,64.63,21050150
06/09/2022,64.34,64.7808,60.52,60.66,8497137
07/09/2022,60.82,61.97,59.35,61.19,7387473
08/09/2022,59.96,64.18,59.75,62.67,4949640
09/09/2022,63.8,65.23,62.88,64.7,6927008
12/09/2022,65.04,65.8,63.73,64.8,7237801
13/09/2022,61.54,63.01,60.7701,61.48,5549111
14/09/2022,61.2,61.85,60.01,60.8,5368937
15/09/2022,60.86,63.32,60.11,62.54,5468247
16/09/2022,60.27,60.7552,58.51,59.01,9963355
19/09/2022,58.81,59.37,57.71,58.91,4656568
20/09/2022,58.57,59.87,57.85,58.5,5726294
21/09/2022,59,59.5001,56.85,56.97,3331224
22/09/2022,56.13,57.16,55.2201,55.26,3568786
23/09/2022,53.91,55.16,53.15,54.18,3916480
26/09/2022,54.4,55.66,52.75,52.84,3755085
27/09/2022,54.32,55,52.93,54.07,2916103
28/09/2022,54.54,56.24,54.1305,55.65,3557691
29/09/2022,55.21,57.105,54.501,56.8,4715710
30/09/2022,56.5,59.89,55.85,56.87,4094036
03/10/2022,57.5,58.44,55.37,57.82,3959913
04/10/2022,59.82,60.72,59.12,59.77,3440026
05/10/2022,58.26,59.99,57.12,59.49,2034597
06/10/2022,57.83,59.47,57.05,58.01,3814128
07/10/2022,56.59,56.7587,53.55,53.72,3034619
10/10/2022,53.74,53.96,51.28,52.02,3029611
11/10/2022,52.3,52.49,49.9,50.76,4754236
12/10/2022,50.81,51.4,48.85,50.77,4053964
13/10/2022,48.45,52.08,47.54,51.41,4364716
14/10/2022,52.355,52.89,49.05,49.12,2598287
17/10/2022,51.05,53.36,50.26,52.03,3545550
18/10/2022,54.35,56.27,53.4,54.41,4392565
19/10/2022,53.7,55.49,53.0351,53.83,2925347
20/10/2022,54,56.37,53.6335,54.4,2741508
21/10/2022,53.66,55.08,51.78,55.01,3396152
24/10/2022,54.41,55.04,52.37,54.71,2321558
25/10/2022,55.64,58.35,55.49,58.31,3390610
26/10/2022,56.314,59.74,56.27,56.98,2523163
27/10/2022,57.52,58.46,56.295,56.53,2775848
28/10/2022,56.032,57.39,55.16,57.29,2320999
31/10/2022,57.68,57.82,55.57,56.12,3486781
01/11/2022,58.12,59.13,54.94,55,2291689
02/11/2022,54.73,54.86,50.85,50.93,3300742
03/11/2022,49.97,51.0512,48.46,50.15,4063859
04/11/2022,50,50.12,44.1204,45.02,7520725
07/11/2022,47.78,47.82,45.21,47.24,5522104
08/11/2022,47.69,49.41,46.03,47.7,3913199
09/11/2022,47.19,47.51,45.15,45.51,3532548
10/11/2022,49.01,51.99,48.29,49.25,6759369
11/11/2022,49.535,54.82,49.05,54.35,6175399
14/11/2022,53.345,54.02,51.17,51.41,4434179
15/11/2022,54.18,55.43,52.815,53.42,3706661
16/11/2022,51.79,52.31,50.07,50.42,2885022
17/11/2022,48.48,50.34,48,49.07,3112079
18/11/2022,50.42,50.55,48.29,49.86,10568530
21/11/2022,49.23,49.53,47.704,48.29,3017860
22/11/2022,47.73,48.35,46.775,47.97,2640423
23/11/2022,48.31,51.16,47.5,50.74,3558705
25/11/2022,50.31,50.47,49.53,50.09,1118929
28/11/2022,49.65,51.28,49.4,50.2,5520099
29/11/2022,50.08,52.49,50.08,51.25,5774549
30/11/2022,49.56,53.7133,49.01,53.32,8750988
01/12/2022,61.955,67.6199,61.37,67.43,20131520
02/12/2022,65.5,66.94,63.4,65.08,6615647
05/12/2022,64.92,65.08,60.62,61.94,4305412
06/12/2022,62,62.39,60.22,61.89,2658124
07/12/2022,62.13,63.88,61.085,61.66,4468789
08/12/2022,62.34,65,60.51,63.82,2769948
09/12/2022,63.47,65.87,62.95,64.42,3051428
12/12/2022,64.68,68.73,64.22,68.49,4524922
13/12/2022,73.08,74.18,68.1,70.52,6229643
14/12/2022,70.52,72.35,69.6201,70.91,2549370
15/12/2022,69.42,71.43,67.76,67.98,3919642
16/12/2022,67.56,68.99,66.4,67.92,6281852
19/12/2022,67.95,68.28,64.8,65.35,2168196
20/12/2022,64.09,67.05,63.5,66.27,2171366
21/12/2022,65.89,68.13,61.71,67.94,3529593
22/12/2022,66.53,68.33,65.6,67.81,2761842
23/12/2022,66.62,67.1,65.23,67.04,1693552
27/12/2022,65.66,66.22,64.4912,64.96,1434859
28/12/2022,64.645,66.26,64.52,65.38,1477168
29/12/2022,66.295,68.9,65.38,68.37,1838733
30/12/2022,66.61,68.4896,66.28,68.33,1417568
03/01/2023,69.86,70.67,66.96,69.55,2074749
04/01/2023,71.04,71.7,69.25,70.18,2237081
05/01/2023,69.05,69.1,66.115,66.76,2580170
06/01/2023,65.77,68.375,64.66,68.03,2684094
09/01/2023,69.88,70.95,67.92,69.02,2339789
10/01/2023,68.38,69.63,67.12,67.99,2733472
11/01/2023,67.41,67.79,64.61,64.9,4235330
12/01/2023,63.04,65.9,62.4,65.85,3900917
13/01/2023,64.84,70.13,64.6299,69.76,3635861
17/01/2023,69.77,71.2,67.325,71.12,2696155
18/01/2023,72,72.59,68.49,68.59,2479706
19/01/2023,67.28,68.18,65.661,67.67,2173383
20/01/2023,68.5,69.02,66.92,68.7,2166618
23/01/2023,69.38,70.3078,67.89,69.83,2692694
24/01/2023,70.22,72.0388,68.52,68.7,2365038
25/01/2023,66.7,68.4399,64.67,67.96,2448131
26/01/2023,69.14,70.08,67.46,69.99,1993663
27/01/2023,69.29,72.3583,69,71.38,1728804
30/01/2023,74,74,69.16,69.21,2322858
31/01/2023,69.21,74.4,68.92,73.61,3275374
01/02/2023,73.5,76.765,71.04,76.15,3537853
02/02/2023,80.71,82.0999,78.37,81.27,5656165
03/02/2023,78.48,81.14,76.57,77.47,2781684
06/02/2023,76.4,79,75.71,76.34,1619079
07/02/2023,76.04,77.64,74.12,77.22,1480154
08/02/2023,77.51,78.19,75.75,75.91,1669836
09/02/2023,77,78.825,76.53,77.16,2040131
10/02/2023,75.99,76.53,73.15,76.39,2731238
13/02/2023,74.56,76.3694,73.595,75.56,2945828
14/02/2023,73.43,77.45,73.03,77.28,2499603
15/02/2023,77.43,78.7499,76.03,78.46,1915418
16/02/2023,76.33,77.96,75.24,75.27,1752121
17/02/2023,74.155,74.79,71.91,74.01,1905587
21/02/2023,72.01,73.1812,71.21,72.17,2065691
22/02/2023,72.87,73.955,72.43,72.56,1495366
23/02/2023,73.3,73.7056,70.65,73.42,2017914
24/02/2023,71.04,72.29,70.1201,72.27,1646722
27/02/2023,72.84,73.6,71.48,71.64,1621252
28/02/2023,72.21,72.56,70.31,71.29,2639495
01/03/2023,71.54,72.64,70.6,71.44,3626026
02/03/2023,81,81.55,76.3,80.91,13229220
03/03/2023,81.36,87.455,81.0912,85.55,6937679
06/03/2023,85.13,86.24,82.8678,84.15,3257782
07/03/2023,84.65,87.88,84.1,85.42,2689656
08/03/2023,85.25,86.54,83.88,85.96,2704168
09/03/2023,85.55,87.27,83.42,83.65,2605073
10/03/2023,83.405,83.405,79.41,81.03,2987772
13/03/2023,78.99,82.71,77.51,79.99,2605283
14/03/2023,81.74,82.61,80.66,81.81,1541063
15/03/2023,80.99,83.45,80.45,83.21,2040258
16/03/2023,83.24,84.95,81.11,84.36,2476656
17/03/2023,85.12,85.43,82.98,83.83,3018648
20/03/2023,83.28,84.48,82.305,84.24,1791773
21/03/2023,84.88,86.05,83.43,84.48,2318142
22/03/2023,84.11,85.06,82.17,82.29,1960398
23/03/2023,83.22,85.2349,82.96,84.26,1578192
24/03/2023,83.78,83.93,82.06,82.25,1234998
27/03/2023,82.3,83.74,81.79,83.33,1790721
28/03/2023,83.32,83.68,81.975,82.16,1250060
29/03/2023,83.3,84.85,82.8463,84.19,1430535
30/03/2023,85.23,85.94,84.07,84.34,1179750
31/03/2023,84.97,86.63,83.8,86.24,1943023
03/04/2023,85.77,85.87,83.3,83.45,1803469
04/04/2023,83.84,84.06,81.97,82.23,1742750
05/04/2023,81.5,81.645,77.63,78.59,2379505
06/04/2023,78,80.01,76.7,79.96,1902850
10/04/2023,78.87,78.98,76.6,78.01,1957922
11/04/2023,77.04,78.645,75.74,78.23,2602125
12/04/2023,80.29,80.68,75.87,75.96,1873020
13/04/2023,76.08,77.72,75.69,75.75,1842364
14/04/2023,74.92,75.38,73.3,74.3,2833704
17/04/2023,75.06,77.91,74.1,77.74,1805744
18/04/2023,79.59,80.0999,77.11,77.81,1871585
19/04/2023,76.11,77.51,76.1,76.91,1466596
20/04/2023,75.81,77.37,75.53,76.37,1273760
21/04/2023,76.81,77.2899,75.78,75.96,1074029
24/04/2023,76.21,76.32,73.065,73.15,1667055
25/04/2023,72.18,72.37,69.77,69.88,2783780
26/04/2023,71.31,71.4,68.95,69.24,2147029
27/04/2023,70.11,70.5,68.93,70.03,1477252
28/04/2023,68.44,69.28,67.25,68.53,2045079
01/05/2023,67.41,68.64,66.82,68.64,2353108
02/05/2023,68.35,70.5,67.18,70.28,3461039
03/05/2023,70.2,70.85,68.13,70.15,2655597
04/05/2023,69.82,73.09,69.82,72.65,2506154
05/05/2023,72.91,74.26,72.58,73.78,1468144
08/05/2023,75.27,79.4,75.25,79.25,3328591
09/05/2023,79,80.08,75.95,76.03,1984820
10/05/2023,76.62,79.2,76.35,78.25,1900243
11/05/2023,78.25,79.13,77.11,78.89,1829079
12/05/2023,78.75,78.75,75.31,76.47,1628886
15/05/2023,76.51,78.64,76.195,78.38,1450628
16/05/2023,77.13,78.555,76.74,78.11,975626
17/05/2023,78.27,80.47,77.4696,80.35,1337850
18/05/2023,80.35,81.37,79.47,81.19,1931106
19/05/2023,80.68,82.57,80.37,82.15,1917532
22/05/2023,81.73,85.855,81.35,85.44,2475467
23/05/2023,84.86,86.7899,83.07,83.42,1718309
24/05/2023,83,85.24,82.54,84.67,1613725
25/05/2023,85.41,85.73,83.54,84.57,1547796
26/05/2023,84.57,88.76,84.45,88.1,2221964
30/05/2023,90.42,90.9999,87.655,90.11,3273330
31/05/2023,89.64,91.5,88.85,90.9,5496925
01/06/2023,74.14,75.78,70.2,74.69,19694180
02/06/2023,76,76.1599,73.2017,73.83,6589675
05/06/2023,73.5,73.705,71.3,72.01,4972879
06/06/2023,71.73,73.75,71.3,72.64,2870924
07/06/2023,72.8,73.32,71.36,72.03,2439550
08/06/2023,71.87,72.97,71.36,71.45,2095519
09/06/2023,71.55,73.06,70.8309,71.4,2496327
12/06/2023,71.82,73.35,71.455,73.09,2354435
13/06/2023,74.29,76.09,73.585,76.07,4035287
14/06/2023,75.8,76.7799,73.93,74.42,2672502
15/06/2023,74.12,76.71,73.66,76.18,2396335
16/06/2023,76.97,77.3,74.75,75.75,3924976
20/06/2023,74.49,75.98,73.33,73.35,1997191
21/06/2023,72.63,73.085,69.21,70.35,3848016
22/06/2023,69.73,71.02,68.9,70.99,1970807
23/06/2023,70.17,70.42,69.19,69.25,2013085
26/06/2023,69.29,70.4,68.67,69.63,1454777
27/06/2023,69.77,70.332,68.69,69.23,2251257
28/06/2023,69.32,70.18,68.52,69.59,2643814
29/06/2023,69.54,69.87,68.685,69.17,2002803
30/06/2023,69.5,70.98,69.21,69.35,2126514
03/07/2023,69.67,70.5,68.67,69.26,1391588
05/07/2023,68.97,70.5,68.13,70.34,2006948
06/07/2023,68.98,69,67.72,68.57,2136773
07/07/2023,69.09,69.61,68.41,68.53,1265137
10/07/2023,68.27,70.38,68.09,69.74,1915175
11/07/2023,69.85,70.67,68.695,70.59,2496366
12/07/2023,71.81,71.95,69.74,70.95,2036282
13/07/2023,71.59,73.78,71.41,73.53,2707176
14/07/2023,73.7,74.44,70.42,70.69,2572931
17/07/2023,70.71,72.1795,70.26,70.85,3219409
18/07/2023,70.69,71.1973,69.93,70.84,3107525
19/07/2023,71.66,73.16,69.845,70.37,3157119
20/07/2023,69.7,70.5,69.3,69.76,2603881
21/07/2023,70.57,71.09,69.64,70,1894093
24/07/2023,70.2,71.0566,69.63,70.5,1442770
25/07/2023,70.96,71.93,70.42,70.53,1198913
26/07/2023,70.73,72.1,70.25,71.41,2543070
27/07/2023,72.5,72.7,70.02,70.31,1224767
28/07/2023,71.21,74.11,71.11,73.98,1771976
31/07/2023,74.5,76.94,74.5,76.86,1933962
01/08/2023,76.37,76.42,75.2,76.19,1187425
02/08/2023,75.2,75.23,71.835,72.34,1840541
03/08/2023,72.33,73.68,71.79,72.94,1364936
04/08/2023,73.94,74.27,71.79,72.56,1745468
07/08/2023,72.75,73.29,70.85,73.12,1471302
08/08/2023,71.67,71.7,69.4801,71.48,1944086
09/08/2023,71.71,71.83,69.9,69.95,1100728
10/08/2023,70.76,72.34,70.75,72.08,1010667
11/08/2023,71.49,72.6875,71.19,71.4,866752
14/08/2023,74.61,74.66,71,72.26,3132219
15/08/2023,71.61,73.06,71.5,72.26,1378801
16/08/2023,71.86,73.16,71.55,72.37,1423567
17/08/2023,72.34,72.34,70.275,70.71,1616106
18/08/2023,69.22,72.05,68.79,71.725,1596427
21/08/2023,71.88,73.52,71.82,72.94,1621296
22/08/2023,72.96,73,70.93,71.38,1361083
23/08/2023,71.72,73.61,71.23,73.51,1234576
24/08/2023,74,74.1631,71.37,71.37,1300269
25/08/2023,71.28,72.4,70.17,72.23,1472760
28/08/2023,71.99,72.9,71.41,72.12,1762303
29/08/2023,71.9,73.15,71.09,71.86,2206295
30/08/2023,71.94,73.79,71.775,73.57,4698007
31/08/2023,78.61,86.5,78.23,83.51,12111300
01/09/2023,84.46,86.66,84.3601,86.16,4481112
05/09/2023,85.28,88.8255,85.27,87.17,4684316
06/09/2023,86.51,88.15,86.245,87.5,3512844
07/09/2023,86.53,88.8,86.23,87.68,2509223
08/09/2023,87.6,88.3199,86.542,87.38,1655902
11/09/2023,87.52,90.7296,87.52,90.08,2528941
12/09/2023,89.17,90.425,87.59,87.59,2327631
13/09/2023,87.38,88.47,87.09,87.44,1854891
14/09/2023,87.48,87.5891,83.16,86.03,4305988
15/09/2023,85.4,86.37,83.7,84.31,4511701
18/09/2023,83.28,83.8,82.15,83.16,2347890
19/09/2023,82.57,83.6,81.8,82.04,1892203
20/09/2023,82.04,84.56,81.45,83.53,1608884
21/09/2023,82.5,83.935,81.09,81.13,2130925
22/09/2023,82.41,82.62,80.55,80.68,1204210
25/09/2023,80.43,80.605,79.8,80.19,1208078
26/09/2023,79.63,80.6,79.12,79.63,1220579
27/09/2023,79.77,81.48,79.52,80.7,1210686
28/09/2023,79.68,81.63,79.345,81.46,1573833
29/09/2023,82.37,83.89,80.91,81.51,2279465
02/10/2023,82.36,83.62,79.81,80.72,3208809
03/10/2023,79.52,81.49,78.36,78.84,1890188
04/10/2023,78.96,79.7,77.44,78.01,1819654
05/10/2023,78.04,78.3199,76.415,76.98,1778256
06/10/2023,75.53,80.635,75.47,80.42,2914059
09/10/2023,79.67,85.65,79.67,83.5,3667535
10/10/2023,83.5,85.9,82.79,85.02,2157245
11/10/2023,85.48,88,85.32,87.97,3208886
12/10/2023,87.84,88.06,84.225,84.6,2786925
13/10/2023,85.03,85.76,82.76,83.08,1394643
16/10/2023,83.1,87.13,82.81,86.51,1787992
17/10/2023,85.198,88.53,85.01,86.17,2023785
18/10/2023,85.07,87.34,85,85.395,1282146
19/10/2023,86.7,87.18,85.01,85.46,1423610
20/10/2023,85.29,85.294,73.55,75.57,11018550
23/10/2023,69.3,70.75,67.8,69.42,11192090
24/10/2023,69.81,72.88,69.605,71.91,4576995
25/10/2023,71.52,71.95,66.53,67.42,3970393
26/10/2023,67.89,69.42,67.25,67.7,2368206
27/10/2023,68.2,68.7255,66.74,67.08,1630119
30/10/2023,67.49,67.72,65.26,65.76,1963006
31/10/2023,66.07,67.95,65.41,67.41,1636347
01/11/2023,67.78,68.87,67.23,68.73,1612857
02/11/2023,69.91,70.9502,65.04,67.99,3697528
03/11/2023,69,70.82,68.15,69.88,2111340
06/11/2023,70,70.12,67.2,67.76,2120401
07/11/2023,68.98,69.7,67.44,68.45,1785407
08/11/2023,68.32,68.66,67.04,67.45,2236469
09/11/2023,67.49,68.84,66.01,66.3,2423857
10/11/2023,66.51,67.99,65.9775,67.77,1441689
13/11/2023,67.25,69.11,66.99,68.23,1605417
14/11/2023,70.25,71.54,70.05,70.18,1896359
15/11/2023,70.7,72.53,70.25,70.41,1550295
16/11/2023,69.61,70.98,69.29,69.62,1405657
17/11/2023,69.49,70.46,68.9155,70.22,1035147
20/11/2023,70.09,72.22,70.09,72.06,1538420
21/11/2023,71.53,72.34,69.96,71.02,1732153
22/11/2023,70.855,73.07,70.36,71.93,1904898
24/11/2023,71.91,73.25,71.5,73.25,1149714
27/11/2023,72.31,72.7,70.28,70.28,3988126
28/11/2023,70.03,73.29,69.905,72.61,3867733
29/11/2023,70.52,72.14,67.39,70.77,10401610
30/11/2023,69.3,70.79,66.69,67.05,6770422
01/12/2023,67.225,73.78,67.13,73.63,5210360
04/12/2023,72.9,74.25,71.81,72.5,3207645
05/12/2023,71.82,72.75,71.15,72.69,1833094
06/12/2023,72.85,74.8,71.76,73.98,2561917
07/12/2023,73.98,73.98,71.32,72,3032578
08/12/2023,71.89,73.5,71.58,72.01,2784358
11/12/2023,72,74.0675,71.61,73.535,1466349
12/12/2023,73.37,77.44,73,76.99,3412356
13/12/2023,77.05,78.98,76.06,78.64,2998033
14/12/2023,80,82.99,78.58,81.06,4964312
15/12/2023,81.58,83.53,81.12,83.17,6175163
18/12/2023,82.88,84.58,82.06,84.35,3602433
19/12/2023,84.48,86.88,84.26,86.68,2632611
20/12/2023,86.37,87.6,84.96,85.27,2080162
21/12/2023,85.65,89.15,85.59,89.04,3018495
22/12/2023,89.04,89.8,88.15,89.36,1843238
26/12/2023,89.65,92.22,89.07,91.72,2321468
27/12/2023,91.67,92.38,90.59,90.6,2198605
28/12/2023,90.5,91.73,89.8,91.33,1333880
29/12/2023,90.78,91.605,89.98,90.53,1226057
02/01/2024,89,89.3125,86.25,87,2551558
03/01/2024,85.68,86.8878,83.72,83.87,1916428
04/01/2024,83.11,84.32,82.62,83.37,1417218
05/01/2024,81.9,83.6715,81.81,82.46,1638841
08/01/2024,82.32,83.87,82.12,83.86,1354581
09/01/2024,83.17,85.5599,83.17,83.99,1970072
10/01/2024,84.5,84.53,82.41,83.95,1621954
11/01/2024,83.89,84.9787,82.49,83.78,1491607
12/01/2024,83.91,85.19,83.67,83.79,1184305
16/01/2024,82.83,83.32,82.24,82.66,1246435
17/01/2024,81.67,82.5,79.61,81.85,1434164
18/01/2024,82.46,83,80.69,81.22,1266847
19/01/2024,81.85,82.1,80.53,81.28,1827045
22/01/2024,83.33,86.07,82.9501,84.55,3135829
23/01/2024,85.4,86.31,84.3142,86.21,1934404
24/01/2024,87.27,88.04,85.0059,85.06,1506088
25/01/2024,86,86,83.94,84.51,944940
26/01/2024,84.05,85.6,83.87,84.77,941401
29/01/2024,84.91,87.2,84.72,87.16,1363507
30/01/2024,86.8,87.06,84.9403,85.38,1057628
31/01/2024,84.96,85.39,82.64,82.65,1249564
01/02/2024,83.84,85.51,82.96,84.9,1775716
02/02/2024,83.6,84.27,81.7,82.78,1806447
05/02/2024,81.72,82.545,80.61,82.14,1172356
06/02/2024,82.37,82.96,80.3914,81.86,1004204
07/02/2024,82.25,83.727,82.12,83.56,1671125
08/02/2024,83.34,85.5,82.705,84.68,1154016
09/02/2024,86,88.99,85.63,87.85,1823512
12/02/2024,87.7,88.51,85.64,85.93,1189562
13/02/2024,82.21,85.46,80.6061,83.4,2125363
14/02/2024,84.31,88.5,83.53,87.6,2717158
15/02/2024,89.36,89.48,87.0001,89.44,2312372
16/02/2024,90.23,90.95,87.885,88.86,1827309
20/02/2024,86.95,86.99,82.135,83.66,2863079
21/02/2024,80.75,82.54,79.35,81.18,2655294
22/02/2024,83.11,83.32,81.9,82.3,1674453
23/02/2024,82.98,84.47,82.43,83.24,1465754
26/02/2024,83.52,86.94,82.535,86.32,2198303
27/02/2024,86.69,88.15,85.565,86.91,2122852
28/02/2024,86,88.64,85.3914,87.3,5748812
29/02/2024,107.42,112.08,102.77,107.3,21550860
01/03/2024,107.64,110.4,106.33,108.49,5652447
04/03/2024,109.49,110,106.56,109.26,2864081
05/03/2024,108.33,108.45,104.18,106.99,2585496
06/03/2024,109.66,111.14,106.87,108.9,2737455
07/03/2024,109.83,112.451,108.635,111.49,3501036
08/03/2024,112.5,114.5,110.145,110.3,1864633
11/03/2024,109,110,107.09,108.31,1976832
12/03/2024,108.44,108.9238,106.85,107.72,1456692
13/03/2024,107.1,110.13,106.75,109.66,1393889
14/03/2024,109.59,109.8026,105.86,107.7,1552657
15/03/2024,107,107.5899,105.45,106.1,2938916
18/03/2024,106.27,106.89,104.78,105.88,1633105
19/03/2024,104.14,105.77,103.61,105.36,1120463
20/03/2024,105.83,106.28,104.73,105.5,1317345
21/03/2024,107.07,107.3005,104.74,104.76,1070206
22/03/2024,104.61,106.51,103.65,106.13,1448550
25/03/2024,105.62,105.98,104.6,105.65,885472
26/03/2024,106.33,108.5479,104.12,104.43,1505066
27/03/2024,105.44,105.69,103.14,104.92,1412907
28/03/2024,104.8,105.95,104.25,104.62,1000199
01/04/2024,104.66,105.01,102.92,103.49,1126980
02/04/2024,102.49,102.77,100.79,102.64,1313325
03/04/2024,102.78,102.86,101.25,102.16,1028269
04/04/2024,102.21,102.65,99.36,99.42,1993500
05/04/2024,99.85,101.76,99,101.5,1255341
08/04/2024,101.2,101.69,100.15,101.01,634963
09/04/2024,101,101.94,100.445,101.23,674142
10/04/2024,98.62,100.47,98.62,99.45,951401
11/04/2024,100,101.25,99.35,100.8,965115
12/04/2024,100.76,100.76,97.777,98.26,1552291
15/04/2024,98,98,94.19,94.23,1725864
16/04/2024,94.29,95.5,93.34,95.01,1098125
17/04/2024,95.3,95.92,93.76,93.8,990189
18/04/2024,93.8,95.84,93.1,93.71,800962
19/04/2024,93.27,94.255,91.2601,92.03,1104144
22/04/2024,92.31,93.92,91.69,93.24,1025575
23/04/2024,93.62,95.49,93.33,94.37,806312
24/04/2024,95.2,96.25,93.2,93.76,1302481
25/04/2024,91.54,93.395,90.67,92.93,854659
26/04/2024,93.67,94.3,92.09,92.29,793448
29/04/2024,93.31,94.4,92.56,93.16,975810
30/04/2024,92.1,93.98,92.1,92.98,1290038
01/05/2024,94.16,95.41,92.0256,93.34,951701
02/05/2024,94.35,95.6,92.3701,95.48,1245527
03/05/2024,96.9,97.735,94.975,96.55,982258
06/05/2024,97.83,99.47,96.93,99.25,1608819
07/05/2024,98.64,99.6542,97.95,98.56,1081497
08/05/2024,97.24,98.12,96.31,97.54,1388978
09/05/2024,97.5,98.12,96.6,98.12,763472
10/05/2024,98.2,98.8471,96.5,97.42,1227915
13/05/2024,98,99.24,97.42,98.4,1523135
14/05/2024,99.01,99.57,97.51,97.89,933347
15/05/2024,99.03,100.49,98.32,99.27,1473626
16/05/2024,99.09,100.79,98.75,100.74,1161509
17/05/2024,100.94,104.1087,100.54,102.96,2727522
20/05/2024,102.85,103.25,101.25,102.63,1066588
21/05/2024,101.71,102.33,101.3,101.38,950874
22/05/2024,101.38,101.965,100.295,100.87,792306
23/05/2024,102.04,102.75,98.41,98.74,1696687
24/05/2024,98.32,98.39,96.725,97.16,1432494
28/05/2024,98,98.34,95.14,96.15,2607796
29/05/2024,95.02,97.16,94.7934,96.36,5162680
30/05/2024,100.94,101.5,87.82,88.81,9808272
31/05/2024,89.21,91.5877,86.2539,88.68,4041445
03/06/2024,90.49,91.73,87.4,88.5,2333356
04/06/2024,88.1,89.1,86.52,86.62,1695851
05/06/2024,87.51,88.95,87.0101,88.51,1529791
06/06/2024,88.27,89.28,87.5601,87.69,1194293
07/06/2024,87.25,87.71,86.11,87.42,1016412
10/06/2024,86.82,89.32,86.54,89.11,2090029
11/06/2024,88.95,89.83,88.29,89.14,1517591
12/06/2024,90.57,91.68,88.89,89.29,1645357
13/06/2024,88.83,89.4193,87.37,88.24,1264646
14/06/2024,88.41,90.465,87.92,89.76,1500850
17/06/2024,89.04,90.45,88.33,89.78,1500539
18/06/2024,89.44,89.99,87.41,87.54,1336064
20/06/2024,87.15,87.99,85.73,86.52,1606091
21/06/2024,86.32,87.18,85.8029,86.91,3128898
24/06/2024,86.51,88.68,86.35,88.35,1886250
25/06/2024,88.5,89.25,87.675,88.9,1391215
26/06/2024,88.54,89.365,88.13,88.3,677671
27/06/2024,88.11,92.59,88.0875,92.37,1865729
28/06/2024,92.8,95.29,92.6,93.61,3899890
01/07/2024,93.14,94.63,92.0201,94.55,1423470
02/07/2024,94.84,96.225,93.14,93.61,1113683
03/07/2024,94.01,94.7699,93.41,93.79,563728
05/07/2024,93.08,96.55,92.79,96.35,1239114
08/07/2024,96.14,98.25,95.77,98.05,2013808
09/07/2024,98,98.32,91.6,94.64,2134576
10/07/2024,95,95,91.14,92.79,1442158
11/07/2024,93.88,95.87,92.84,93.25,1109940
12/07/2024,93.19,96.42,92.82,96.08,1603302
15/07/2024,97,99.24,96.28,98.47,1568224
16/07/2024,99.4,100.73,98.26,100.39,1771276
17/07/2024,99.04,99.42,95.9,96.19,1726277
18/07/2024,96.75,96.755,93.255,93.92,1758983
19/07/2024,94.53,94.725,92.64,94.03,1412036
22/07/2024,94.94,96.99,94,95.02,1293390
23/07/2024,95,97.2395,94.785,96.05,1121139
24/07/2024,94.76,96.3,92.42,92.69,1631346
25/07/2024,92.75,95.0625,90.92,93.11,1565696
26/07/2024,94.36,95.18,91.89,93.48,1321774
29/07/2024,93.9,94.559,92.3,94.23,1117623
30/07/2024,94.71,95.29,91.7,92.82,822287
31/07/2024,93.68,94.86,92.35,93.94,741548
01/08/2024,94.32,94.4,90.41,91.38,1167344
02/08/2024,88.97,89.65,86.02,86.69,2180205
05/08/2024,80.59,84.99,79.68,82.85,2254893
06/08/2024,84.08,84.3,82.08,83.8,2975400
07/08/2024,85.83,88.9,85.67,85.76,2102846
08/08/2024,86.64,89.24,86,88.65,1293115
09/08/2024,88.77,91.24,88.77,90.36,2163991
12/08/2024,90.36,92.25,88.7,92.02,1310562
13/08/2024,92.02,94.82,91,92.82,1566042
14/08/2024,93.25,95.21,92.005,95.08,1623069
15/08/2024,96.5,97.54,95.4,95.51,1292406
16/08/2024,95.2,96.84,94.32,96.69,1763789
19/08/2024,96.955,97.93,95.56,97.93,1100082
20/08/2024,97.93,99.12,96.88,97.61,987626
21/08/2024,98.49,98.62,97.38,97.93,845181
22/08/2024,98.9,99.64,96.81,97.11,1447243
23/08/2024,98,99.4999,97.305,99.01,1039357
26/08/2024,99.28,99.91,97.11,97.79,1652776
27/08/2024,97.21,97.78,96.33,96.98,1838030
28/08/2024,96.89,98.26,95.36,96.54,4047456
29/08/2024,83.01,83.875,77.64,79.51,14466990
30/08/2024,80.06,80.82,78.05,78.73,4434201
03/09/2024,78.58,80.24,75.81,76.04,3410793
04/09/2024,74.95,76.9263,74.3,75.26,2407556
05/09/2024,74.92,75.69,74.115,74.71,2228694
06/09/2024,74.99,75.34,72.12,72.45,2462914
09/09/2024,72.69,73.14,71.18,71.27,3301123
10/09/2024,71.6,71.7,70.56,71,2880688
11/09/2024,70.89,73.81,70.81,73.34,2386832
12/09/2024,73.53,74.2899,73.07,73.5,2156723
13/09/2024,73.75,75.09,73.58,74.06,1495980
16/09/2024,74.01,74.9283,73.47,74.03,1633393
17/09/2024,74.81,74.94,73.81,74.21,2555911
18/09/2024,74.25,74.6,73.44,73.89,1824421
19/09/2024,75.61,76.145,74.82,75.02,1940248
20/09/2024,74.87,75.81,74.32,75.75,3812954
23/09/2024,76.07,76.59,75.58,76.18,2299134
24/09/2024,76.02,76.535,75.36,75.83,1284304
25/09/2024,74.86,75.68,74.53,74.86,1899278
26/09/2024,75.54,75.69,73.53,74.29,2114868
27/09/2024,74.82,75.18,73.78,73.99,1796826
30/09/2024,73.84,74.4931,73.65,74.34,1846163
01/10/2024,74.62,74.7,72.47,72.58,1516584
02/10/2024,72.62,73.21,72.27,72.39,1701519
03/10/2024,71.92,72.62,71.63,72.09,1354684
04/10/2024,73.29,73.29,71.755,72.31,1495121
07/10/2024,72.31,72.63,71.47,71.81,1368354
08/10/2024,71.92,73.31,71.92,73.22,1149025
09/10/2024,73.45,76.61,73.3264,76.52,2363807
10/10/2024,76.53,78.48,76.51,77.93,1938437
11/10/2024,77.87,78.58,77.13,77.34,1960728
14/10/2024,77.705,78.21,77.13,77.97,1341605
15/10/2024,77.97,79.47,77.9,78.65,1976401
16/10/2024,78.65,78.905,75.3604,75.72,4049864
17/10/2024,75.56,76.075,74.38,74.45,3404600
18/10/2024,74.51,75.08,74.02,74.82,2044122
21/10/2024,74.64,75.8,73.93,74.04,1322253
22/10/2024,73.76,74.325,73.6,74.03,1070585
23/10/2024,74,74.36,72.11,72.16,2498779
24/10/2024,72.5,72.84,71.9401,72.15,1860931
25/10/2024,72.24,73.11,71.9,72.24,1556388
28/10/2024,72.87,73.46,72.65,73.25,1476708
29/10/2024,73.27,73.95,72.4,73.81,1170294
30/10/2024,73.77,74.56,72.31,72.4,1161432
31/10/2024,72.48,72.606,71.48,71.89,1647357
01/11/2024,72.03,73.53,71.77,73.23,1306766
04/11/2024,71.5,73.68,70.92,73.24,2389844
05/11/2024,73.11,74.42,72.41,74.07,1471221
06/11/2024,75.75,76.72,75.45,76.61,2485029
07/11/2024,76.68,77.67,76.41,77.18,1487403
08/11/2024,76.76,76.9603,75.83,76.75,1060641
11/11/2024,77.01,78.61,76.925,78.45,1467089
12/11/2024,77,79.08,76.9,78.22,1397526
13/11/2024,78.06,80.71,78.0364,78.42,2213857
14/11/2024,78.3,78.7327,76.42,76.93,2154426
15/11/2024,76.46,76.49,73.11,73.66,1950174
18/11/2024,73.67,73.92,72.1,72.88,2106300
19/11/2024,72.11,74.65,71.84,74.51,2239468
20/11/2024,74.58,74.86,72.88,73.69,2087407
21/11/2024,74.16,77.26,74.16,75.45,6452906
22/11/2024,77.13,78.62,75.315,76.57,4535107
25/11/2024,77.62,78.92,76.125,76.5,3238729
26/11/2024,76.37,77.23,75.25,76.83,2875513
27/11/2024,76.51,77.05,74.8101,76.42,1855178
29/11/2024,76.29,77.7936,76.025,77.56,2132567
02/12/2024,80,81.44,79.2709,80.85,4462203
03/12/2024,81.23,81.88,79.58,81.71,9106535
04/12/2024,91,91.43,82.79,86.11,21083590
05/12/2024,87.265,89.8,83.335,83.515,6834130
06/12/2024,83.87,85.34,82.69,84.79,5295390
09/12/2024,85.05,85.39,82.46,83.2,3359754
10/12/2024,83.4,84.08,81.7501,82.78,3322418
11/12/2024,83.76,85.78,82.809,85,3679668
12/12/2024,84.09,84.705,83.24,83.91,2615486
13/12/2024,83.99,84.11,81.93,81.99,1879478
16/12/2024,84.01,85.3199,83.51,84.76,4096684
17/12/2024,84.76,85.8799,83.44,85.42,4703382
18/12/2024,85.185,87.06,80.74,81.41,3984943
19/12/2024,83.83,84.28,80.86,81.69,3272980
20/12/2024,80.67,83.56,80.155,83.28,4814946
23/12/2024,83.245,83.64,81.86,83.6,3216285
24/12/2024,83.64,84.13,82.88,83.19,1697469
26/12/2024,82.89,83.3875,82.49,83.02,2517571
27/12/2024,82.33,82.485,79.8701,81.64,3348600
30/12/2024,80.5,80.91,79.4,79.64,2698887
31/12/2024,80.4,80.44,78.44,78.8,2674178
02/01/2025,80,80.4088,78.44,78.83,1924000
03/01/2025,79.35,80.84,79.0137,80.76,2237020
06/01/2025,81.19,85.9,81.19,84.38,2932678
07/01/2025,84.38,86.79,83.42,84.66,4691660
08/01/2025,84,85.6,82.97,85.46,2341743
10/01/2025,84.09,85.14,82.84,84.37,3785105
13/01/2025,82.99,83.7,81.36,83.49,2197839
14/01/2025,83.49,84.6799,82.66,83.07,1931375
15/01/2025,84.63,85.3,83.45,84.2,1816760
16/01/2025,84.48,86.17,83.7258,85.67,2744147
17/01/2025,87.38,87.49,85.8968,87.29,3366543
21/01/2025,88.44,89.7,87.86,89.4,2700100
22/01/2025,89.58,90.13,88.29,88.62,1574549
23/01/2025,88.31,88.385,86.25,88.07,1914212
24/01/2025,88.5,91.075,87.99,88.86,2097552
27/01/2025,87.1,91.16,86.45,90.9,2791690
28/01/2025,91.5,96.025,90.73,94.93,4553596
29/01/2025,94.06,94.47,92.55,94,2028980
30/01/2025,94.38,95.98,93.67,93.76,2282824
31/01/2025,94.62,95.24,93.73,94.22,2712596
03/02/2025,92.5,94.536,91.9,93.24,1990859
04/02/2025,91.71,94.45,91.6,94.41,2000982
05/02/2025,94.5,98.41,94.39,97.45,2438666
06/02/2025,97.72,97.9,95.92,97.47,2406072
07/02/2025,98.5,98.82,96.88,97,1974608
10/02/2025,97.8,98,95.14,97.66,1893492
11/02/2025,97.59,99.42,95.67,95.78,1694394
12/02/2025,94.66,99.1,94.501,98.26,2101495
13/02/2025,98.8,100.6,97.59,100.26,2763753
14/02/2025,100.265,100.3,96.1,96.29,2956296
18/02/2025,96.69,97.1,95.11,97.04,2544488
19/02/2025,96.89,98,95.58,96.98,1537224
20/02/2025,96.95,97.125,93.73,95.19,1499058
21/02/2025,95.565,96.04,92,92.75,2619680
24/02/2025,93.26,93.46,88.85,90.88,2853917
25/02/2025,90.21,90.4,87.38,89.34,2023817
26/02/2025,89.59,91.085,88.9434,89.58,1245915
27/02/2025,89.9,91.89,88.88,89.19,2523047
28/02/2025,89.07,90.61,88.43,90.49,3964000
03/03/2025,91.81,92.76,86.88,87.16,7462926
04/03/2025,100.055,108.6,97.6,108.31,17352130
05/03/2025,108.64,116.75,107.3759,116.31,10439660
06/03/2025,114.36,116.96,111.12,111.22,6022262
07/03/2025,110.52,114.63,107.67,112.44,4497984
10/03/2025,111.01,111.07,104.92,105.19,5835593
11/03/2025,105.5,109.3199,104.95,107,2995273
12/03/2025,109.23,110.82,107.0424,108.78,2399701
13/03/2025,107.85,109.47,105.4601,106.63,3482477
14/03/2025,109.14,113.76,108.52,112.55,4437877
17/03/2025,112.88,116.81,112.6,115.64,3969507
18/03/2025,114.83,115.37,112.17,112.92,2043418
19/03/2025,113.39,115.44,112.26,114.08,3762019
20/03/2025,112.29,114.95,111.64,112.8,2327733
21/03/2025,111.74,115.02,110.65,113.74,3499115
24/03/2025,115.8,118.0666,114.65,116.38,3688036
25/03/2025,116.425,117.85,115.5001,116.72,3018167
26/03/2025,116.7,117.17,113.06,114.02,2339569
27/03/2025,113.195,113.7053,110.83,111.2,1861939
28/03/2025,110.1,112.19,107.31,107.99,2874044
31/03/2025,106.53,106.79,102.91,105.22,2762079
01/04/2025,104.8,105.94,103.445,104.69,1980342
02/04/2025,103,106.93,102.63,105.38,1673115
03/04/2025,100.64,103.64,97.56,100.27,3259356
04/04/2025,96.66,97.15,89.36,91.93,7544136
07/04/2025,88.345,96.98,87.93,91.24,4689966
08/04/2025,96.1,96.73,90.1,91.39,4713359
09/04/2025,90.65,102.94,90.65,101.73,4174054
10/04/2025,100.17,102.73,98.05,101.63,4264385
11/04/2025,101.19,102.15,98.8879,101.82,2284494
14/04/2025,103.11,104.7699,100.45,100.88,2250182
15/04/2025,101.07,102.8,99.785,100.21,2319258
16/04/2025,99.5,101.67,98.32,99.97,2356292
17/04/2025,99.79,99.85,97.25,97.93,1898525
21/04/2025,97.04,97.2144,91.4,92.46,2239426
22/04/2025,93.32,95.41,92.88,94.33,1787112
23/04/2025,98.68,101.31,97.87,98.33,2379714
24/04/2025,98.31,102.43,98.31,101.54,1598864
25/04/2025,100.735,103.5,100.71,103.38,1530337
28/04/2025,104,105.2,102.3,104.79,1979023
