Date,Close,Volume,Open,High,Low,avg,7ma,
14/04/2025,182.12,48002540.00,186.84,187.44,179.23,0.194,0.14,
11/04/2025,184.87,50594340.00,179.93,185.86,178.00,0.101,0.174,
10/04/2025,181.22,68302050.00,185.44,186.87,175.85,0.102,0.186,
09/04/2025,191.10,116804300.00,172.12,192.65,169.93,0.163,0.156,
08/04/2025,170.66,87710360.00,185.23,185.90,168.57,0.256,0.151,
07/04/2025,175.26,109327100.00,162.00,183.41,161.38,0.174,0.133,
04/04/2025,171.00,123159400.00,167.15,178.14,166.00,0.183,0.14,
03/04/2025,178.41,95553620.00,183.00,184.13,176.92,-0.108,0.116,
02/04/2025,196.01,53679200.00,187.66,198.34,187.66,0.127,0.155,
01/04/2025,192.17,41267320.00,187.86,193.93,187.20,0.128,0.151,
31/03/2025,190.26,63547560.00,188.19,191.33,184.40,0.167,0.154,
28/03/2025,192.72,52548230.00,198.42,199.26,191.88,0.021,0.084,
27/03/2025,201.36,27317660.00,200.89,203.79,199.28,0.16,0.109,
26/03/2025,201.13,32990970.00,205.84,206.01,199.93,0.102,0.099,
25/03/2025,205.71,31171160.00,203.60,206.21,203.22,0.146,0.101,
24/03/2025,203.26,41625370.00,200.00,203.64,199.95,0.06,0.117,
21/03/2025,196.21,60056920.00,192.90,196.99,192.52,0.192,0.137,
20/03/2025,194.95,38921110.00,193.07,199.32,192.30,0.091,0.128,
19/03/2025,195.54,39442880.00,193.38,195.97,191.96,0.121,0.137,
18/03/2025,192.82,40414870.00,192.52,194.00,189.38,0.256,0.135,
17/03/2025,195.74,47341750.00,198.77,199.00,194.32,0.13,0.142,
14/03/2025,197.95,38096660.00,197.41,198.65,195.32,-0.005,0.132,
13/03/2025,193.89,41270760.00,198.17,198.88,191.82,0.135,0.152,
12/03/2025,198.89,43679280.00,200.72,201.52,195.29,0.153,0.131,
11/03/2025,196.59,54002880.00,193.90,200.18,193.40,0.104,0.127,
10/03/2025,194.54,62350930.00,195.60,196.73,190.85,0.308,0.101,
07/03/2025,199.25,59802820.00,199.49,202.27,192.53,0.138,0.084,
06/03/2025,200.70,49863760.00,204.40,205.77,198.30,-0.014,0.083,
05/03/2025,208.36,38610090.00,204.80,209.98,203.26,0.126,0.11,
04/03/2025,203.80,60853080.00,200.11,206.80,197.43,-0.079,0.127,
03/03/2025,205.02,42948450.00,213.35,214.01,202.55,0.067,0.138,
28/02/2025,212.28,51771740.00,208.65,212.62,206.99,0.092,0.252,
27/02/2025,208.74,40548570.00,218.35,219.97,208.37,0.255,0.279,
26/02/2025,214.35,39120600.00,214.94,218.16,213.09,0.131,0.255,
25/02/2025,212.80,58957980.00,211.63,213.34,204.16,0.177,0.259,
24/02/2025,212.71,42387590.00,217.45,217.72,212.42,0.243,0.256,
21/02/2025,216.58,55323850.00,223.28,223.31,214.74,0.28,0.259,
20/02/2025,222.88,30001670.00,224.78,225.13,221.81,0.089,0.231,
19/02/2025,226.63,28566710.00,225.52,226.83,223.71,0.161,0.268,
18/02/2025,226.65,42975130.00,228.82,229.30,223.72,0.153,0.245,
14/02/2025,228.68,27031080.00,229.20,229.89,227.23,0.087,0.382,
13/02/2025,230.37,31346510.00,228.85,230.42,227.52,0.347,0.403,
12/02/2025,228.93,32285250.00,230.46,231.18,228.16,-0.005,0.379,
11/02/2025,232.76,23713730.00,231.92,233.44,230.13,0.373,0.405,
10/02/2025,233.14,35419930.00,230.55,233.92,229.20,0.142,0.391,
07/02/2025,229.15,77539280.00,232.50,234.81,228.06,0.234,0.312,
06/02/2025,238.83,60897100.00,238.01,239.66,236.01,0.185,0.345,
05/02/2025,236.17,38832040.00,237.02,238.32,235.20,0.174,0.336,
04/02/2025,242.06,29713810.00,239.01,242.52,238.03,0.276,0.36,
03/02/2025,237.42,37285870.00,234.06,239.25,232.90,0.132,0.339,
31/01/2025,237.68,36162380.00,236.50,240.29,236.41,0.466,0.392,
30/01/2025,234.64,32020730.00,237.14,237.95,232.22,0.123,0.373,
29/01/2025,237.07,26091720.00,239.02,240.39,236.15,0.34,0.457,
28/01/2025,238.15,41587190.00,234.29,241.77,233.98,0.132,0.509,
27/01/2025,235.42,49428330.00,226.21,235.61,225.86,0.314,0.631,
24/01/2025,234.85,25890740.00,234.50,236.40,232.93,0.337,0.758,
23/01/2025,235.42,49428330.00,226.21,235.61,225.86,0.707,0.817,
22/01/2025,235.01,41448220.00,232.02,235.44,231.19,0.707,0.825,
21/01/2025,230.71,39951460.00,228.90,231.78,226.94,0.987,0.814,
17/01/2025,225.94,42370120.00,225.84,226.51,223.08,0.753,0.579,
16/01/2025,220.66,24757280.00,224.42,224.65,220.31,0.759,0.537,
15/01/2025,223.35,31291260.00,222.83,223.57,220.75,0.63,0.464,
14/01/2025,217.76,24711650.00,220.44,221.82,216.20,0.75,0.474,
13/01/2025,218.46,27262660.00,218.06,219.40,216.47,0.328,0.448,
10/01/2025,218.94,36811530.00,221.46,221.71,216.50,0.462,0.461,
08/01/2025,222.13,25033290.00,223.19,223.52,220.20,0.699,0.509,
07/01/2025,222.11,28084160.00,227.90,228.38,221.46,0.572,0.51,
06/01/2025,227.61,31849830.00,226.78,228.84,224.84,0.35,0.491,
03/01/2025,224.19,27515610.00,222.51,225.36,221.62,0.545,0.373,
02/01/2025,220.22,33956580.00,222.03,225.15,218.19,0.494,0.357,
31/12/2024,219.39,24819660.00,222.97,223.23,218.94,0.436,0.325,
27/12/2024,223.75,27367150.00,225.60,226.03,220.90,0.399,0.479,
26/12/2024,227.05,16174500.00,228.50,228.50,226.67,0.43,0.462,
24/12/2024,229.05,15007500.00,226.94,229.14,226.13,0.682,0.461,
23/12/2024,225.06,28070010.00,225.01,226.88,223.90,0.627,0.4,
20/12/2024,224.92,88279180.00,219.84,226.21,218.73,0.28,0.258,
19/12/2024,223.29,39918740.00,224.91,226.09,222.92,0.37,0.283,
18/12/2024,220.52,43281440.00,230.77,231.40,220.11,0.355,0.237,
17/12/2024,231.15,35948130.00,232.39,232.73,227.85,0.258,0.237,
16/12/2024,232.93,37552100.00,230.23,233.00,228.01,0.366,0.254,
13/12/2024,227.46,28768080.00,228.40,230.20,225.86,0.456,0.368,
12/12/2024,228.97,28204080.00,229.83,231.09,227.63,0.045,0.379,
11/12/2024,230.26,35385790.00,226.41,231.20,226.26,0.355,0.451,
10/12/2024,225.04,31199860.00,226.09,229.06,224.20,0.379,0.5,
09/12/2024,226.09,46819360.00,227.21,230.08,225.67,0.447,0.503,
06/12/2024,227.03,44178070.00,220.75,227.15,220.60,0.533,0.428,
05/12/2024,220.55,41140220.00,218.03,222.15,217.30,0.545,0.417,
04/12/2024,218.16,48745720.00,215.96,220.00,215.75,0.701,0.388,
03/12/2024,213.44,32214830.00,210.31,214.02,209.65,0.4,0.383,
02/12/2024,210.71,39523190.00,209.96,212.99,209.51,0.079,0.318,
29/11/2024,207.89,24892450.00,205.83,208.20,204.59,0.459,0.403,
27/11/2024,205.74,28061640.00,206.98,207.64,205.05,0.666,0.34,
26/11/2024,207.86,41673740.00,201.90,208.00,201.79,-0.055,0.316,
22/11/2024,197.12,31530840.00,198.25,199.26,196.75,0.433,0.283,
21/11/2024,198.38,58800040.00,203.49,203.49,195.75,0.077,0.304,
20/11/2024,202.88,32768990.00,202.98,203.13,199.45,0.284,0.288,
18/11/2024,201.70,36512470.00,204.15,204.67,200.95,0.497,0.288,
15/11/2024,202.61,86591140.00,206.76,207.34,199.61,0.275,0.266,
14/11/2024,211.48,42620310.00,214.16,215.90,210.88,0.584,0.269,
13/11/2024,214.10,46212940.00,209.40,215.09,209.14,-0.038,0.289,
12/11/2024,208.91,38942920.00,208.37,209.54,206.01,0.288,0.353,
11/11/2024,206.84,35456010.00,208.50,209.65,205.59,0.178,0.356,
08/11/2024,208.18,36075850.00,209.72,209.96,207.44,0.293,0.456,
07/11/2024,210.05,52878380.00,207.44,212.25,207.19,0.727,0.495,
06/11/2024,207.09,72292170.00,200.01,207.55,199.14,0.408,0.463,
05/11/2024,199.50,30564780.00,196.04,199.82,195.99,0.306,0.473,
04/11/2024,195.78,38492060.00,196.45,197.33,194.31,0.393,0.541,
01/11/2024,197.93,99687850.00,199.00,200.50,197.02,0.568,0.483,
31/10/2024,186.40,75146760.00,190.51,190.60,185.23,0.5,0.515,
30/10/2024,192.73,37707550.00,194.70,195.61,192.42,0.48,0.514,
29/10/2024,190.83,35690160.00,188.58,191.46,187.82,0.777,0.465,
28/10/2024,188.39,27930840.00,189.57,190.21,188.21,-0.09,0.452,
25/10/2024,187.83,29362060.00,187.85,190.45,187.53,0.794,0.602,
24/10/2024,186.38,21647400.00,185.25,187.11,183.86,0.492,0.617,
23/10/2024,184.71,31937090.00,188.85,189.16,183.69,0.134,0.675,
22/10/2024,189.70,29650590.00,188.35,191.52,186.98,0.687,0.772,
21/10/2024,189.07,24639390.00,188.05,189.46,186.40,0.515,0.785,
18/10/2024,188.99,37417670.00,187.15,190.74,186.28,0.895,0.86,
17/10/2024,187.53,25039410.00,188.22,188.94,186.00,0.9,0.857,
16/10/2024,186.89,23456810.00,187.05,187.78,185.61,0.812,0.85,
15/10/2024,187.69,32178930.00,187.63,188.41,184.58,0.782,0.861,
14/10/2024,187.54,22614410.00,189.78,189.83,187.36,1,0.845,
11/10/2024,188.82,25751560.00,186.63,189.93,186.30,0.872,0.79,
10/10/2024,186.65,27785040.00,187.13,188.13,185.83,0.849,0.788,
09/10/2024,185.17,26343120.00,182.82,185.85,182.05,0.893,0.782,
08/10/2024,182.72,26372090.00,181.92,183.09,180.92,0.669,0.73,
07/10/2024,180.80,42364200.00,182.95,183.60,180.25,0.627,0.721,
04/10/2024,186.51,41079010.00,185.75,187.60,183.60,0.86,0.707,
03/10/2024,181.96,30204300.00,183.05,183.44,180.88,0.811,0.714,
02/10/2024,184.76,23704060.00,184.44,186.60,184.04,0.526,0.727,
01/10/2024,185.13,36044910.00,184.90,186.19,183.45,0.608,0.756,
30/09/2024,186.33,41680400.00,187.14,188.49,184.65,0.786,0.778,
27/09/2024,187.97,36002320.00,190.68,190.90,187.34,0.913,0.755,
26/09/2024,191.16,36334850.00,194.31,194.53,189.54,0.9,0.767,
25/09/2024,192.53,26391140.00,193.75,193.95,192.16,0.727,0.742,
24/09/2024,193.96,43478930.00,194.27,195.37,190.13,0.762,0.763,
23/09/2024,193.88,36993110.00,191.64,194.45,190.57,0.972,0.766,
20/09/2024,191.60,100378600.00,190.23,191.84,187.41,0.997,0.769,
19/09/2024,189.87,39543170.00,190.04,190.99,188.47,0.726,0.733,
18/09/2024,186.43,34448130.00,186.45,188.80,185.06,0.868,0.753,
17/09/2024,186.88,26091680.00,186.85,189.45,186.14,0.789,0.742,
16/09/2024,184.89,26065490.00,185.29,185.81,183.36,0.601,0.748,
13/09/2024,186.49,26495350.00,187.00,188.50,185.91,0.742,0.785,
12/09/2024,187.00,33622480.00,184.80,187.41,183.54,0.87,0.756,
11/09/2024,184.52,42564700.00,180.10,184.99,175.73,0.791,0.751,
10/09/2024,179.55,36233800.00,177.49,180.50,176.79,0.829,0.756,
09/09/2024,175.40,29037360.00,174.53,175.85,173.51,0.678,0.743,
06/09/2024,171.39,41466540.00,177.24,178.38,171.16,0.54,0.697,
05/09/2024,177.89,40170530.00,175.00,179.88,175.00,0.839,0.705,
04/09/2024,173.33,30309230.00,174.48,175.98,172.54,0.826,0.687,
03/09/2024,176.25,37817510.00,177.55,178.26,175.26,0.738,0.675,
30/08/2024,178.50,43429360.00,172.78,178.90,172.60,0.599,0.739,
29/08/2024,172.12,26407820.00,173.22,174.29,170.81,0.708,0.747,
28/08/2024,170.80,29045030.00,173.69,173.69,168.92,0.745,0.739,
27/08/2024,173.12,29841980.00,174.15,174.89,172.25,0.665,0.736,
26/08/2024,175.50,22366240.00,176.70,177.47,174.30,0.775,0.77,
23/08/2024,177.04,29150090.00,177.34,178.97,175.24,0.66,0.752,
22/08/2024,176.13,32047480.00,181.38,181.47,175.68,0.649,0.772,
21/08/2024,180.11,35599120.00,179.92,182.39,178.89,0.728,0.781,
20/08/2024,178.88,26255200.00,177.92,179.01,177.43,0.898,0.809,
19/08/2024,178.22,31129810.00,177.64,178.30,176.16,0.885,0.802,
16/08/2024,177.06,31489180.00,177.04,178.34,176.26,0.797,0.785,
15/08/2024,177.59,51698510.00,174.86,177.91,173.99,0.715,0.756,
14/08/2024,170.10,28843800.00,172.11,172.28,168.86,0.925,0.739,
13/08/2024,170.23,39237920.00,167.81,171.04,167.10,0.845,0.705,
12/08/2024,166.80,30072790.00,168.14,168.55,166.11,0.792,0.68,
09/08/2024,166.94,36401050.00,166.40,168.55,166.11,0.599,0.594,
08/08/2024,165.80,44616210.00,165.17,166.69,162.55,0.595,0.571,
07/08/2024,162.77,48408240.00,166.55,167.58,161.43,0.685,0.592,
06/08/2024,161.93,59950830.00,161.71,165.08,158.54,0.669,0.619,
05/08/2024,161.02,83149440.00,154.21,162.96,151.61,0.421,0.614,
02/08/2024,167.90,141448400.00,166.75,168.77,160.55,0.434,0.703,
01/08/2024,184.07,70435640.00,189.29,190.60,185.23,0.74,0.754,
31/07/2024,186.98,41667330.00,185.05,187.94,184.46,0.878,0.753,
30/07/2024,181.71,39508570.00,184.72,185.86,178.00,0.634,0.756,
29/07/2024,183.20,33270120.00,183.84,184.75,182.38,0.779,0.765,
26/07/2024,182.50,29505960.00,180.39,183.19,180.24,0.792,0.778,
25/07/2024,179.85,44464160.00,182.91,183.90,176.80,0.733,0.722,
24/07/2024,180.83,41532360.00,183.20,185.45,180.41,0.899,0.731,
23/07/2024,186.41,47537670.00,184.10,189.39,183.56,0.7,0.679,
22/07/2024,182.55,39931920.00,185.00,185.06,182.48,0.747,0.685,
19/07/2024,183.13,43081830.00,181.14,184.93,180.11,0.4,0.658,
18/07/2024,183.75,51043630.00,189.59,189.68,181.45,0.794,0.708,
17/07/2024,187.93,48076140.00,191.35,191.58,185.99,0.537,0.706,
16/07/2024,193.02,33994710.00,195.59,196.62,192.24,0.741,0.735,
15/07/2024,192.72,52548230.00,198.42,199.26,191.88,0.711,0.735,
12/07/2024,194.49,30598530.00,194.80,196.47,193.83,0.754,0.802,
11/07/2024,195.05,44565040.00,200.09,200.27,192.86,0.778,0.794,
10/07/2024,199.79,32883750.00,200.00,200.11,197.69,0.742,0.812,
09/07/2024,199.34,32756740.00,199.40,200.57,199.05,0.738,0.827,
08/07/2024,199.29,34767260.00,200.04,201.20,197.96,0.952,0.84,
05/07/2024,200.00,39858890.00,198.65,200.55,198.17,0.7,0.819,
03/07/2024,197.59,31597930.00,199.94,200.03,196.76,0.847,0.812,
02/07/2024,200.00,39858890.00,198.65,200.55,198.17,0.827,0.793,
01/07/2024,197.20,41192010.00,193.49,198.30,192.82,0.664,0.787,
28/06/2024,193.25,76930190.00,197.73,198.85,192.50,0.781,0.744,
27/06/2024,197.85,74397490.00,195.01,199.84,194.20,0.775,0.739,
26/06/2024,193.61,65103890.00,186.92,194.80,186.26,0.716,0.754,
25/06/2024,186.34,45898480.00,186.81,188.84,185.42,0.789,0.762,
24/06/2024,185.57,50610380.00,189.33,191.00,185.33,0.652,0.716,
21/06/2024,189.08,72931750.00,187.80,189.28,185.86,0.747,0.699,
20/06/2024,186.10,44726780.00,182.91,183.90,176.80,0.88,0.697,
18/06/2024,182.81,36659160.00,183.74,184.29,181.43,0.468,0.715,
17/06/2024,184.06,35601910.00,182.52,185.00,181.22,0.694,0.774,
14/06/2024,183.66,25456410.00,183.08,183.72,182.23,0.738,0.858,
13/06/2024,183.83,39721550.00,186.09,187.67,182.67,0.96,0.858,
12/06/2024,186.89,23456810.00,187.05,187.78,185.61,0.815,0.85,
11/06/2024,187.23,27265110.00,187.06,187.77,184.54,0.882,0.856,
10/06/2024,187.06,34494500.00,184.07,187.23,183.79,0.78,0.872,
07/06/2024,184.30,28021470.00,184.90,186.19,183.45,0.735,0.823,
06/06/2024,185.00,31371150.00,181.75,185.00,181.22,0.906,0.822,
05/06/2024,181.28,32116390.00,180.10,181.50,178.75,0.86,0.793,
04/06/2024,179.34,27198390.00,177.64,178.30,176.16,0.988,0.76,
03/06/2024,178.34,30786640.00,177.70,178.70,175.92,0.718,0.736,
31/05/2024,176.44,58903940.00,178.30,179.21,173.87,0.724,0.767,
30/05/2024,179.32,29249230.00,181.31,181.34,178.36,0.706,0.78,
29/05/2024,182.02,32009290.00,181.70,184.08,181.55,0.626,0.79,
28/05/2024,182.15,29926960.00,179.93,185.86,178.00,0.821,0.805,
24/05/2024,180.75,27471640.00,181.65,182.44,180.30,0.814,0.778,
23/05/2024,181.05,33670170.00,183.66,184.76,180.08,0.78,0.776,
22/05/2024,183.13,43081830.00,181.14,184.93,180.11,0.729,0.78,
21/05/2024,183.15,50839130.00,182.30,183.26,180.75,0.819,0.768,
20/05/2024,183.54,30511770.00,184.34,186.67,183.28,0.901,0.762,
17/05/2024,184.70,33175660.00,183.76,185.30,183.35,0.804,0.752,
16/05/2024,183.63,38834450.00,185.60,187.31,183.46,0.802,0.747,
15/05/2024,185.99,75459930.00,185.97,186.72,182.73,0.645,0.742,
14/05/2024,187.07,38698160.00,183.82,187.72,183.45,0.778,0.764,
13/05/2024,186.57,24898610.00,188.00,188.31,185.36,0.833,0.754,
10/05/2024,187.48,34141770.00,189.16,189.89,186.93,0.768,0.72,
09/05/2024,189.50,43368380.00,188.88,191.70,187.44,0.772,0.725,
08/05/2024,188.00,26136350.00,187.44,188.43,186.39,0.795,0.712,
07/05/2024,188.76,34048900.00,188.92,189.94,187.31,0.709,0.704,
06/05/2024,188.70,34725300.00,186.28,188.75,184.80,0.503,0.702,
03/05/2024,186.21,39172000.00,186.99,187.87,185.42,0.807,0.766,
02/05/2024,184.72,54303510.00,180.85,185.10,179.91,0.678,0.74,
01/05/2024,179.00,94645150.00,181.64,185.15,176.56,0.74,0.747,
30/04/2024,175.00,94639790.00,181.09,182.99,174.80,0.698,0.734,
29/04/2024,180.96,54063940.00,182.75,183.53,179.39,0.907,0.749,
26/04/2024,179.62,43919770.00,177.80,180.82,176.13,0.63,0.751,
25/04/2024,173.67,49249390.00,169.68,173.92,166.32,0.725,0.775,
24/04/2024,176.59,34185110.00,179.94,180.32,176.18,0.648,0.781,
23/04/2024,179.54,37046520.00,178.08,179.93,175.98,0.8,0.822,
22/04/2024,177.23,37924890.00,176.94,178.87,174.56,0.888,0.81,
19/04/2024,174.63,56000730.00,178.74,179.00,173.44,0.796,0.806,
18/04/2024,179.22,30723790.00,181.47,182.39,178.65,0.769,0.793,
17/04/2024,181.28,32116390.00,180.10,181.50,178.75,0.936,0.789,
16/04/2024,183.32,32891270.00,183.27,184.83,182.26,0.717,0.761,
15/04/2024,183.62,48052400.00,187.43,188.69,183.00,0.783,0.782,
12/04/2024,186.13,38608850.00,187.72,188.38,185.08,0.701,0.716,
11/04/2024,189.05,40020740.00,186.74,189.77,185.51,0.747,0.72,
10/04/2024,185.95,35879150.00,182.77,186.27,182.67,0.738,0.7,
09/04/2024,185.67,36546950.00,187.24,187.34,184.20,0.862,0.686,
08/04/2024,185.19,39221280.00,186.90,187.29,184.81,0.81,0.678,
05/04/2024,185.07,42373990.00,182.38,186.27,181.97,0.731,0.714,
04/04/2024,180.00,41624260.00,184.00,185.10,179.91,0.609,0.693,
03/04/2024,182.41,31046640.00,179.90,182.87,179.80,0.638,0.719,
02/04/2024,180.69,32611550.00,179.07,180.79,178.38,0.808,0.77,
01/04/2024,180.97,29174520.00,180.79,183.00,179.95,0.685,0.729,
28/03/2024,180.38,38051590.00,180.17,181.70,179.26,0.79,0.788,
27/03/2024,179.83,33272550.00,179.88,180.00,177.31,0.993,0.8,
26/03/2024,178.30,29658980.00,180.15,180.45,177.95,0.526,0.744,
25/03/2024,179.71,29815460.00,178.01,180.99,177.24,0.83,0.776,
22/03/2024,178.87,27995380.00,177.75,179.26,176.75,0.779,0.739,
21/03/2024,178.15,32824320.00,179.99,181.42,178.15,0.879,0.711,
20/03/2024,178.15,32824320.00,179.99,181.42,178.15,0.6,0.68,
19/03/2024,175.90,26880890.00,174.22,176.09,173.52,0.749,0.688,
18/03/2024,174.48,31250690.00,175.80,176.69,174.28,0.899,0.68,
15/03/2024,174.42,72147390.00,176.64,177.93,173.90,0.584,0.723,
14/03/2024,178.75,43705840.00,177.69,179.53,176.47,0.659,0.777,
13/03/2024,176.56,30772600.00,175.90,177.62,175.55,0.659,0.818,
12/03/2024,175.39,36610600.00,173.50,176.76,171.98,0.694,0.811,
11/03/2024,171.96,28484780.00,174.31,174.47,171.47,0.682,0.833,
08/03/2024,175.35,37893240.00,176.44,178.79,174.33,0.962,0.769,
07/03/2024,176.82,34063280.00,174.83,177.99,173.72,0.947,0.774,
06/03/2024,173.51,32090930.00,175.54,176.46,173.26,0.609,0.756,
05/03/2024,174.12,37228340.00,176.93,176.93,173.30,0.845,0.779,
04/03/2024,177.58,37381520.00,177.53,180.14,177.49,0.721,0.729,
01/03/2024,178.22,31129810.00,177.64,178.30,176.16,0.997,0.764,
29/02/2024,176.76,53805360.00,173.01,177.22,172.85,0.825,0.73,
28/02/2024,173.16,28180480.00,172.44,174.05,172.27,0.766,0.729,
27/02/2024,173.54,31141730.00,174.08,174.62,172.86,0.498,0.709,
26/02/2024,174.73,44368610.00,175.70,176.37,174.26,0.656,0.745,
23/02/2024,174.99,59715240.00,174.28,175.75,173.70,0.754,0.804,
22/02/2024,174.58,55392350.00,173.10,174.80,171.77,0.818,0.796,
21/02/2024,168.59,44575620.00,168.94,170.23,167.14,0.629,0.817,
20/02/2024,167.08,41980330.00,167.83,168.71,165.74,0.752,0.846,
16/02/2024,169.51,48107740.00,168.74,170.42,167.17,0.696,0.797,
15/02/2024,169.80,49855200.00,170.58,171.17,167.59,0.97,0.796,
14/02/2024,170.98,42815540.00,169.21,171.21,168.28,0.831,0.771,
13/02/2024,168.64,56345120.00,167.73,170.95,165.75,0.768,0.764,
12/02/2024,172.34,51050440.00,174.80,175.39,171.54,0.932,0.761,
09/02/2024,174.45,56985990.00,170.90,175.00,170.58,0.688,0.754,
08/02/2024,169.84,42316450.00,169.65,171.43,168.88,0.798,0.764,
07/02/2024,170.53,47174060.00,169.48,170.88,168.94,0.779,0.757,
06/02/2024,169.15,42505520.00,169.39,170.71,167.65,0.749,0.755,
05/02/2024,170.31,55081300.00,170.20,170.55,167.70,0.772,0.758,
02/02/2024,171.81,117218300.00,169.19,172.50,167.33,0.758,0.773,
01/02/2024,159.28,76542420.00,155.87,159.76,155.62,0.75,0.784,
31/01/2024,155.20,50284370.00,157.00,159.01,154.81,0.765,0.78,
30/01/2024,159.00,45207430.00,160.70,161.73,158.49,0.765,0.786,
29/01/2024,161.26,45270390.00,159.34,161.29,158.90,0.716,0.787,
26/01/2024,159.12,51047350.00,158.42,160.72,157.91,0.837,0.77,
25/01/2024,157.75,43638590.00,156.95,158.51,154.55,0.721,0.719,
24/01/2024,156.87,48547320.00,157.80,158.51,156.48,0.812,0.694,
23/01/2024,156.02,37986040.00,154.85,156.21,153.93,0.772,0.701,
22/01/2024,154.78,43687470.00,156.89,157.05,153.90,0.916,0.705,
19/01/2024,155.34,51651630.00,153.83,155.76,152.74,0.477,0.718,
18/01/2024,153.50,37850250.00,152.77,153.78,151.82,0.545,0.75,
17/01/2024,151.71,34953360.00,151.49,152.15,149.91,0.865,0.735,
16/01/2024,153.16,41384640.00,153.53,154.99,152.15,0.796,0.709,
12/01/2024,154.62,40484160.00,155.39,156.20,154.01,0.703,0.591,
11/01/2024,155.18,49072690.00,155.04,157.17,153.12,0.437,0.596,
10/01/2024,153.73,44421830.00,152.06,154.42,151.88,0.68,0.627,
09/01/2024,151.37,43812570.00,148.33,151.71,148.21,0.623,0.65,
08/01/2024,149.10,46757050.00,146.74,149.40,146.15,0.727,0.669,
05/01/2024,145.24,45153150.00,144.69,146.59,144.53,0.738,0.776,
04/01/2024,144.57,56039810.00,145.59,147.38,144.05,0.648,0.791,
03/01/2024,148.47,49425500.00,149.20,151.05,148.33,0.843,0.786,
02/01/2024,149.93,47339420.00,151.54,152.38,148.39,0.759,0.749,
29/12/2023,151.94,39823200.00,153.10,153.89,151.03,0.84,0.694,
28/12/2023,153.38,27057000.00,153.72,154.08,152.95,0.613,0.696,
27/12/2023,153.34,31434730.00,153.56,154.78,153.12,0.586,0.72,
26/12/2023,153.41,25067220.00,153.56,154.78,153.12,0.813,0.736,
22/12/2023,153.42,29514090.00,153.77,154.35,152.71,0.851,0.727,
21/12/2023,153.84,36305730.00,153.30,153.97,152.10,0.779,0.709,
20/12/2023,152.12,50322110.00,152.90,155.63,151.56,0.701,0.694,
19/12/2023,153.79,43171290.00,154.40,155.12,152.69,0.833,0.682,
18/12/2023,154.07,62512830.00,150.56,154.86,150.05,0.814,0.671,
15/12/2023,149.97,110089300.00,148.38,150.57,147.88,0.729,0.636,
14/12/2023,147.42,58400850.00,149.93,150.54,145.52,0.673,0.613,
13/12/2023,148.84,52766200.00,148.12,149.46,146.82,0.619,0.589,
12/12/2023,147.48,44944260.00,145.52,147.50,145.30,0.757,0.598,
11/12/2023,145.89,50907290.00,145.66,146.19,143.64,0.584,0.593,
08/12/2023,147.42,58400850.00,149.93,150.54,145.52,0.57,0.578,
07/12/2023,146.88,52352830.00,146.15,147.92,145.34,0.508,0.578,
06/12/2023,144.52,39678960.00,147.58,147.85,144.28,0.678,0.607,
05/12/2023,146.88,52352830.00,146.15,147.92,145.34,0.724,0.608,
04/12/2023,144.84,48294240.00,145.25,145.35,142.81,0.624,0.617,
01/12/2023,147.03,39951830.00,146.00,147.25,145.55,0.569,0.649,
30/11/2023,146.09,65814020.00,144.76,146.93,144.33,0.712,0.651,
29/11/2023,146.32,40610910.00,147.85,148.54,145.97,0.684,0.652,
28/11/2023,147.03,39951830.00,146.00,147.25,145.55,0.787,0.659,
27/11/2023,147.73,53762430.00,147.53,149.26,146.88,0.701,0.634,
24/11/2023,146.74,22378380.00,146.70,147.20,145.32,0.583,0.63,
22/11/2023,146.71,45700000.00,144.57,147.74,144.57,0.733,0.615,
21/11/2023,143.90,71225990.00,143.91,144.05,141.50,0.616,0.62,
20/11/2023,146.13,41978770.00,145.13,146.63,144.73,0.467,0.637,
17/11/2023,145.18,49678440.00,142.66,145.23,142.55,0.648,0.674,
16/11/2023,142.83,49653510.00,140.91,143.32,139.52,0.546,0.665,
15/11/2023,143.20,63875720.00,147.06,147.29,142.59,0.771,0.66,
14/11/2023,145.80,56674550.00,145.00,147.26,144.68,0.735,0.653,
13/11/2023,142.59,35680570.00,142.08,143.23,140.67,0.647,0.611,
10/11/2023,143.56,49349940.00,140.46,143.65,139.91,0.584,0.58,
09/11/2023,140.60,36235370.00,142.02,142.65,139.84,0.511,0.581,
08/11/2023,142.08,44521660.00,142.97,143.12,141.22,0.722,0.602,
07/11/2023,142.71,53553540.00,140.55,143.37,140.50,0.436,0.562,
06/11/2023,139.74,44970420.00,138.76,140.73,138.36,0.761,0.595,
03/11/2023,138.60,44059810.00,138.99,139.49,137.45,0.591,0.592,
02/11/2023,138.07,52236690.00,138.73,138.81,136.47,0.658,0.602,
01/11/2023,137.00,61529410.00,133.96,137.35,133.71,0.439,0.59,
31/10/2023,133.09,51589380.00,132.75,133.57,131.71,0.67,0.609,
30/10/2023,132.71,72485540.00,129.72,133.00,128.56,0.576,0.625,
27/10/2023,127.74,125309300.00,126.20,130.02,125.52,0.658,0.651,
26/10/2023,119.57,100419500.00,120.63,121.64,118.35,0.572,0.632,
25/10/2023,121.39,74577540.00,126.04,126.34,120.79,0.574,0.629,
24/10/2023,128.56,46477360.00,127.74,128.80,126.34,0.782,0.604,
23/10/2023,126.56,48259950.00,124.63,127.88,123.98,0.573,0.595,
20/10/2023,125.17,56406410.00,128.05,128.17,124.97,0.528,0.541,
19/10/2023,128.40,60961360.00,130.57,132.24,127.47,0.552,0.542,
18/10/2023,128.13,42699480.00,129.90,130.67,127.51,0.398,0.564,
17/10/2023,131.47,49344550.00,130.39,132.58,128.71,0.718,0.604,
16/10/2023,132.55,42832920.00,130.69,133.07,130.43,0.64,0.599,
13/10/2023,129.79,45824690.00,132.98,133.31,128.95,0.531,0.596,
12/10/2023,132.33,55528580.00,132.17,134.48,131.23,0.71,0.606,
11/10/2023,131.83,40741840.00,129.74,132.05,129.61,0.68,0.606,
10/10/2023,129.48,42178620.00,128.82,130.74,128.05,0.682,0.592,
09/10/2023,128.26,38773740.00,126.22,128.79,124.76,0.573,0.579,
06/10/2023,127.96,46836700.00,124.16,128.45,124.13,0.435,0.562,
05/10/2023,125.96,39660640.00,126.71,126.73,124.33,0.607,0.564,
04/10/2023,127.00,44203870.00,126.06,127.36,125.68,0.71,0.556,
03/10/2023,124.72,51564990.00,128.06,128.52,124.25,0.579,0.505,
02/10/2023,129.46,48029740.00,127.28,130.47,126.54,0.594,0.463,
29/09/2023,127.12,62411730.00,128.20,129.15,126.32,0.454,0.494,
28/09/2023,125.98,54554970.00,124.04,126.58,123.04,0.551,0.516,
27/09/2023,125.98,54554970.00,124.04,126.58,123.04,0.347,0.524,
26/09/2023,125.98,54554970.00,124.04,126.58,123.04,0.289,0.566,
25/09/2023,131.27,46017830.00,129.36,131.78,128.77,0.6,0.611,
22/09/2023,129.12,59904350.00,131.11,132.03,128.52,0.612,0.636,
21/09/2023,129.33,70343340.00,131.94,132.24,127.47,0.603,0.637,
20/09/2023,135.29,46263720.00,138.55,139.37,135.20,0.643,0.64,
19/09/2023,137.63,61482470.00,138.70,138.84,135.56,0.602,0.636,
18/09/2023,139.98,42823480.00,140.48,141.75,139.22,0.652,0.659,
15/09/2023,140.39,102909300.00,142.69,143.57,140.09,0.619,0.622,
14/09/2023,144.72,64033610.00,145.08,145.86,142.95,0.626,0.617,
13/09/2023,144.85,60465180.00,140.95,144.98,140.87,0.616,0.617,
12/09/2023,141.23,42668450.00,142.32,143.00,140.61,0.764,0.624,
11/09/2023,143.10,56764530.00,138.75,143.62,138.64,0.724,0.592,
08/09/2023,138.23,38365930.00,136.86,138.85,136.75,0.584,0.51,
07/09/2023,137.85,48498910.00,133.90,138.03,133.16,0.625,0.523,
06/09/2023,135.36,41785510.00,136.32,137.45,134.61,0.663,0.525,
05/09/2023,137.27,40636740.00,137.73,137.80,135.82,0.541,0.521,
01/09/2023,138.12,40991540.00,139.46,139.96,136.88,0.677,0.676,
31/08/2023,138.01,58781310.00,135.06,138.79,135.00,0.638,0.639,
30/08/2023,135.07,36137020.00,134.93,135.68,133.92,0.635,0.654,
29/08/2023,134.91,38646090.00,133.38,135.14,133.25,0.634,0.666,
28/08/2023,133.14,34108410.00,133.78,133.95,131.85,0.862,0.683,
25/08/2023,133.26,44147450.00,132.47,133.87,130.58,0.416,0.683,
24/08/2023,131.84,43646250.00,136.40,136.78,131.83,0.743,0.73,
23/08/2023,135.52,42801040.00,134.50,135.95,133.22,0.718,0.725,
22/08/2023,134.25,32935100.00,135.08,135.65,133.73,0.75,0.722,
21/08/2023,134.68,41442480.00,133.74,135.19,132.71,0.776,0.718,
18/08/2023,133.22,48497700.00,131.62,134.07,131.15,0.747,0.7,
17/08/2023,133.98,48354090.00,135.46,136.09,133.53,0.707,0.699,
16/08/2023,135.07,36137020.00,134.93,135.68,133.92,0.695,0.704,
15/08/2023,137.67,42781520.00,140.05,141.28,137.23,0.725,0.702,
14/08/2023,140.57,47148700.00,138.30,140.59,137.75,0.779,0.707,
11/08/2023,138.41,42905830.00,137.40,139.33,137.00,0.74,0.706,
10/08/2023,138.56,58928400.00,139.08,140.41,137.49,0.741,0.697,
09/08/2023,137.85,48498910.00,133.90,138.03,133.16,0.682,0.681,
08/08/2023,139.94,51710500.00,140.62,140.84,138.42,0.755,0.684,
07/08/2023,142.22,71213110.00,140.99,142.54,138.95,0.387,0.659,
04/08/2023,139.57,153128500.00,141.06,143.63,139.32,0.678,0.698,
03/08/2023,128.91,91163740.00,127.48,129.84,126.41,0.624,0.69,
02/08/2023,128.21,51027610.00,130.15,130.23,126.82,0.702,0.683,
01/08/2023,131.69,42298930.00,133.55,133.69,131.62,0.583,0.674,
31/07/2023,133.68,41901520.00,133.20,133.87,130.58,0.72,0.688,
28/07/2023,132.21,46317380.00,129.69,133.01,129.33,0.628,0.488,
27/07/2023,128.25,52610660.00,131.00,132.63,127.79,0.569,0.471,
26/07/2023,128.15,53910090.00,126.51,129.08,126.11,0.644,0.48,
25/07/2023,129.13,39236660.00,129.31,129.58,128.53,0.682,0.467,
24/07/2023,128.80,45671540.00,130.31,131.66,128.35,0.605,0.485,
21/07/2023,130.00,133307300.00,131.34,131.37,128.42,0.51,0.64,
20/07/2023,129.96,59820580.00,134.07,134.79,129.33,0.628,0.669,
19/07/2023,135.36,41785510.00,136.32,137.45,134.61,0.554,0.69,
18/07/2023,132.83,54969130.00,132.71,133.86,131.36,0.808,0.698,
17/07/2023,133.56,48450200.00,134.56,135.62,133.21,0.794,0.651,
14/07/2023,134.68,41442480.00,133.74,135.19,132.71,0.713,0.668,
13/07/2023,134.30,61170880.00,134.04,134.67,132.71,0.777,0.66,
12/07/2023,130.80,54022850.00,130.31,131.26,128.83,0.611,0.657,
11/07/2023,128.78,49951460.00,127.75,129.77,127.35,0.476,0.666,
10/07/2023,127.13,61889290.00,129.07,129.28,125.92,0.628,0.653,
07/07/2023,129.78,41992250.00,128.59,130.97,128.13,0.656,0.681,
06/07/2023,128.36,40697850.00,128.25,128.73,127.37,0.76,0.677,
05/07/2023,130.38,35895410.00,130.24,131.40,129.64,0.674,0.675,
03/07/2023,130.22,27939570.00,130.82,131.85,130.07,0.784,0.723,
30/06/2023,130.36,54350680.00,129.47,131.25,128.95,0.823,0.668,
29/06/2023,127.90,40760960.00,128.77,129.26,127.26,0.629,0.648,
28/06/2023,129.04,52149510.00,128.94,131.48,128.44,0.747,0.64,
27/06/2023,129.18,46801010.00,128.63,130.09,127.55,0.762,0.577,
26/06/2023,127.33,59989320.00,129.33,131.49,127.10,0.63,0.574,
23/06/2023,129.33,70343340.00,131.94,132.24,127.47,0.683,0.586,
22/06/2023,130.15,90354570.00,125.31,130.33,125.14,0.569,0.567,
21/06/2023,124.83,52137670.00,125.64,126.73,124.33,0.31,0.578,
20/06/2023,125.78,56930120.00,124.97,127.25,124.50,0.737,0.586,
16/06/2023,125.49,84247100.00,127.71,127.90,125.30,0.547,0.592,
15/06/2023,127.11,60458470.00,125.21,127.69,124.32,0.644,0.6,
14/06/2023,126.42,52422460.00,126.70,126.95,124.12,0.37,0.587,
13/06/2023,126.66,50564790.00,128.12,128.41,125.18,0.366,0.617,
12/06/2023,126.57,51473380.00,124.02,126.78,123.53,0.586,0.668,
09/06/2023,123.43,51396020.00,124.08,125.80,123.19,0.599,0.603,
08/06/2023,124.25,62159270.00,123.01,125.63,122.26,0.552,0.6,
07/06/2023,121.23,95663280.00,127.01,127.37,120.63,0.579,0.63,
06/06/2023,126.61,45695210.00,125.07,127.40,125.00,0.724,0.607,
05/06/2023,125.30,47950130.00,123.36,125.80,123.19,0.603,0.604,
02/06/2023,124.25,62159270.00,123.01,125.63,122.26,0.582,0.779,
01/06/2023,122.77,54375130.00,120.69,123.49,119.93,0.756,0.834,
31/05/2023,120.58,72800790.00,121.45,122.04,119.17,0.423,0.851,
30/05/2023,121.66,64314810.00,122.37,122.92,119.86,0.698,0.933,
26/05/2023,120.11,96779890.00,116.04,121.50,116.02,0.966,0.731,
25/05/2023,115.00,66496680.00,116.63,116.87,114.31,0.876,0.711,
24/05/2023,116.75,63487940.00,115.35,117.34,115.02,0.996,0.661,
23/05/2023,114.99,67576260.00,114.27,117.14,113.78,0.403,0.603,
22/05/2023,115.01,70741120.00,116.77,116.77,114.25,0.606,0.64,
19/05/2023,116.25,55056310.00,118.16,118.31,115.70,0.811,0.691,
18/05/2023,118.15,73174090.00,116.69,118.60,116.34,0.82,0.65,
17/05/2023,115.50,65655180.00,114.89,115.83,114.22,0.528,0.62,
16/05/2023,113.40,71472910.00,111.05,114.79,111.05,0.588,0.645,
15/05/2023,111.20,53011150.00,111.15,112.29,109.25,0.665,0.683,
12/05/2023,110.26,49852670.00,112.16,112.64,109.32,0.521,0.723,
11/05/2023,112.18,74924840.00,111.03,113.28,110.49,0.61,0.749,
10/05/2023,110.19,78627620.00,108.10,110.67,108.05,0.706,0.744,
09/05/2023,106.62,44089360.00,105.48,106.79,105.16,0.854,0.721,
08/05/2023,105.83,49430910.00,105.04,106.10,104.70,0.711,0.677,
05/05/2023,105.66,56951740.00,104.27,105.76,103.55,0.819,0.55,
04/05/2023,104.00,45345520.00,104.04,105.39,103.31,0.698,0.512,
03/05/2023,103.65,65051930.00,103.74,105.96,103.28,0.578,0.505,
02/05/2023,103.63,73469350.00,101.47,103.90,101.15,0.546,0.529,
01/05/2023,102.05,74728100.00,104.95,105.23,101.82,0.542,0.558,
28/04/2023,105.45,130715900.00,107.73,109.48,104.33,0.554,0.624,
27/04/2023,109.82,149961200.00,108.16,110.86,106.80,0.651,0.603,
26/04/2023,104.98,73803790.00,105.04,106.10,104.70,0.748,0.588,
25/04/2023,102.57,65026820.00,104.91,105.45,102.45,0.749,0.554,
24/04/2023,106.21,69575610.00,107.66,109.23,105.07,0.605,0.532,
21/04/2023,106.96,86774190.00,106.10,108.15,105.08,0.405,0.567,
20/04/2023,103.81,57696870.00,103.53,105.25,103.21,0.55,0.621,
19/04/2023,104.30,58398890.00,101.58,105.12,101.39,0.51,0.633,
18/04/2023,102.30,39790520.00,103.95,104.20,101.52,0.595,0.633,
17/04/2023,102.74,39919460.00,103.16,103.73,101.59,0.774,0.613,
14/04/2023,102.51,51450520.00,102.07,103.20,101.11,0.777,0.658,
13/04/2023,102.40,67925140.00,98.95,102.57,98.71,0.639,0.661,
12/04/2023,97.83,56735010.00,100.40,100.51,97.71,0.506,0.668,
11/04/2023,99.92,60417850.00,100.80,101.00,99.01,0.46,0.703,
10/04/2023,102.17,37261190.00,100.96,102.20,99.57,0.53,0.743,
06/04/2023,102.06,43808020.00,100.75,102.38,99.80,0.797,0.713,
05/04/2023,101.10,45175390.00,103.91,103.91,100.75,0.684,0.705,
04/04/2023,103.95,48662500.00,102.75,104.20,101.52,0.756,0.734,
03/04/2023,102.41,41135730.00,102.30,103.29,101.43,0.738,0.714,
31/03/2023,103.29,56750320.00,102.16,103.49,101.95,0.576,0.652,
30/03/2023,102.00,53633400.00,101.55,103.04,101.01,0.745,0.655,
29/03/2023,100.25,49783280.00,98.69,100.42,98.56,0.885,0.652,
28/03/2023,97.24,38720050.00,98.11,98.44,96.29,0.618,0.64,
27/03/2023,98.04,46721300.00,99.07,99.34,97.08,0.598,0.604,
24/03/2023,98.13,56144800.00,98.07,98.30,96.40,0.595,0.581,
23/03/2023,98.71,57559310.00,100.43,101.06,97.62,0.725,0.591,
22/03/2023,98.70,57475370.00,100.45,102.10,98.61,0.797,0.564,
21/03/2023,100.61,58597280.00,98.14,100.85,98.00,0.365,0.516,
20/03/2023,97.71,62388910.00,98.41,98.48,95.70,0.317,0.539,
17/03/2023,98.95,87300240.00,99.79,100.66,97.46,0.667,0.516,
16/03/2023,100.04,84558930.00,95.75,100.99,95.61,0.534,0.535,
15/03/2023,96.20,70731790.00,93.22,96.67,93.07,0.463,0.547,
14/03/2023,94.88,60912670.00,93.83,95.07,92.71,0.525,0.568,
13/03/2023,92.43,72397050.00,89.97,94.02,88.12,0.647,0.57,
10/03/2023,90.73,69827490.00,92.67,93.57,90.25,0.802,0.641,
09/03/2023,92.25,56218710.00,93.68,96.21,92.18,0.621,0.615,
08/03/2023,93.92,44899130.00,93.60,94.17,92.18,0.606,0.62,
07/03/2023,93.55,49100670.00,94.06,95.09,92.78,0.538,0.624,
06/03/2023,93.75,52112360.00,95.19,96.55,93.74,0.722,0.654,
03/03/2023,94.90,55759610.00,92.74,94.94,92.66,0.626,0.659,
02/03/2023,92.13,55574820.00,91.41,92.23,90.39,0.655,0.659,
01/03/2023,92.17,52299520.00,93.87,94.68,91.59,0.633,0.667,
28/02/2023,94.23,43959290.00,93.14,94.69,92.92,0.745,0.659,
27/02/2023,93.76,47470320.00,94.28,94.78,93.14,0.484,0.619,
24/02/2023,93.50,57053810.00,93.53,94.14,92.32,0.623,0.626,
23/02/2023,95.82,48466990.00,96.12,96.43,93.67,0.711,0.641,
22/02/2023,95.79,59534090.00,95.10,97.01,94.80,0.576,0.618,
21/02/2023,94.58,56580360.00,95.34,95.61,94.27,0.467,0.624,
17/02/2023,97.20,60029410.00,97.80,97.94,95.65,0.73,0.583,
16/02/2023,98.15,56339170.00,99.21,100.63,98.10,0.546,0.565,
15/02/2023,101.16,48053880.00,99.09,101.17,98.45,0.618,0.535,
14/02/2023,99.70,56202900.00,98.41,98.48,95.70,0.569,0.516,
13/02/2023,99.54,52841460.00,97.85,99.68,96.91,0.574,0.481,
10/02/2023,97.61,52740130.00,97.56,98.82,96.23,0.603,0.458,
09/02/2023,98.24,64622490.00,101.32,101.78,97.57,0.337,0.404,
08/02/2023,100.05,75878300.00,102.04,102.67,98.78,0.482,0.428,
07/02/2023,102.11,119501300.00,101.17,102.41,98.08,0.329,0.434,
06/02/2023,102.18,81945200.00,102.93,103.95,100.65,0.601,0.484,
03/02/2023,103.39,144374800.00,105.26,108.78,102.52,0.229,0.508,
02/02/2023,112.91,158154200.00,110.25,114.00,108.88,0.501,0.537,
01/02/2023,105.15,80450120.00,102.53,106.24,101.24,0.527,0.545,
31/01/2023,103.13,66527250.00,101.16,103.35,101.14,0.678,0.534,
30/01/2023,100.55,70691860.00,101.09,101.74,99.01,0.513,0.51,
27/01/2023,102.24,87775610.00,99.53,103.49,99.53,0.429,0.398,
26/01/2023,99.22,68523560.00,98.24,99.49,96.92,0.554,0.401,
25/01/2023,97.18,94261570.00,92.56,97.24,91.52,0.454,0.415,
24/01/2023,96.32,66929450.00,96.93,98.09,96.00,0.512,0.414,
23/01/2023,97.52,76501100.00,97.56,98.82,96.23,0.356,0.423,
20/01/2023,97.25,67481540.00,93.86,97.35,93.20,0.446,0.471,
19/01/2023,93.68,69002660.00,94.74,95.44,92.86,0.655,0.473,
18/01/2023,95.46,79570370.00,97.25,99.32,95.38,0.45,0.468,
17/01/2023,96.05,72755000.00,98.68,98.89,95.73,0.575,0.495,
13/01/2023,98.12,85549430.00,94.18,98.37,94.12,0.461,0.525,
12/01/2023,95.27,85254780.00,96.93,98.09,96.00,0.624,0.517,
11/01/2023,95.09,103126200.00,90.93,95.26,90.93,0.635,0.484,
10/01/2023,89.87,67756600.00,87.57,90.19,87.29,0.519,0.454,
09/01/2023,87.36,65266060.00,87.46,89.48,87.08,0.297,0.425,
06/01/2023,86.08,83303360.00,83.03,86.40,81.43,0.404,0.448,
05/01/2023,83.12,67930830.00,85.33,85.42,83.07,0.39,0.503,
04/01/2023,85.14,68885120.00,86.55,86.98,83.36,0.426,0.544,
03/01/2023,85.82,76706040.00,85.46,86.96,84.21,0.319,0.564,
30/12/2022,84.00,62401190.00,83.12,84.05,82.47,0.785,0.527,
29/12/2022,84.18,54995900.00,82.87,84.55,82.55,0.683,0.489,
28/12/2022,81.82,58228580.00,82.80,83.48,81.69,0.563,0.479,
27/12/2022,83.04,57284040.00,84.97,85.35,83.00,0.728,0.458,
23/12/2022,85.25,57433660.00,83.25,85.78,82.93,0.517,0.553,
22/12/2022,83.79,81431310.00,85.52,85.68,82.25,0.611,0.565,
21/12/2022,86.77,59267160.00,86.18,87.23,85.21,0.422,0.537,
20/12/2022,85.19,74348300.00,85.33,85.42,83.07,0.56,0.546,
19/12/2022,84.92,83531460.00,87.51,87.63,84.51,0.606,0.56,
16/12/2022,87.86,146144100.00,88.27,89.35,86.73,0.597,0.534,
15/12/2022,88.45,84802880.00,89.89,89.97,87.47,0.419,0.532,
14/12/2022,91.58,70298010.00,92.50,93.46,89.87,0.482,0.572,
13/12/2022,92.49,100212000.00,95.23,96.25,90.52,0.66,0.541,
12/12/2022,90.55,61999760.00,89.21,90.58,87.87,0.746,0.545,
09/12/2022,89.09,67398510.00,88.90,90.30,88.63,0.583,0.565,
08/12/2022,90.35,73305890.00,89.24,90.86,87.88,0.696,0.586,
07/12/2022,88.46,68086880.00,88.34,89.89,87.48,0.269,0.573,
06/12/2022,88.25,75503630.00,90.50,91.04,87.90,0.684,0.636,
05/12/2022,91.01,71535530.00,93.05,94.06,90.82,0.698,0.634,
02/12/2022,94.13,72496390.00,94.48,95.36,93.78,0.733,0.65,
01/12/2022,95.50,68487970.00,96.99,97.23,94.92,0.606,0.641,
30/11/2022,96.54,102805800.00,92.47,96.54,91.53,0.705,0.653,
29/11/2022,92.42,65567290.00,94.04,94.41,91.44,0.67,0.636,
28/11/2022,93.95,75062320.00,93.93,96.40,93.43,0.659,0.643,
25/11/2022,93.41,35088610.00,93.79,94.43,93.07,0.676,0.6,
23/11/2022,94.13,72496390.00,94.48,95.36,93.78,0.585,0.549,
22/11/2022,93.20,62191960.00,92.62,93.35,90.87,0.721,0.515,
21/11/2022,92.46,84330270.00,93.97,95.02,90.59,0.455,0.468,
18/11/2022,94.14,72428190.00,95.95,95.99,92.48,0.616,0.378,
17/11/2022,94.85,82617870.00,95.37,96.97,94.03,0.389,0.352,
16/11/2022,97.12,87958830.00,96.85,98.49,95.54,0.348,0.365,
15/11/2022,98.94,111336300.00,103.21,103.79,97.34,0.395,0.377,
14/11/2022,98.49,99533070.00,98.77,100.12,97.29,0.363,0.397,
11/11/2022,100.79,111590500.00,97.88,101.19,96.66,0.43,0.452,
10/11/2022,96.63,173414900.00,92.94,98.69,91.65,0.48,0.458,
09/11/2022,86.14,90796250.00,89.47,89.48,87.08,0.433,0.455,
08/11/2022,89.98,88703370.00,90.79,91.72,88.23,0.538,0.468,
07/11/2022,90.53,77495730.00,91.95,92.10,89.04,0.583,0.456,
04/11/2022,90.98,129101300.00,91.49,92.44,88.04,0.472,0.499,
03/11/2022,89.30,136683300.00,92.47,96.54,91.53,0.458,0.49,
02/11/2022,92.12,135761800.00,97.32,97.74,92.01,0.53,0.493,
01/11/2022,96.79,153370000.00,103.99,104.58,96.06,0.453,0.492,
31/10/2022,102.44,99251400.00,103.56,104.87,100.74,0.467,0.521,
28/10/2022,103.41,223133400.00,97.91,103.96,97.66,0.408,0.517,
27/10/2022,110.96,129605400.00,113.92,114.12,109.77,0.48,0.527,
26/10/2022,115.66,69002460.00,116.00,119.35,114.76,0.523,0.499,
25/10/2022,120.60,50934610.00,119.65,121.32,118.95,0.657,0.501,
24/10/2022,119.82,49531520.00,119.98,120.39,116.57,0.536,0.474,
21/10/2022,119.32,55660490.00,114.79,119.59,114.50,0.476,0.464,
20/10/2022,115.25,48795100.00,113.83,118.24,113.51,0.282,0.456,
19/10/2022,115.07,47198120.00,114.71,116.59,113.22,0.54,0.493,
18/10/2022,116.36,65607450.00,119.06,119.52,114.79,0.469,0.503,
17/10/2022,113.79,62781990.00,110.11,114.19,110.09,0.802,0.532,
14/10/2022,106.90,67737340.00,114.10,114.96,106.60,0.418,0.616,
13/10/2022,112.53,86868100.00,107.88,113.44,105.35,0.541,0.646,
12/10/2022,112.90,45728660.00,112.49,113.83,111.40,0.608,0.642,
11/10/2022,112.21,56432230.00,112.71,115.48,110.39,0.674,0.646,
10/10/2022,113.67,42339680.00,115.10,116.25,112.43,0.588,0.627,
07/10/2022,114.56,54677980.00,118.00,118.17,113.88,0.623,0.512,
06/10/2022,120.30,42253760.00,120.77,121.53,119.50,0.515,0.513,
05/10/2022,120.95,48217540.00,118.58,121.75,117.69,0.639,0.503,
04/10/2022,121.09,62812560.00,119.89,123.00,119.79,0.538,0.516,
03/10/2022,115.88,50941850.00,113.58,116.91,112.45,0.606,0.541,
30/09/2022,113.00,59479590.00,114.08,116.92,112.84,0.628,0.512,
29/09/2022,114.80,58969710.00,115.60,116.07,113.06,0.448,0.481,
28/09/2022,118.01,55763750.00,114.38,118.70,113.80,0.73,0.495,
27/09/2022,114.41,60094690.00,117.20,118.32,113.05,0.712,0.481,
26/09/2022,115.15,62723270.00,113.30,117.34,115.02,0.482,0.469,
23/09/2022,113.78,65126670.00,116.00,119.35,114.76,0.41,0.481,
22/09/2022,117.31,55229190.00,117.08,118.79,116.26,0.548,0.491,
21/09/2022,118.54,58498890.00,122.49,123.76,118.45,0.63,0.484,
20/09/2022,122.19,47698430.00,123.35,124.40,121.14,0.631,0.465,
19/09/2022,124.66,47279730.00,122.16,124.71,121.80,0.588,0.441,
16/09/2022,123.53,115667800.00,122.78,123.87,120.70,0.485,0.561,
15/09/2022,126.28,52887200.00,127.38,130.37,125.50,0.496,0.557,
14/09/2022,128.55,45316770.00,127.36,128.84,126.33,0.498,0.568,
13/09/2022,126.82,72694010.00,131.01,131.40,129.64,0.464,0.566,
12/09/2022,136.45,53826860.00,134.10,136.49,134.00,0.718,0.575,
09/09/2022,133.27,49422260.00,130.91,133.69,131.62,0.456,0.595,
08/09/2022,129.82,43988510.00,127.72,130.28,127.10,0.577,0.618,
07/09/2022,129.48,42178620.00,128.82,130.74,128.05,0.483,0.611,
06/09/2022,126.11,43888590.00,127.92,128.62,124.74,0.524,0.626,
02/09/2022,127.51,57429830.00,129.50,131.38,126.39,0.618,0.608,
01/09/2022,127.82,56636150.00,126.00,128.02,123.66,0.527,0.585,
31/08/2022,126.77,53648700.00,129.45,130.59,126.74,0.591,0.596,
30/08/2022,128.73,49202990.00,131.25,132.07,126.85,0.689,0.595,
29/08/2022,129.79,45824690.00,132.98,133.31,128.95,0.638,0.584,
26/08/2022,130.75,53322660.00,136.55,137.83,130.50,0.458,0.553,
25/08/2022,137.28,37496280.00,135.26,137.42,134.28,0.606,0.574,
24/08/2022,133.80,38626980.00,132.75,133.57,131.71,0.586,0.574,
23/08/2022,133.62,36252100.00,133.41,134.99,132.95,0.609,0.536,
22/08/2022,133.22,48497700.00,131.62,134.07,131.15,0.616,0.527,
19/08/2022,138.23,38365930.00,136.86,138.85,136.75,0.606,0.493,
18/08/2022,142.30,37458740.00,141.32,142.77,140.38,0.608,0.491,
17/08/2022,142.10,48149780.00,142.69,143.57,140.09,0.32,0.486,
16/08/2022,144.78,59102860.00,143.91,146.57,142.00,0.545,0.491,
15/08/2022,143.18,39014580.00,142.80,143.76,141.49,0.515,0.488,
12/08/2022,143.55,47643480.00,142.05,143.57,140.09,0.595,0.514,
11/08/2022,140.64,44867340.00,143.86,144.49,139.76,0.575,0.498,
10/08/2022,142.69,54773820.00,142.90,144.60,141.01,0.353,0.496,
09/08/2022,137.83,40434720.00,138.05,138.95,136.21,0.527,0.533,
08/08/2022,139.41,52303480.00,142.05,143.57,140.09,0.347,0.528,
05/08/2022,140.80,50686870.00,140.10,142.86,139.60,0.483,0.441,
04/08/2022,142.57,70585020.00,140.58,143.56,139.55,0.56,0.449,
03/08/2022,139.52,71827780.00,136.21,140.49,136.05,0.608,0.439,
02/08/2022,134.16,61922430.00,134.72,137.44,134.09,0.496,0.427,
01/08/2022,135.39,76846910.00,134.96,138.83,133.51,0.428,0.402,
29/07/2022,134.95,148892900.00,134.90,137.65,132.41,0.539,0.455,
28/07/2022,122.28,82245540.00,121.57,122.84,118.08,0.493,0.435,
27/07/2022,120.97,61582020.00,117.31,121.90,117.16,0.522,0.435,
26/07/2022,114.81,67075060.00,115.79,118.15,114.53,0.321,0.421,
25/07/2022,121.14,50221260.00,122.70,123.64,120.03,0.314,0.434,
22/07/2022,122.42,51463800.00,125.01,125.50,121.35,0.399,0.493,
21/07/2022,124.63,60239890.00,123.20,124.85,121.26,0.498,0.507,
20/07/2022,122.77,54375130.00,120.69,123.49,119.93,0.419,0.496,
19/07/2022,118.21,60990040.00,115.70,118.95,114.03,0.412,0.522,
18/07/2022,113.76,59115420.00,115.00,117.24,113.15,0.617,0.555,
15/07/2022,113.55,84317820.00,112.50,115.59,111.59,0.492,0.482,
14/07/2022,110.63,51163140.00,110.24,111.18,107.58,0.425,0.469,
13/07/2022,110.40,61353810.00,107.03,111.78,106.01,0.599,0.479,
12/07/2022,109.22,54280260.00,112.16,112.64,109.32,0.641,0.447,
11/07/2022,111.75,53540020.00,114.08,114.30,110.87,0.495,0.408,
08/07/2022,115.54,45719690.00,114.60,116.58,113.69,0.4,0.265,
07/07/2022,116.33,57872320.00,113.85,116.99,113.49,0.492,0.267,
06/07/2022,114.33,66958880.00,113.21,115.48,110.39,0.377,0.26,
05/07/2022,113.50,76684410.00,107.60,114.08,106.32,0.368,0.263,
01/07/2022,109.56,73021170.00,106.29,109.75,105.85,0.411,0.403,
30/06/2022,106.21,69575610.00,107.66,109.23,105.07,0.445,0.414,
29/06/2022,108.92,66375340.00,107.38,110.99,106.91,0.394,0.433,
28/06/2022,107.40,75172030.00,113.50,114.85,107.04,0.464,0.452,
27/06/2022,113.22,62133240.00,117.09,117.98,112.70,0.536,0.479,
24/06/2022,116.46,69867620.00,112.38,116.71,111.43,0.491,0.504,
23/06/2022,112.44,64345300.00,110.39,113.00,107.93,0.577,0.498,
22/06/2022,108.95,60040130.00,107.43,112.13,107.02,0.528,0.463,
21/06/2022,108.68,70901250.00,108.20,111.63,103.56,0.651,0.479,
17/06/2022,106.22,99772150.00,102.80,106.98,102.51,0.45,0.501,
16/06/2022,103.66,82186300.00,104.47,104.58,96.06,0.329,0.521,
15/06/2022,107.67,85011060.00,103.86,109.06,103.53,0.64,0.531,
14/06/2022,102.31,69728760.00,104.19,104.88,101.43,0.598,0.538,
13/06/2022,103.67,99277740.00,104.19,104.88,101.43,0.514,0.514,
10/06/2022,109.65,87412250.00,113.42,114.50,109.05,0.592,0.583,
09/06/2022,116.15,67029840.00,119.99,121.30,116.10,0.395,0.569,
08/06/2022,121.18,64926590.00,122.61,123.75,120.75,0.692,0.602,
07/06/2022,123.00,85156710.00,122.01,124.10,120.63,0.432,0.598,
06/06/2022,124.79,135269000.00,125.25,128.99,123.81,0.716,0.631,
03/06/2022,122.35,97603320.00,124.20,124.40,121.05,0.495,0.602,
02/06/2022,125.51,100560680.00,121.68,125.61,120.05,0.628,0.639,
01/06/2022,121.68,127528980.00,122.26,125.18,120.62,0.659,0.638,
31/05/2022,120.21,144634160.00,116.28,121.99,115.68,0.662,0.646,
27/05/2022,115.15,93660160.00,113.55,115.19,112.63,0.753,0.576,
26/05/2022,111.08,93002600.00,107.97,112.67,107.45,0.624,0.569,
25/05/2022,106.78,93120100.00,103.66,108.18,103.65,0.715,0.524,
24/05/2022,104.10,102934680.00,104.03,105.40,101.26,0.626,0.442,
23/05/2022,107.56,107797360.00,108.46,108.82,103.95,0.569,0.425,
20/05/2022,107.59,99500640.00,109.57,109.90,105.01,0.705,0.475,
19/05/2022,107.32,88142540.00,106.28,110.03,106.19,0.311,0.455,
18/05/2022,107.11,108379180.00,111.44,112.85,106.25,0.139,0.499,
17/05/2022,115.37,76447740.00,113.28,115.80,111.28,0.503,0.557,
16/05/2022,110.81,74565740.00,113.10,113.99,110.35,0.346,0.526,
13/05/2022,113.06,93684560.00,109.07,113.18,107.80,0.569,0.457,
12/05/2022,106.93,132025140.00,102.75,104.20,101.52,0.616,0.427,
11/05/2022,105.37,109703640.00,108.10,110.16,104.43,0.547,0.393,
10/05/2022,108.86,105433820.00,111.25,112.64,107.17,0.286,0.399,
09/05/2022,108.79,128124380.00,111.31,114.00,108.88,0.288,0.435,
06/05/2022,114.77,124259900.00,114.85,119.05,113.08,0.363,0.437,
05/05/2022,116.41,144391220.00,123.00,123.50,115.07,0.379,0.429,
04/05/2022,125.93,110745360.00,123.60,126.00,119.18,0.583,0.455,
03/05/2022,124.25,79133360.00,124.05,126.22,122.83,0.541,0.444,
02/05/2022,124.50,148788980.00,122.40,124.67,118.38,0.483,0.401,
29/04/2022,124.28,272661800.00,129.85,130.76,121.63,0.308,0.547,
28/04/2022,144.60,117316940.00,142.18,145.94,140.30,0.56,0.549,
27/04/2022,138.17,71336300.00,140.19,141.95,135.78,0.504,0.538,
26/04/2022,139.39,77529160.00,144.80,144.86,138.93,0.237,0.56,
25/04/2022,146.07,61874980.00,144.02,146.22,142.31,0.579,0.608,
22/04/2022,144.35,73078580.00,148.25,149.62,143.70,0.326,0.443,
21/04/2022,148.30,63969320.00,154.71,156.74,147.59,0.484,0.512,
20/04/2022,154.00,59630020.00,157.60,157.60,153.60,0.657,0.527,
19/04/2022,158.12,54926420.00,152.03,158.65,151.55,0.574,0.505,
18/04/2022,152.79,46513520.00,151.52,154.04,150.25,0.526,0.515,
14/04/2022,151.71,51598140.00,155.39,156.20,154.01,0.589,0.54,
13/04/2022,155.54,53390880.00,150.02,156.03,149.60,0.5,0.524,
12/04/2022,150.79,55177440.00,153.69,155.10,150.38,0.645,0.525,
11/04/2022,151.12,52112340.00,152.71,154.14,150.53,0.682,0.514,
08/04/2022,154.46,46001660.00,156.75,157.37,154.23,0.268,0.551,
07/04/2022,157.78,68136780.00,158.40,160.08,154.51,0.476,0.592,
06/04/2022,158.76,79055760.00,161.65,162.20,157.25,0.509,0.597,
05/04/2022,164.06,53728560.00,167.74,168.11,163.27,0.565,0.607,
04/04/2022,168.35,50007960.00,164.13,168.39,163.21,0.596,0.617,
01/04/2022,163.56,57089500.00,164.15,165.83,162.32,0.557,0.566,
31/03/2022,163.00,59965780.00,166.44,166.50,162.95,0.514,0.563,
30/03/2022,166.30,56167260.00,168.51,168.95,165.50,0.579,0.569,
29/03/2022,169.32,66153600.00,170.38,170.83,167.87,0.633,0.559,
28/03/2022,168.99,59853820.00,164.98,169.04,164.90,0.676,0.574,
25/03/2022,164.77,49085500.00,164.00,165.37,162.25,0.535,0.548,
24/03/2022,163.65,56798060.00,163.75,164.12,160.05,0.558,0.538,
23/03/2022,163.41,55811860.00,163.71,166.37,162.69,0.505,0.519,
22/03/2022,164.89,64086120.00,161.81,166.17,161.70,0.739,0.535,
21/03/2022,161.49,66537520.00,161.12,163.08,159.55,0.573,0.492,
18/03/2022,161.25,102962760.00,156.81,161.59,156.01,0.465,0.475,
17/03/2022,157.24,72934840.00,152.64,157.50,152.14,0.428,0.492,
16/03/2022,153.10,84957680.00,148.50,153.15,147.35,0.615,0.5,
15/03/2022,147.37,75584600.00,142.85,147.99,142.00,0.437,0.469,
14/03/2022,141.85,74086100.00,145.98,147.45,140.88,0.503,0.476,
11/03/2022,145.52,68900560.00,149.57,149.68,145.37,0.588,0.47,
10/03/2022,146.82,135062900.00,145.69,148.67,143.98,0.483,0.456,
09/03/2022,139.28,82656660.00,139.50,140.25,136.83,0.395,0.462,
08/03/2022,136.01,91662580.00,136.68,140.70,133.57,0.492,0.49,
07/03/2022,137.45,86933860.00,145.44,146.09,137.42,0.492,0.461,
04/03/2022,145.64,60983120.00,147.16,147.85,144.28,0.491,0.378,
03/03/2022,147.90,65197200.00,153.53,153.93,146.86,0.522,0.397,
02/03/2022,152.05,47334720.00,150.85,153.00,148.75,0.589,0.377,
01/03/2022,151.14,44873580.00,152.73,154.10,149.98,0.295,0.377,
28/02/2022,153.56,57683420.00,152.43,154.45,150.85,0.363,0.427,
25/02/2022,153.79,62395360.00,150.55,153.99,149.21,0.623,0.537,
24/02/2022,151.36,100785760.00,139.84,151.75,139.50,0.383,0.527,
23/02/2022,144.83,64243560.00,151.65,151.76,144.65,0.591,0.546,
22/02/2022,150.20,66128240.00,150.48,152.98,148.49,0.64,0.538,
18/02/2022,152.60,63604100.00,155.50,155.50,150.89,0.551,0.617,
17/02/2022,154.65,64032500.00,158.15,160.35,154.50,0.517,0.609,
16/02/2022,158.10,52704280.00,155.79,158.83,154.73,0.531,0.628,
15/02/2022,156.51,56970660.00,157.61,158.01,154.64,0.572,0.631,
14/02/2022,155.17,83230700.00,151.75,158.45,151.65,0.744,0.636,
11/02/2022,153.29,77100440.00,158.13,159.00,152.73,0.494,0.56,
10/02/2022,159.00,68268120.00,158.35,160.72,157.75,0.653,0.57,
09/02/2022,161.19,68785600.00,162.87,163.83,160.25,0.554,0.531,
08/02/2022,161.41,76040360.00,156.75,161.79,155.55,0.607,0.539,
07/02/2022,157.94,102624380.00,158.52,162.69,157.25,0.653,0.551,
04/02/2022,157.64,253455800.00,155.61,161.20,150.61,0.568,0.514,
03/02/2022,138.85,225531400.00,141.74,144.25,138.33,0.376,0.521,
02/02/2022,150.61,87329760.00,155.05,155.08,148.86,0.61,0.537,
01/02/2022,151.19,59219840.00,150.00,151.71,147.63,0.696,0.525,
31/01/2022,149.57,78307440.00,144.75,150.36,144.30,0.54,0.505,
28/01/2022,143.98,74391980.00,140.86,144.00,137.93,0.616,0.575,
27/01/2022,139.64,77515800.00,140.80,144.24,139.35,0.484,0.553,
26/01/2022,138.87,95601700.00,144.75,150.36,144.30,0.529,0.566,
25/01/2022,139.99,90824660.00,142.24,143.60,138.15,0.559,0.583,
24/01/2022,144.54,156044740.00,139.00,144.95,135.35,0.563,0.603,
21/01/2022,142.64,163971440.00,149.95,150.90,142.07,0.464,0.619,
20/01/2022,151.67,71973320.00,156.77,158.00,151.35,0.575,0.636,
19/01/2022,156.30,53241920.00,158.76,159.25,156.25,0.644,0.654,
18/01/2022,158.92,67441440.00,159.11,159.73,157.66,0.701,0.633,
14/01/2022,162.14,45974860.00,160.15,162.25,159.80,0.58,0.561,
13/01/2022,161.21,52188300.00,165.25,166.22,161.09,0.7,0.563,
12/01/2022,165.21,50029120.00,166.58,166.88,164.42,0.498,0.548,
11/01/2022,165.36,62805580.00,161.50,166.35,160.70,0.544,0.577,
10/01/2022,161.49,87798300.00,160.59,161.66,156.30,0.559,0.561,
07/01/2022,162.55,46605900.00,163.84,165.24,162.03,0.592,0.544,
06/01/2022,163.25,51957780.00,163.45,164.80,161.94,0.599,0.55,
05/01/2022,164.36,64302720.00,166.88,167.13,164.36,0.7,0.537,
04/01/2022,167.52,70725160.00,170.44,171.40,166.35,0.433,0.53,
03/01/2022,170.40,63869140.00,167.55,170.70,166.16,0.697,0.56,
31/12/2021,166.72,47830380.00,168.96,169.35,166.56,0.638,0.655,
30/12/2021,168.64,37583100.00,169.70,170.89,168.52,0.503,0.697,
29/12/2021,169.20,35754040.00,170.84,171.21,168.60,0.657,0.728,
28/12/2021,170.66,54711860.00,170.18,172.18,169.14,0.641,0.705,
27/12/2021,169.67,58846820.00,171.04,172.94,169.22,0.646,0.694,
23/12/2021,171.07,36788240.00,170.43,171.98,170.15,0.721,0.608,
22/12/2021,171.04,55035460.00,169.27,172.05,168.50,0.496,0.586,
21/12/2021,170.42,55955820.00,167.85,170.72,165.65,0.56,0.598,
20/12/2021,167.08,57372660.00,166.85,167.87,165.60,0.613,0.611,
17/12/2021,170.02,85755160.00,167.71,170.90,165.61,0.594,0.487,
16/12/2021,168.87,60876840.00,173.37,174.17,168.16,0.565,0.47,
15/12/2021,173.32,75794260.00,168.60,173.60,165.20,0.578,0.463,
14/12/2021,169.09,55975280.00,167.55,170.70,166.16,0.652,0.441,
13/12/2021,169.57,62169000.00,172.00,172.10,169.13,0.391,0.417,
10/12/2021,172.21,60689760.00,175.42,175.93,170.50,0.476,0.514,
09/12/2021,174.17,46061820.00,175.75,176.97,174.14,0.514,0.526,
08/12/2021,176.16,45253660.00,176.15,177.18,174.75,0.429,0.544,
07/12/2021,176.16,66410720.00,174.60,177.50,173.33,0.482,0.576,
06/12/2021,171.37,68860000.00,169.65,171.43,168.88,0.663,0.616,
03/12/2021,169.49,80711000.00,172.75,173.49,166.93,0.56,0.64,
02/12/2021,171.87,64725760.00,173.00,174.64,171.19,0.637,0.634,
01/12/2021,172.19,75139900.00,177.25,177.99,172.08,0.652,0.639,
30/11/2021,175.35,80022140.00,178.18,179.29,174.60,0.761,0.62,
29/11/2021,178.08,65311140.00,177.38,179.80,176.58,0.603,0.589,
26/11/2021,175.23,59825940.00,180.10,181.68,175.21,0.512,0.584,
24/11/2021,179.02,46560360.00,178.13,180.68,176.84,0.521,0.591,
23/11/2021,179.00,73844920.00,179.25,181.05,176.39,0.546,0.606,
22/11/2021,178.63,96957000.00,183.82,185.67,178.38,0.625,0.628,
19/11/2021,183.83,98924060.00,185.63,188.11,183.79,0.686,0.589,
18/11/2021,184.80,114070760.00,178.32,185.21,178.05,0.546,0.556,
17/11/2021,177.45,51205400.00,178.24,179.36,177.27,0.625,0.56,
16/11/2021,177.04,44341420.00,176.95,178.83,176.26,0.705,0.553,
15/11/2021,177.28,58594380.00,176.85,179.69,176.29,0.694,0.546,
12/11/2021,176.26,53788680.00,174.25,177.04,172.35,0.453,0.56,
11/11/2021,173.63,45288120.00,175.65,177.16,173.37,0.573,0.587,
10/11/2021,174.10,80548440.00,178.19,180.27,173.15,0.581,0.575,
09/11/2021,178.81,85898440.00,175.76,179.69,175.07,0.652,0.595,
08/11/2021,174.45,61479840.00,176.16,178.95,174.39,0.641,0.562,
05/11/2021,175.95,99939020.00,173.85,178.31,173.85,0.637,0.552,
04/11/2021,173.85,107060400.00,168.50,174.93,168.25,0.493,0.512,
03/11/2021,169.20,67943780.00,165.45,169.75,164.88,0.72,0.523,
02/11/2021,165.64,52551800.00,165.75,166.56,164.18,0.421,0.506,
01/11/2021,165.91,72177580.00,168.09,168.79,164.60,0.452,0.528,
29/10/2021,168.62,129721540.00,165.00,168.74,163.67,0.354,0.548,
28/10/2021,172.33,114174660.00,170.10,173.95,169.30,0.575,0.584,
27/10/2021,169.62,54044480.00,169.40,171.85,168.57,0.6,0.584,
26/10/2021,168.80,53966840.00,167.48,170.81,167.20,0.574,0.591,
25/10/2021,166.02,44519120.00,166.75,168.77,160.55,0.632,0.584,
22/10/2021,166.78,62781060.00,171.05,171.49,166.57,0.604,0.49,
21/10/2021,171.75,37627700.00,170.71,172.01,170.15,0.578,0.493,
20/10/2021,170.75,42795540.00,172.63,173.14,170.02,0.647,0.501,
19/10/2021,172.21,47721580.00,171.71,172.73,171.10,0.525,0.494,
18/10/2021,172.34,63482300.00,169.42,172.46,169.26,0.596,0.487,
15/10/2021,170.45,103598820.00,165.57,170.52,165.20,0.628,0.491,
14/10/2021,164.99,42240400.00,165.12,165.63,164.54,0.631,0.481,
13/10/2021,164.21,48501720.00,163.49,164.42,163.05,0.597,0.475,
12/10/2021,162.37,36391420.00,162.85,163.38,161.81,0.475,0.446,
11/10/2021,162.32,40684060.00,163.75,164.63,161.91,0.495,0.448,
08/10/2021,164.43,39964340.00,165.85,166.07,164.41,0.559,0.496,
07/10/2021,165.12,48181500.00,164.58,166.29,164.15,0.592,0.491,
06/10/2021,163.10,50659540.00,160.68,163.22,159.93,0.393,0.508,
05/10/2021,161.05,65384160.00,160.23,163.04,160.12,0.49,0.53,
04/10/2021,159.49,90461140.00,163.97,164.00,158.81,0.524,0.551,
01/10/2021,164.16,56712340.00,164.45,165.46,162.80,0.529,0.578,
30/09/2021,164.25,56940660.00,165.80,166.39,163.70,0.712,0.591,
29/09/2021,165.06,51245360.00,166.11,167.57,164.89,0.546,0.553,
28/09/2021,165.80,88616380.00,167.89,168.46,164.51,0.636,0.564,
27/09/2021,170.29,72689000.00,168.58,170.78,166.98,0.467,0.555,
24/09/2021,171.28,42324820.00,170.10,171.46,169.67,0.618,0.512,
23/09/2021,170.80,29045030.00,173.69,173.69,168.92,0.447,0.522,
22/09/2021,169.00,48228060.00,167.55,170.70,166.16,0.625,0.537,
21/09/2021,167.18,55617560.00,168.75,168.99,166.62,0.571,0.528,
20/09/2021,167.79,93382600.00,169.80,170.95,165.75,0.458,0.529,
17/09/2021,173.13,92331120.00,174.42,174.87,172.61,0.684,0.603,
16/09/2021,174.41,51671960.00,173.00,174.63,172.31,0.554,0.601,
15/09/2021,173.79,59150740.00,172.13,174.27,170.10,0.56,0.605,
14/09/2021,172.50,38737940.00,173.78,174.34,171.89,0.578,0.597,
13/09/2021,172.86,51380440.00,174.14,174.90,171.90,0.639,0.608,
10/09/2021,173.46,47945380.00,175.09,175.42,173.15,0.672,0.53,
09/09/2021,174.21,54384820.00,176.30,177.50,173.33,0.581,0.518,
08/09/2021,176.28,61067280.00,175.58,177.28,174.78,0.5,0.509,
07/09/2021,175.46,54823680.00,173.90,176.40,173.85,0.657,0.535,
03/09/2021,173.90,51566480.00,172.60,174.13,171.82,0.583,0.627,
02/09/2021,173.16,58511880.00,174.74,175.60,172.75,0.522,0.632,
01/09/2021,173.95,72598220.00,174.82,176.35,173.76,0.678,0.629,
31/08/2021,173.54,87128260.00,171.24,173.63,169.78,0.679,0.614,
30/08/2021,171.08,63844880.00,167.87,172.25,167.76,0.687,0.598,
27/08/2021,167.48,48047380.00,166.66,167.62,165.69,0.623,0.541,
26/08/2021,165.80,44616210.00,165.17,166.69,162.55,0.5,0.518,
25/08/2021,164.96,33606120.00,165.49,166.05,164.31,0.571,0.533,
24/08/2021,165.29,51036820.00,164.00,165.37,162.25,0.566,0.558,
23/08/2021,163.29,65362620.00,160.60,164.05,160.50,0.735,0.527,
20/08/2021,160.00,67168560.00,160.19,160.39,158.79,0.464,0.56,
19/08/2021,159.39,75657240.00,159.70,161.65,159.12,0.599,0.601,
18/08/2021,160.06,56086220.00,162.10,162.70,160.00,0.752,0.61,
17/08/2021,162.10,67758440.00,163.88,164.02,161.28,0.345,0.584,
16/08/2021,164.95,66569880.00,164.15,165.00,160.56,0.613,0.609,
13/08/2021,164.70,41133980.00,165.28,165.30,164.15,0.751,0.555,
12/08/2021,165.18,46476460.00,164.50,165.73,163.48,0.664,0.527,
11/08/2021,164.61,58944980.00,166.57,166.89,163.89,0.566,0.524,
10/08/2021,166.03,48251020.00,167.25,167.90,165.75,0.524,0.538,
09/08/2021,167.09,42964400.00,167.18,167.74,166.43,0.734,0.566,
06/08/2021,167.25,52752880.00,168.75,168.99,166.62,0.555,0.575,
05/08/2021,168.80,48670060.00,167.81,169.45,167.05,0.643,0.559,
04/08/2021,167.74,43678900.00,168.97,169.44,167.28,0.662,0.542,
03/08/2021,168.31,83146860.00,167.04,169.55,164.99,0.72,0.55,
02/08/2021,166.57,67078300.00,167.66,167.95,165.85,0.762,0.534,
30/07/2021,166.38,199311860.00,167.40,168.41,165.35,0.448,0.555,
29/07/2021,180.00,110399040.00,181.39,181.90,179.00,0.521,0.596,
28/07/2021,181.52,59987560.00,181.69,182.92,180.05,0.719,0.622,
27/07/2021,181.32,82637800.00,184.93,184.93,179.31,0.606,0.607,
26/07/2021,184.99,58001360.00,183.66,185.60,182.36,0.534,0.614,
23/07/2021,182.83,48725840.00,182.00,183.31,181.10,0.733,0.583,
22/07/2021,181.90,65307040.00,179.36,182.00,179.11,0.706,0.564,
21/07/2021,179.26,46379780.00,178.82,179.32,177.18,0.614,0.564,
20/07/2021,178.66,65113600.00,178.37,179.60,175.90,0.653,0.553,
19/07/2021,177.48,75691900.00,176.63,177.51,174.96,0.515,0.535,
16/07/2021,178.68,80874120.00,181.67,182.30,178.52,0.602,0.548,
15/07/2021,181.56,63705840.00,184.71,184.77,181.05,0.71,0.556,
14/07/2021,184.08,65931360.00,185.44,185.88,183.04,0.532,0.549,
13/07/2021,183.87,76918340.00,185.11,188.65,183.57,0.527,0.537,
12/07/2021,185.93,51432700.00,187.20,187.86,184.84,0.645,0.53,
09/07/2021,185.97,74964740.00,186.13,187.40,184.67,0.656,0.509,
08/07/2021,186.57,103612460.00,182.18,188.00,181.06,0.663,0.496,
07/07/2021,184.83,106561240.00,185.87,186.71,183.95,0.449,0.485,
06/07/2021,183.79,134895360.00,176.51,184.27,176.45,0.477,0.487,
02/07/2021,175.55,63533940.00,172.58,175.59,171.85,0.562,0.597,
01/07/2021,171.65,40741060.00,171.73,172.85,170.47,0.589,0.608,
30/06/2021,172.01,48079840.00,172.05,173.58,171.75,0.459,0.623,
29/06/2021,172.41,41968780.00,171.94,172.80,171.15,0.752,0.637,
28/06/2021,172.19,44855860.00,170.80,172.40,170.68,0.739,0.625,
25/06/2021,170.07,78819940.00,173.20,173.24,169.71,0.642,0.629,
24/06/2021,172.45,76639980.00,175.38,176.24,171.54,0.692,0.64,
23/06/2021,175.19,56266820.00,175.25,176.05,174.16,0.556,0.62,
22/06/2021,175.27,66901640.00,172.90,176.19,172.80,0.668,0.625,
21/06/2021,172.70,65542600.00,173.82,174.10,171.70,0.54,0.606,
18/06/2021,174.35,104954740.00,174.00,175.35,173.69,0.718,0.544,
17/06/2021,174.46,102730620.00,170.16,174.86,170.05,0.549,0.528,
16/06/2021,170.76,84055640.00,169.60,171.32,168.03,0.592,0.522,
15/06/2021,169.16,48524000.00,169.20,169.85,168.16,0.532,0.516,
14/06/2021,169.19,51393100.00,167.34,169.25,166.78,0.704,0.53,
11/06/2021,167.34,56347040.00,167.48,168.33,166.67,0.607,0.6,
10/06/2021,167.48,69529600.00,164.10,167.55,164.06,0.51,0.597,
09/06/2021,164.06,49110600.00,163.64,164.88,163.54,0.548,0.643,
08/06/2021,163.21,68334600.00,161.13,163.98,160.90,0.629,0.645,
07/06/2021,159.90,44315120.00,159.87,160.40,158.61,0.555,0.655,
04/06/2021,160.31,44994980.00,160.60,161.05,159.94,0.588,0.671,
03/06/2021,159.35,47965860.00,160.21,160.72,159.20,0.829,0.682,
02/06/2021,161.70,40290480.00,161.16,161.75,160.40,0.56,0.67,
01/06/2021,160.93,48600900.00,162.17,162.55,160.45,0.703,0.68,
28/05/2021,161.15,46630180.00,162.10,162.40,160.99,0.664,0.569,
27/05/2021,161.51,51223140.00,162.80,163.02,161.50,0.747,0.581,
26/05/2021,163.26,47679720.00,163.73,164.79,162.93,0.628,0.561,
25/05/2021,162.95,65222180.00,163.33,163.99,160.69,0.584,0.531,
24/05/2021,162.25,48456260.00,160.78,162.90,160.53,0.552,0.53,
21/05/2021,160.15,82097640.00,162.50,162.83,159.85,0.745,0.462,
20/05/2021,162.38,52663840.00,162.22,162.98,161.81,0.604,0.452,
19/05/2021,161.59,53594160.00,159.75,161.74,159.20,0.421,0.461,
18/05/2021,161.61,56567820.00,164.63,165.60,161.52,0.578,0.461,
17/05/2021,163.52,73711980.00,162.30,164.64,161.73,0.529,0.461,
14/05/2021,161.15,66500440.00,159.28,161.44,159.15,0.669,0.606,
13/05/2021,158.07,67137540.00,159.27,160.19,156.65,0.671,0.597,
12/05/2021,157.60,98728200.00,159.25,160.40,156.66,0.422,0.575,
11/05/2021,161.20,92395620.00,156.81,161.90,156.37,0.577,0.61,
10/05/2021,159.52,116772060.00,164.12,164.15,159.50,0.653,0.626,
07/05/2021,164.58,94205520.00,165.95,166.54,164.45,0.611,0.562,
06/05/2021,165.32,88953920.00,163.50,165.72,162.36,0.518,0.555,
05/05/2021,163.53,74226160.00,166.94,167.73,163.22,0.667,0.581,
04/05/2021,165.59,108788980.00,167.81,168.40,163.61,0.688,0.569,
03/05/2021,169.32,117510600.00,174.24,174.33,168.64,0.66,0.566,
30/04/2021,173.37,140186920.00,176.26,177.70,173.13,0.559,0.578,
29/04/2021,173.57,153647620.00,175.25,175.72,171.75,0.705,0.593,
28/04/2021,172.93,92637680.00,171.74,174.49,171.25,0.58,0.596,
27/04/2021,170.87,76542800.00,172.17,173.00,169.90,0.668,0.597,
26/04/2021,170.45,97614160.00,167.40,171.42,166.55,0.686,0.578,
23/04/2021,167.04,63933040.00,165.96,168.75,166.45,0.659,0.644,
22/04/2021,165.45,51611800.00,168.58,168.64,165.07,0.728,0.632,
21/04/2021,168.10,44223320.00,165.80,166.39,163.70,0.59,0.642,
20/04/2021,166.73,52460640.00,168.68,169.15,165.80,0.534,0.634,
19/04/2021,168.60,54508100.00,169.52,171.80,168.01,0.72,0.669,
16/04/2021,169.97,63720980.00,169.00,170.34,167.78,0.574,0.634,
15/04/2021,168.95,64671600.00,168.55,169.85,167.60,0.799,0.631,
14/04/2021,166.65,62904080.00,170.20,170.21,166.30,0.536,0.605,
13/04/2021,170.00,66316740.00,170.04,171.60,169.78,0.775,0.628,
12/04/2021,168.97,65635960.00,167.76,169.75,167.56,0.628,0.603,
09/04/2021,168.61,86829460.00,165.24,168.61,164.45,0.556,0.428,
08/04/2021,164.97,56241800.00,165.55,166.23,164.60,0.612,0.428,
07/04/2021,163.97,66924540.00,161.69,165.18,161.18,0.7,0.452,
06/04/2021,161.19,50756180.00,161.19,162.37,160.85,0.599,0.442,
05/04/2021,161.34,66697640.00,158.65,161.80,158.06,0.223,0.424,
01/04/2021,158.05,58806360.00,155.90,158.12,155.78,0.782,0.621,
31/03/2021,154.70,61877920.00,153.20,155.97,153.13,0.626,0.589,
30/03/2021,152.76,46752060.00,153.50,153.65,151.70,0.478,0.582,
29/03/2021,153.79,54919360.00,152.77,154.56,151.42,0.748,0.613,
26/03/2021,152.60,63604100.00,155.50,155.50,150.89,0.66,0.592,
25/03/2021,152.31,71269380.00,153.65,155.49,151.86,0.563,0.597,
24/03/2021,154.35,59179620.00,157.55,158.02,154.26,0.576,0.611,
23/03/2021,156.88,76345260.00,156.35,159.10,156.04,0.693,0.645,
22/03/2021,155.54,58043580.00,153.39,156.33,153.00,0.64,0.628,
19/03/2021,153.75,92507080.00,151.46,153.86,150.83,0.696,0.686,
18/03/2021,151.40,73140540.00,155.05,155.83,151.25,0.658,0.709,
17/03/2021,156.79,62371680.00,153.66,158.65,153.51,0.815,0.734,
16/03/2021,154.59,50775280.00,155.25,156.45,153.79,0.572,0.701,
15/03/2021,154.08,58371840.00,153.73,154.11,151.60,0.883,0.695,
12/03/2021,154.47,48437760.00,153.75,154.95,152.28,0.857,0.721,
11/03/2021,155.68,55527820.00,155.20,156.59,154.15,0.828,0.696,
10/03/2021,152.88,60249780.00,154.92,155.82,151.50,0.585,0.684,
09/03/2021,153.14,80600640.00,150.90,154.55,150.26,0.531,0.693,
08/03/2021,147.60,83700160.00,150.75,153.23,147.57,0.748,0.756,
05/03/2021,150.02,107771020.00,150.25,150.45,144.05,0.682,0.812,
04/03/2021,148.88,109631560.00,150.60,152.91,147.27,0.745,0.777,
03/03/2021,150.25,79774500.00,154.06,155.39,149.75,0.65,0.755,
02/03/2021,154.73,51915240.00,157.17,158.18,154.36,0.967,0.783,
01/03/2021,157.31,54679260.00,156.39,157.48,154.90,0.903,0.739,
26/02/2021,154.65,85518600.00,154.76,156.12,151.84,0.442,0.631,
25/02/2021,152.86,90676020.00,156.84,158.91,152.39,0.588,0.653,
24/02/2021,157.98,60225500.00,158.34,158.56,156.27,0.848,0.671,
23/02/2021,159.73,93544440.00,156.35,160.24,154.68,0.66,0.65,
22/02/2021,159.04,70313580.00,160.41,161.62,158.61,0.79,0.65,
19/02/2021,162.50,86103680.00,166.41,166.68,162.29,0.597,0.724,
18/02/2021,166.41,60672140.00,164.12,166.90,163.70,0.712,0.712,
17/02/2021,165.43,66041980.00,163.18,166.05,162.98,0.698,0.746,
16/02/2021,163.45,51494420.00,162.70,165.42,162.68,0.666,0.785,
12/02/2021,163.89,46706780.00,162.50,162.83,159.85,0.509,0.751,
11/02/2021,163.11,46028340.00,164.60,164.60,162.40,0.951,0.79,
10/02/2021,164.33,63031000.00,165.70,165.90,162.70,0.972,0.761,
09/02/2021,165.25,44070520.00,165.62,166.90,163.70,0.997,0.753,
08/02/2021,166.15,65147820.00,167.93,168.25,165.20,0.864,0.753,
05/02/2021,167.61,72416160.00,165.95,168.85,165.14,0.779,0.725,
04/02/2021,166.55,73413220.00,166.50,167.35,163.89,0.782,0.726,
03/02/2021,165.63,141775620.00,171.25,171.70,165.43,0.748,0.756,
02/02/2021,169.00,141972740.00,169.00,170.34,167.78,0.916,0.784,
01/02/2021,167.14,83204240.00,162.12,167.51,161.75,0.997,0.766,
29/01/2021,160.31,85871120.00,161.50,166.35,160.70,0.784,0.724,
28/01/2021,161.88,62984560.00,161.75,165.08,161.43,0.994,0.643,
27/01/2021,161.63,93203160.00,167.07,167.33,160.35,0.948,0.643,
26/01/2021,166.31,59104700.00,164.82,166.90,163.70,0.787,0.623,
25/01/2021,164.70,74995160.00,166.43,168.19,162.16,0.254,0.582,
22/01/2021,164.61,56438280.00,165.22,166.10,164.16,0.757,0.752,
21/01/2021,165.35,98901020.00,164.65,167.43,164.48,0.214,0.787,
20/01/2021,163.17,106196700.00,159.10,163.99,158.75,0.997,0.64,
19/01/2021,156.04,66102840.00,155.35,157.25,154.80,0.808,0.538,
15/01/2021,155.21,84879900.00,156.15,157.13,154.76,0.992,0.355,
14/01/2021,156.37,61418380.00,158.38,158.90,156.03,0.996,0.344,
13/01/2021,158.29,66424880.00,156.42,159.50,156.10,-0.811,0.255,
12/01/2021,156.04,70291640.00,156.00,157.11,154.30,0.282,0.444,
11/01/2021,155.71,73381900.00,157.40,157.82,155.50,0.995,0.541,
08/01/2021,159.14,70754880.00,159.00,159.53,157.11,0.914,0.465,
07/01/2021,158.11,70290900.00,157.85,160.43,157.75,0.374,0.382,
06/01/2021,156.92,87896300.00,157.32,159.88,156.56,0.508,0.435,
05/01/2021,160.93,53110960.00,158.30,161.17,158.25,0.963,0.506,
04/01/2021,159.33,88228980.00,163.50,165.72,162.36,0.966,0.434,
31/12/2020,162.85,59144120.00,163.75,164.63,161.91,-0.339,0.569,
29/12/2020,166.10,97458660.00,165.50,167.53,164.06,0.33,0.75,
28/12/2020,164.20,113735740.00,159.70,165.20,158.63,0.748,0.828,
24/12/2020,158.63,29038340.00,159.70,160.10,158.45,0.462,0.85,
23/12/2020,159.26,41875740.00,160.25,160.51,159.21,0.783,0.824,
22/12/2020,160.33,47635620.00,160.14,161.10,159.00,0.999,0.855,
21/12/2020,160.31,76736920.00,160.00,161.35,158.30,0.93,0.852,
18/12/2020,160.08,119914260.00,162.20,162.47,158.58,0.984,0.834,
17/12/2020,161.80,69486940.00,162.50,162.83,159.85,0.92,0.777,
16/12/2020,162.05,88552320.00,158.80,162.35,158.18,0.281,0.788,
15/12/2020,158.26,66473720.00,159.05,159.43,156.52,0.997,0.85,
14/12/2020,157.85,83115880.00,157.15,159.52,156.30,0.978,0.828,
11/12/2020,155.82,61293900.00,154.83,155.93,153.64,0.813,0.757,
10/12/2020,155.07,60603720.00,154.45,157.11,153.80,0.866,0.739,
09/12/2020,155.21,82016720.00,158.39,158.72,154.40,0.586,0.671,
08/12/2020,158.86,65726060.00,157.95,159.21,156.00,0.997,0.729,
07/12/2020,157.90,55026320.00,157.82,159.04,157.08,0.714,0.715,
04/12/2020,158.13,58272220.00,159.91,159.91,157.94,0.69,0.848,
03/12/2020,159.34,57840780.00,160.27,161.43,159.07,0.389,0.891,
01/12/2020,161.00,90887640.00,159.43,162.45,157.86,0.994,0.978,
25/11/2020,159.25,75808060.00,157.09,159.90,157.01,0.9,0.978,
24/11/2020,155.90,72042040.00,155.03,156.71,154.31,0.977,0.99,
23/11/2020,154.92,94177740.00,155.84,156.99,153.27,0.995,0.993,
19/11/2020,155.85,60205400.00,155.27,156.25,154.05,0.99,0.974,
17/11/2020,156.78,68894700.00,159.18,159.46,156.76,0.998,0.974,
16/11/2020,156.55,76173520.00,154.66,157.14,153.63,0.99,0.974,
13/11/2020,156.44,75251740.00,156.10,157.09,154.27,0.987,0.97,
12/11/2020,155.51,87424160.00,158.00,158.79,154.30,1,0.972,
11/11/2020,156.87,87338460.00,153.09,156.96,152.50,0.978,0.956,
10/11/2020,151.75,131819120.00,154.75,155.70,150.97,0.872,0.957,
09/11/2020,157.19,143808120.00,161.55,164.45,155.61,0.995,0.974,
06/11/2020,165.57,92946600.00,165.23,166.10,161.60,0.967,0.965,
05/11/2020,166.10,97458660.00,165.50,167.53,164.06,1,0.964,
02/11/2020,150.22,145147000.00,153.09,153.99,147.51,0.888,0.963,
30/10/2020,151.81,167921620.00,157.89,158.35,150.95,0.981,0.979,
28/10/2020,158.14,111766600.00,162.47,163.20,158.12,0.997,0.979,
27/10/2020,164.32,85820940.00,161.25,164.58,160.57,0.971,0.98,
23/10/2020,160.22,69333740.00,159.55,160.27,157.00,0.951,0.984,
20/10/2020,160.85,90193560.00,161.11,163.30,159.60,0.959,0.899,
16/10/2020,163.64,129487060.00,168.16,169.98,158.00,0.995,0.856,
14/10/2020,168.19,116578320.00,172.35,173.24,167.00,0.999,0.851,
12/10/2020,172.15,167283960.00,167.50,174.81,166.98,0.983,0.831,
09/10/2020,164.33,98157420.00,160.50,164.45,159.89,1,0.818,
08/10/2020,159.53,63482280.00,161.25,161.66,158.75,1,0.817,
01/10/2020,161.06,99438440.00,160.40,161.20,150.61,0.36,0.734,
30/09/2020,157.44,97922020.00,157.06,160.64,156.70,0.656,0.818,
29/09/2020,157.24,70067960.00,158.77,159.41,156.63,0.956,0.864,
28/09/2020,158.70,84483300.00,157.44,158.75,155.86,0.863,0.867,
24/09/2020,150.99,110587840.00,148.89,153.47,148.25,0.892,0.885,
23/09/2020,149.99,113053300.00,156.02,156.35,149.62,0.992,0.893,
22/09/2020,156.45,138976320.00,151.69,156.70,150.01,0.422,0.876,
18/09/2020,147.75,177851600.00,151.59,151.89,145.28,0.943,0.816,
17/09/2020,150.44,128981000.00,150.46,151.47,148.63,0.979,0.781,
16/09/2020,153.91,90623780.00,159.00,159.36,153.71,0.975,0.762,
11/09/2020,155.81,101879640.00,160.43,160.87,154.20,0.995,0.765,
09/09/2020,163.43,103773500.00,160.15,165.16,159.25,0.948,0.765,
08/09/2020,157.49,121884100.00,157.20,162.54,156.50,0.871,0.744,
04/09/2020,164.73,175635080.00,165.90,169.08,155.56,0,0.762,
03/09/2020,168.40,163222260.00,174.25,177.04,172.35,0.699,0.904,
02/09/2020,176.57,78629520.00,177.35,177.61,174.33,0.844,0.944,
01/09/2020,174.96,69528140.00,174.48,175.69,173.35,1,0.964,
31/08/2020,172.55,83717700.00,170.45,174.75,170.25,0.991,0.958,
28/08/2020,170.09,57939560.00,171.15,171.67,169.33,0.8,0.938,
27/08/2020,170.00,66316740.00,170.04,171.60,169.78,1,0.951,
25/08/2020,167.32,79856840.00,164.75,167.87,163.35,0.992,0.95,
24/08/2020,165.37,93325160.00,165.51,169.02,162.88,0.982,0.949,
21/08/2020,164.24,71517240.00,164.75,165.72,163.77,0.982,0.949,
19/08/2020,163.02,83702740.00,165.15,165.80,162.80,0.96,0.951,
18/08/2020,165.62,106919480.00,160.60,161.05,159.94,0.849,0.956,
13/08/2020,158.05,62980860.00,159.15,160.88,157.75,0.889,0.955,
11/08/2020,154.03,74361140.00,155.66,157.96,153.65,0.998,0.713,
06/08/2020,161.25,78812040.00,159.72,162.37,158.27,0.984,0.713,
04/08/2020,156.94,93885880.00,155.06,158.36,155.06,0.98,0.711,
30/07/2020,152.59,122565300.00,150.70,154.60,150.25,0.999,0.713,
29/07/2020,151.68,59481200.00,151.55,151.96,149.84,0.992,0.712,
28/07/2020,150.02,62533020.00,152.71,153.85,149.79,0.844,0.694,
23/07/2020,149.33,113138120.00,154.91,154.91,148.50,-0.805,0.706,
16/07/2020,150.00,127884920.00,148.55,151.60,145.91,0.996,0.963,
15/07/2020,150.44,115777480.00,154.01,154.92,148.66,0.974,0.958,
14/07/2020,154.20,144638660.00,154.45,156.37,147.50,0.994,0.961,
10/07/2020,160.00,109719640.00,159.59,160.75,156.79,0.989,0.955,
08/07/2020,154.06,100752700.00,151.13,154.20,150.62,0.867,0.933,
07/07/2020,150.01,105150280.00,152.93,153.48,149.50,0.925,0.952,
06/07/2020,152.85,137612840.00,146.75,152.99,146.50,0.996,0.948,
02/07/2020,144.52,131867740.00,145.60,147.78,143.56,0.992,0.953,
29/06/2020,134.02,84468440.00,134.50,134.84,131.50,0.956,0.946,
25/06/2020,137.73,59373140.00,136.98,137.81,135.61,0.836,0.95,
24/06/2020,136.72,90532100.00,139.00,144.95,135.35,0.995,0.941,
23/06/2020,138.22,84634140.00,136.30,139.16,135.90,0.898,0.931,
19/06/2020,133.75,115539260.00,133.90,134.87,132.95,0.995,0.943,
17/06/2020,132.05,59186320.00,132.38,132.75,131.59,0.996,0.828,
16/06/2020,130.76,71912980.00,131.00,132.63,127.79,0.948,0.829,
15/06/2020,128.63,77466700.00,126.33,129.20,125.40,0.981,0.835,
11/06/2020,127.90,116002140.00,130.18,133.57,126.81,0.771,0.796,
10/06/2020,132.37,98920620.00,132.25,136.12,131.31,0.926,0.798,
05/06/2020,124.15,66128900.00,122.23,124.43,121.86,0.189,0.808,
04/06/2020,123.03,58974200.00,123.87,125.38,122.50,0.999,0.924,
03/06/2020,123.92,53420480.00,123.40,124.40,121.05,0.995,0.923,
20/05/2020,124.90,79962860.00,123.89,125.00,123.36,0.706,0.8,
15/05/2020,120.49,84699020.00,118.43,120.55,117.82,0.984,0.845,
12/05/2020,117.85,61498320.00,120.59,120.95,117.75,0.997,0.562,
07/05/2020,118.38,67928220.00,118.74,118.80,117.16,1,0.556,
06/05/2020,117.56,62356280.00,116.47,117.87,116.00,0.994,0.556,
04/05/2020,115.80,97318520.00,112.82,116.35,112.82,0.131,0.486,
28/04/2020,115.70,105388920.00,118.61,118.68,115.30,0.943,0.607,
27/04/2020,118.80,112912900.00,122.16,124.71,121.80,0.866,0.615,
24/04/2020,120.51,76635940.00,120.85,121.02,119.10,0.998,0.921,
23/04/2020,119.97,101331040.00,120.00,121.21,119.10,0.504,0.92,
22/04/2020,118.17,84365900.00,118.45,119.70,117.55,0.983,0.99,
20/04/2020,119.68,115413880.00,119.50,122.25,119.30,0.998,0.992,
16/04/2020,120.41,240764000.00,117.30,123.05,116.75,0.998,0.985,
09/04/2020,102.14,93112340.00,102.22,102.65,100.88,0.972,0.984,
30/03/2020,98.20,122521740.00,96.14,98.68,95.62,0.992,0.988,
27/03/2020,95.01,107757940.00,96.54,96.99,95.00,0.99,0.989,
20/12/2019,89.33,103049200.00,89.98,90.15,89.12,0.998,0.989,
28/08/2019,88.21,48437860.00,87.75,89.32,84.03,0.998,0.989,
06/08/2019,89.39,101405160.00,89.61,89.69,87.67,0.95,0.987,
16/07/2019,100.50,52363960.00,100.53,101.32,100.06,0.99,0.994,
15/04/2019,92.24,74213060.00,92.10,92.66,91.61,0.995,0.992,
12/03/2019,83.66,71259860.00,83.45,84.21,83.05,1,0.992,
11/03/2019,83.53,75945960.00,81.31,83.61,81.30,0.994,0.992,
27/02/2019,82.05,62822920.00,81.41,82.09,80.76,0.997,0.992,
05/02/2019,82.94,88872640.00,82.17,83.26,82.13,0.982,0.992,
07/12/2018,81.46,150178780.00,85.25,85.95,81.27,0.997,0.994,
13/11/2018,81.56,118029980.00,82.46,83.85,80.69,0.98,0.991,
30/10/2018,76.52,247902600.00,74.31,77.05,73.82,0.996,0.993,
27/08/2018,96.38,70929920.00,95.75,100.99,95.61,0.999,0.994,
15/08/2018,94.13,153162160.00,95.48,95.81,93.49,0.994,0.993,
31/07/2018,88.87,114328980.00,89.32,90.09,86.97,0.997,0.991,
30/07/2018,88.96,130854240.00,91.37,91.48,88.30,0.998,0.991,
12/07/2018,89.83,90225480.00,88.23,89.90,88.11,0.973,0.991,
16/04/2018,72.08,55476720.00,72.25,72.35,71.37,0.997,0.994,
04/04/2018,70.53,138849700.00,67.91,70.77,67.64,0.999,0.994,
16/03/2018,78.58,105836960.00,79.17,79.47,78.38,0.991,0.995,
14/03/2018,79.55,66024800.00,80.05,80.46,79.30,0.983,0.995,
01/02/2018,69.50,228450400.00,70.13,72.95,66.04,0.996,0.997,
28/11/2017,59.68,90961280.00,60.24,60.27,59.43,0.999,0.987,
27/11/2017,59.79,134367700.00,60.13,60.67,59.56,0.996,0.987,
05/10/2017,49.04,64401600.00,48.50,49.08,48.48,0.997,0.987,
28/08/2017,47.30,51529120.00,47.33,47.65,47.11,1,0.985,
12/05/2017,48.07,50183880.00,48.01,48.24,47.92,0.994,0.984,
13/04/2017,44.23,63380500.00,44.57,44.75,44.22,0.998,0,
11/08/2016,38.56,40344780.00,38.50,38.69,38.46,0.926,0,
16/06/2016,35.88,61896740.00,35.60,35.90,35.27,0.999,0,
05/05/2016,32.95,97543580.00,33.67,33.82,32.80,0.997,0,
11/01/2016,30.89,97482700.00,30.62,30.99,29.93,0.983,0,
22/10/2015,28.20,151738940.00,28.14,28.46,27.83,0.989,0,
,,,,,,,,
,,,,,,,,
,,,,,,,,
,,,,,,,,
,,,,,,,,
,,,,,,,,
,,,,,,,,
,,,,,,,,
,,,,,,,,
,,,,,,,,
,,,,,,,,
,,,,,,,,
,,,,,,,,
,,,,,,,,
,,,,,,,,
,,,,,,,,
,,,,,,,,
,,,,,,,,
,,,,,,,,
,,,,,,,,
,,,,,,,,
,,,,,,,,
,,,,,,,,
,,,,,,,,
,,,,,,,,
,,,,,,,,
,,,,,,,,
,,,,,,,,
,,,,,,,,
,,,,,,,,
,,,,,,,,
,,,,,,,,
,,,,,,,,
,,,,,,,,
,,,,,,,,
,,,,,,,,
,,,,,,,,
,,,,,,,,
,,,,,,,,
,,,,,,,,
,,,,,,,,
,,,,,,,,
,,,,,,,,
,,,,,,,,
,,,,,,,,
,,,,,,,,
,,,,,,,,
,,,,,,,,
,,,,,,,,
,,,,,,,,
,,,,,,,,
,,,,,,,,
,,,,,,,,
,,,,,,,,
,,,,,,,,
,,,,,,,,
,,,,,,,,
,,,,,,,,
,,,,,,,,
,,,,,,,,
,,,,,,,,
,,,,,,,,
,,,,,,,,
,,,,,,,,
,,,,,,,,
,,,,,,,,
,,,,,,,,
,,,,,,,,
,,,,,,,,
,,,,,,,,
,,,,,,,,
,,,,,,,,
,,,,,,,,
,,,,,,,,
,,,,,,,,
,,,,,,,,
,,,,,,,,
,,,,,,,,
,,,,,,,,
,,,,,,,,
,,,,,,,,
,,,,,,,,
,,,,,,,,
,,,,,,,,
,,,,,,,,
,,,,,,,,
,,,,,,,,
,,,,,,,,
,,,,,,,,
,,,,,,,,
,,,,,,,,
,,,,,,,,
,,,,,,,,
,,,,,,,,
,,,,,,,,
,,,,,,,,
,,,,,,,,
,,,,,,,,
,,,,,,,,
,,,,,,,,
,,,,,,,,
,,,,,,,,
,,,,,,,,
,,,,,,,,
,,,,,,,,
,,,,,,,,
,,,,,,,,
,,,,,,,,
,,,,,,,,
,,,,,,,,
,,,,,,,,
,,,,,,,,
,,,,,,,,
,,,,,,,,
,,,,,,,,
,,,,,,,,
,,,,,,,,
,,,,,,,,
,,,,,,,,
,,,,,,,,
,,,,,,,,
,,,,,,,,
,,,,,,,,
,,,,,,,,
,,,,,,,,
,,,,,,,,
,,,,,,,,
,,,,,,,,
,,,,,,,,
,,,,,,,,
,,,,,,,,
,,,,,,,,
,,,,,,,,
,,,,,,,,
,,,,,,,,
,,,,,,,,
,,,,,,,,
,,,,,,,,
,,,,,,,,
,,,,,,,,
,,,,,,,,
,,,,,,,,
,,,,,,,,
,,,,,,,,
,,,,,,,,
,,,,,,,,
,,,,,,,,
,,,,,,,,
,,,,,,,,
,,,,,,,,
,,,,,,,,
,,,,,,,,
,,,,,,,,
,,,,,,,,
,,,,,,,,
,,,,,,,,
,,,,,,,,
,,,,,,,,
,,,,,,,,
,,,,,,,,
,,,,,,,,
,,,,,,,,
,,,,,,,,
,,,,,,,,
,,,,,,,,
,,,,,,,,
,,,,,,,,
,,,,,,,,
,,,,,,,,
,,,,,,,,
,,,,,,,,
,,,,,,,,
,,,,,,,,
,,,,,,,,
,,,,,,,,
,,,,,,,,
,,,,,,,,
,,,,,,,,
,,,,,,,,
,,,,,,,,
,,,,,,,,
,,,,,,,,
,,,,,,,,
,,,,,,,,
,,,,,,,,
,,,,,,,,
,,,,,,,,
,,,,,,,,
,,,,,,,,
,,,,,,,,
,,,,,,,,
,,,,,,,,
,,,,,,,,
,,,,,,,,
,,,,,,,,
,,,,,,,,
,,,,,,,,
,,,,,,,,
,,,,,,,,
,,,,,,,,
,,,,,,,,
,,,,,,,,
,,,,,,,,
,,,,,,,,
,,,,,,,,
,,,,,,,,
,,,,,,,,
,,,,,,,,
,,,,,,,,
,,,,,,,,
,,,,,,,,
,,,,,,,,
,,,,,,,,
,,,,,,,,
,,,,,,,,
,,,,,,,,
,,,,,,,,
,,,,,,,,
,,,,,,,,
,,,,,,,,
,,,,,,,,
,,,,,,,,
,,,,,,,,
,,,,,,,,
,,,,,,,,
,,,,,,,,
,,,,,,,,
,,,,,,,,
,,,,,,,,
,,,,,,,,
,,,,,,,,
,,,,,,,,
,,,,,,,,
,,,,,,,,
,,,,,,,,
,,,,,,,,
,,,,,,,,
,,,,,,,,
,,,,,,,,
,,,,,,,,
,,,,,,,,
,,,,,,,,
,,,,,,,,
,,,,,,,,
,,,,,,,,
,,,,,,,,
,,,,,,,,
,,,,,,,,
,,,,,,,,
,,,,,,,,
,,,,,,,,
,,,,,,,,
,,,,,,,,
,,,,,,,,
,,,,,,,,
,,,,,,,,
,,,,,,,,
,,,,,,,,
,,,,,,,,
,,,,,,,,
,,,,,,,,
,,,,,,,,
,,,,,,,,
,,,,,,,,
,,,,,,,,
,,,,,,,,
,,,,,,,,
,,,,,,,,
,,,,,,,,
,,,,,,,,
,,,,,,,,
,,,,,,,,
,,,,,,,,
,,,,,,,,
,,,,,,,,
,,,,,,,,
,,,,,,,,
,,,,,,,,
,,,,,,,,
,,,,,,,,
,,,,,,,,
,,,,,,,,
,,,,,,,,
,,,,,,,,
,,,,,,,,
,,,,,,,,
,,,,,,,,
,,,,,,,,
,,,,,,,,
,,,,,,,,
,,,,,,,,
,,,,,,,,
,,,,,,,,
,,,,,,,,
,,,,,,,,
,,,,,,,,
,,,,,,,,
,,,,,,,,
,,,,,,,,
,,,,,,,,
,,,,,,,,
,,,,,,,,
,,,,,,,,
,,,,,,,,
,,,,,,,,
,,,,,,,,
,,,,,,,,
,,,,,,,,
,,,,,,,,
,,,,,,,,
,,,,,,,,
,,,,,,,,
,,,,,,,,
,,,,,,,,
,,,,,,,,
,,,,,,,,
,,,,,,,,
,,,,,,,,
,,,,,,,,
,,,,,,,,
,,,,,,,,
,,,,,,,,
,,,,,,,,
,,,,,,,,
,,,,,,,,
,,,,,,,,
,,,,,,,,
,,,,,,,,
,,,,,,,,
,,,,,,,,
,,,,,,,,
,,,,,,,,
,,,,,,,,
,,,,,,,,
,,,,,,,,
,,,,,,,,
,,,,,,,,
,,,,,,,,
,,,,,,,,
,,,,,,,,
,,,,,,,,
,,,,,,,,
,,,,,,,,
,,,,,,,,
,,,,,,,,
,,,,,,,,
,,,,,,,,
,,,,,,,,
,,,,,,,,
,,,,,,,,
,,,,,,,,
,,,,,,,,
,,,,,,,,
,,,,,,,,
,,,,,,,,
,,,,,,,,
,,,,,,,,
,,,,,,,,
,,,,,,,,
,,,,,,,,
,,,,,,,,
,,,,,,,,
,,,,,,,,
,,,,,,,,
,,,,,,,,
,,,,,,,,
,,,,,,,,
,,,,,,,,
,,,,,,,,
,,,,,,,,
,,,,,,,,
,,,,,,,,
,,,,,,,,
,,,,,,,,
,,,,,,,,
,,,,,,,,
,,,,,,,,
,,,,,,,,
,,,,,,,,
,,,,,,,,
,,,,,,,,
,,,,,,,,
,,,,,,,,
,,,,,,,,
,,,,,,,,
,,,,,,,,
,,,,,,,,
,,,,,,,,
,,,,,,,,
,,,,,,,,
,,,,,,,,
,,,,,,,,
,,,,,,,,
,,,,,,,,
,,,,,,,,
,,,,,,,,
,,,,,,,,
,,,,,,,,
,,,,,,,,
,,,,,,,,
,,,,,,,,
,,,,,,,,
,,,,,,,,
,,,,,,,,
,,,,,,,,
,,,,,,,,
,,,,,,,,
,,,,,,,,
,,,,,,,,
,,,,,,,,
,,,,,,,,
,,,,,,,,
,,,,,,,,
,,,,,,,,
,,,,,,,,
,,,,,,,,
,,,,,,,,
,,,,,,,,
,,,,,,,,
,,,,,,,,
,,,,,,,,
,,,,,,,,
,,,,,,,,
,,,,,,,,
,,,,,,,,
,,,,,,,,
,,,,,,,,
,,,,,,,,
,,,,,,,,
,,,,,,,,
,,,,,,,,
,,,,,,,,
,,,,,,,,
,,,,,,,,
,,,,,,,,
,,,,,,,,
,,,,,,,,
,,,,,,,,
,,,,,,,,
,,,,,,,,
,,,,,,,,
,,,,,,,,
,,,,,,,,
,,,,,,,,
,,,,,,,,
,,,,,,,,
,,,,,,,,
,,,,,,,,
,,,,,,,,
,,,,,,,,
,,,,,,,,
,,,,,,,,
,,,,,,,,
,,,,,,,,
,,,,,,,,
,,,,,,,,
,,,,,,,,
,,,,,,,,
,,,,,,,,
,,,,,,,,
,,,,,,,,
,,,,,,,,
,,,,,,,,
,,,,,,,,
,,,,,,,,
,,,,,,,,
,,,,,,,,
,,,,,,,,
,,,,,,,,
,,,,,,,,
,,,,,,,,
,,,,,,,,
,,,,,,,,
,,,,,,,,
,,,,,,,,
,,,,,,,,
,,,,,,,,
,,,,,,,,
,,,,,,,,
,,,,,,,,
,,,,,,,,
,,,,,,,,
,,,,,,,,
,,,,,,,,
,,,,,,,,
,,,,,,,,
,,,,,,,,
,,,,,,,,
,,,,,,,,
,,,,,,,,
,,,,,,,,
,,,,,,,,
,,,,,,,,
,,,,,,,,
,,,,,,,,
,,,,,,,,
,,,,,,,,
,,,,,,,,
,,,,,,,,
,,,,,,,,
,,,,,,,,
,,,,,,,,
,,,,,,,,
,,,,,,,,
,,,,,,,,
,,,,,,,,
,,,,,,,,
,,,,,,,,
,,,,,,,,
,,,,,,,,
,,,,,,,,
,,,,,,,,
,,,,,,,,
,,,,,,,,
,,,,,,,,
,,,,,,,,
,,,,,,,,
,,,,,,,,
,,,,,,,,
,,,,,,,,
,,,,,,,,
,,,,,,,,
,,,,,,,,
,,,,,,,,
,,,,,,,,
,,,,,,,,
,,,,,,,,
,,,,,,,,
,,,,,,,,
,,,,,,,,
,,,,,,,,
,,,,,,,,
,,,,,,,,
,,,,,,,,
,,,,,,,,
,,,,,,,,
,,,,,,,,
,,,,,,,,
,,,,,,,,
,,,,,,,,
,,,,,,,,
,,,,,,,,
,,,,,,,,
,,,,,,,,
,,,,,,,,
,,,,,,,,
,,,,,,,,
,,,,,,,,
,,,,,,,,
,,,,,,,,
,,,,,,,,
,,,,,,,,
,,,,,,,,
,,,,,,,,
,,,,,,,,
,,,,,,,,
,,,,,,,,
,,,,,,,,
,,,,,,,,
,,,,,,,,
,,,,,,,,
,,,,,,,,
,,,,,,,,
,,,,,,,,
,,,,,,,,
,,,,,,,,
,,,,,,,,
,,,,,,,,
,,,,,,,,
,,,,,,,,
,,,,,,,,
,,,,,,,,
,,,,,,,,
,,,,,,,,
,,,,,,,,
,,,,,,,,
,,,,,,,,
,,,,,,,,
,,,,,,,,
,,,,,,,,
,,,,,,,,
,,,,,,,,
,,,,,,,,
,,,,,,,,
,,,,,,,,
,,,,,,,,
,,,,,,,,
,,,,,,,,
,,,,,,,,
,,,,,,,,
,,,,,,,,
,,,,,,,,
,,,,,,,,
,,,,,,,,
,,,,,,,,
,,,,,,,,
,,,,,,,,
,,,,,,,,
,,,,,,,,
,,,,,,,,
,,,,,,,,
,,,,,,,,
,,,,,,,,
,,,,,,,,
,,,,,,,,
,,,,,,,,
,,,,,,,,
,,,,,,,,
,,,,,,,,
,,,,,,,,
,,,,,,,,
,,,,,,,,
,,,,,,,,
,,,,,,,,
,,,,,,,,
,,,,,,,,
,,,,,,,,
,,,,,,,,
,,,,,,,,
,,,,,,,,
,,,,,,,,
,,,,,,,,
,,,,,,,,
,,,,,,,,
,,,,,,,,
,,,,,,,,
,,,,,,,,
,,,,,,,,
,,,,,,,,
,,,,,,,,
,,,,,,,,
,,,,,,,,
,,,,,,,,
,,,,,,,,
,,,,,,,,
,,,,,,,,
,,,,,,,,
,,,,,,,,
,,,,,,,,
,,,,,,,,
,,,,,,,,
,,,,,,,,
,,,,,,,,
,,,,,,,,
,,,,,,,,
,,,,,,,,
,,,,,,,,
,,,,,,,,
,,,,,,,,
,,,,,,,,
,,,,,,,,
,,,,,,,,
,,,,,,,,
,,,,,,,,
,,,,,,,,
,,,,,,,,
,,,,,,,,
,,,,,,,,
,,,,,,,,
,,,,,,,,
,,,,,,,,
,,,,,,,,
,,,,,,,,
,,,,,,,,
,,,,,,,,
,,,,,,,,
,,,,,,,,
,,,,,,,,
,,,,,,,,
,,,,,,,,
,,,,,,,,
,,,,,,,,
,,,,,,,,
,,,,,,,,
,,,,,,,,
,,,,,,,,
,,,,,,,,
,,,,,,,,
,,,,,,,,
,,,,,,,,
,,,,,,,,
,,,,,,,,
,,,,,,,,
,,,,,,,,
,,,,,,,,
,,,,,,,,
,,,,,,,,
,,,,,,,,
,,,,,,,,
,,,,,,,,
,,,,,,,,
,,,,,,,,
,,,,,,,,
,,,,,,,,
,,,,,,,,
,,,,,,,,
,,,,,,,,
,,,,,,,,
,,,,,,,,
,,,,,,,,
,,,,,,,,
,,,,,,,,
,,,,,,,,
,,,,,,,,
,,,,,,,,
,,,,,,,,
,,,,,,,,
,,,,,,,,
,,,,,,,,
,,,,,,,,
,,,,,,,,
,,,,,,,,
,,,,,,,,
,,,,,,,,
,,,,,,,,
,,,,,,,,
,,,,,,,,
,,,,,,,,
,,,,,,,,
,,,,,,,,
,,,,,,,,
,,,,,,,,
,,,,,,,,
,,,,,,,,
,,,,,,,,
,,,,,,,,
,,,,,,,,
,,,,,,,,
,,,,,,,,
,,,,,,,,
,,,,,,,,
,,,,,,,,
,,,,,,,,
,,,,,,,,
,,,,,,,,
,,,,,,,,
,,,,,,,,
,,,,,,,,
,,,,,,,,
,,,,,,,,
,,,,,,,,
,,,,,,,,
,,,,,,,,
,,,,,,,,
,,,,,,,,
,,,,,,,,
,,,,,,,,
,,,,,,,,
,,,,,,,,
,,,,,,,,
,,,,,,,,
,,,,,,,,
,,,,,,,,
,,,,,,,,
,,,,,,,,
,,,,,,,,
,,,,,,,,
,,,,,,,,
,,,,,,,,
,,,,,,,,
,,,,,,,,
,,,,,,,,
,,,,,,,,
,,,,,,,,
,,,,,,,,
,,,,,,,,
,,,,,,,,
,,,,,,,,
,,,,,,,,
,,,,,,,,
,,,,,,,,
,,,,,,,,
,,,,,,,,
,,,,,,,,
,,,,,,,,
,,,,,,,,
,,,,,,,,
,,,,,,,,
,,,,,,,,
,,,,,,,,
,,,,,,,,
,,,,,,,,
,,,,,,,,
,,,,,,,,
,,,,,,,,
,,,,,,,,
,,,,,,,,
,,,,,,,,
,,,,,,,,
,,,,,,,,
,,,,,,,,
,,,,,,,,
,,,,,,,,
,,,,,,,,
,,,,,,,,
,,,,,,,,
,,,,,,,,
,,,,,,,,
,,,,,,,,
,,,,,,,,
,,,,,,,,
,,,,,,,,
,,,,,,,,
,,,,,,,,
,,,,,,,,
,,,,,,,,
,,,,,,,,
,,,,,,,,
,,,,,,,,
,,,,,,,,
,,,,,,,,
,,,,,,,,
,,,,,,,,
,,,,,,,,
,,,,,,,,
,,,,,,,,
,,,,,,,,
,,,,,,,,
,,,,,,,,
,,,,,,,,
,,,,,,,,
,,,,,,,,
,,,,,,,,
,,,,,,,,
,,,,,,,,
,,,,,,,,
,,,,,,,,
,,,,,,,,
,,,,,,,,
,,,,,,,,
,,,,,,,,
,,,,,,,,
,,,,,,,,
,,,,,,,,
,,,,,,,,
,,,,,,,,
,,,,,,,,
,,,,,,,,
,,,,,,,,
,,,,,,,,
,,,,,,,,
,,,,,,,,
,,,,,,,,
,,,,,,,,
,,,,,,,,
,,,,,,,,
,,,,,,,,
,,,,,,,,
,,,,,,,,
,,,,,,,,
,,,,,,,,
,,,,,,,,
,,,,,,,,
,,,,,,,,
,,,,,,,,
,,,,,,,,
,,,,,,,,
,,,,,,,,
,,,,,,,,
,,,,,,,,
,,,,,,,,
,,,,,,,,
,,,,,,,,
,,,,,,,,
,,,,,,,,
,,,,,,,,
,,,,,,,,
,,,,,,,,
,,,,,,,,
,,,,,,,,
,,,,,,,,
,,,,,,,,
,,,,,,,,
,,,,,,,,
,,,,,,,,
,,,,,,,,
,,,,,,,,
,,,,,,,,
,,,,,,,,
,,,,,,,,
,,,,,,,,
,,,,,,,,
,,,,,,,,
,,,,,,,,
,,,,,,,,
,,,,,,,,
,,,,,,,,
,,,,,,,,
,,,,,,,,
,,,,,,,,
,,,,,,,,
,,,,,,,,
,,,,,,,,
,,,,,,,,
,,,,,,,,
,,,,,,,,
,,,,,,,,
,,,,,,,,
,,,,,,,,
,,,,,,,,
,,,,,,,,
,,,,,,,,
,,,,,,,,
,,,,,,,,
,,,,,,,,
,,,,,,,,
,,,,,,,,
,,,,,,,,
,,,,,,,,
,,,,,,,,
,,,,,,,,
,,,,,,,,
,,,,,,,,
,,,,,,,,
,,,,,,,,
,,,,,,,,
,,,,,,,,
,,,,,,,,
,,,,,,,,
,,,,,,,,
,,,,,,,,
,,,,,,,,
,,,,,,,,
,,,,,,,,
,,,,,,,,
,,,,,,,,
,,,,,,,,
,,,,,,,,
,,,,,,,,
,,,,,,,,
,,,,,,,,
,,,,,,,,
,,,,,,,,
,,,,,,,,
,,,,,,,,
,,,,,,,,
,,,,,,,,
,,,,,,,,
,,,,,,,,
,,,,,,,,
,,,,,,,,
,,,,,,,,
,,,,,,,,
,,,,,,,,
,,,,,,,,
,,,,,,,,
,,,,,,,,
,,,,,,,,
,,,,,,,,
,,,,,,,,
,,,,,,,,
,,,,,,,,
,,,,,,,,
,,,,,,,,
,,,,,,,,
,,,,,,,,
,,,,,,,,
,,,,,,,,
,,,,,,,,
,,,,,,,,
,,,,,,,,
,,,,,,,,
,,,,,,,,
,,,,,,,,
,,,,,,,,
,,,,,,,,
,,,,,,,,
,,,,,,,,
,,,,,,,,
,,,,,,,,
,,,,,,,,
,,,,,,,,
,,,,,,,,
,,,,,,,,
,,,,,,,,
,,,,,,,,
,,,,,,,,
,,,,,,,,
,,,,,,,,
,,,,,,,,
,,,,,,,,
,,,,,,,,
,,,,,,,,
,,,,,,,,
,,,,,,,,
,,,,,,,,
,,,,,,,,
,,,,,,,,
,,,,,,,,
,,,,,,,,
,,,,,,,,
,,,,,,,,
,,,,,,,,
,,,,,,,,
,,,,,,,,
,,,,,,,,
,,,,,,,,
,,,,,,,,
,,,,,,,,
,,,,,,,,
,,,,,,,,
,,,,,,,,
,,,,,,,,
,,,,,,,,
,,,,,,,,
,,,,,,,,
,,,,,,,,
,,,,,,,,
,,,,,,,,
,,,,,,,,
,,,,,,,,
,,,,,,,,
,,,,,,,,
,,,,,,,,
,,,,,,,,
,,,,,,,,
,,,,,,,,
,,,,,,,,
,,,,,,,,
,,,,,,,,
,,,,,,,,
,,,,,,,,
,,,,,,,,
,,,,,,,,
,,,,,,,,
,,,,,,,,
,,,,,,,,
,,,,,,,,
,,,,,,,,
,,,,,,,,
,,,,,,,,
,,,,,,,,
,,,,,,,,
,,,,,,,,
,,,,,,,,
,,,,,,,,
,,,,,,,,
,,,,,,,,
,,,,,,,,
,,,,,,,,
,,,,,,,,
,,,,,,,,
,,,,,,,,
,,,,,,,,
,,,,,,,,
,,,,,,,,
,,,,,,,,
,,,,,,,,
,,,,,,,,
,,,,,,,,
,,,,,,,,
,,,,,,,,
,,,,,,,,
,,,,,,,,
,,,,,,,,
,,,,,,,,
,,,,,,,,
,,,,,,,,
,,,,,,,,
,,,,,,,,
,,,,,,,,
,,,,,,,,
,,,,,,,,
,,,,,,,,
,,,,,,,,
,,,,,,,,
,,,,,,,,
,,,,,,,,
,,,,,,,,
,,,,,,,,
,,,,,,,,
,,,,,,,,
,,,,,,,,
,,,,,,,,
,,,,,,,,
,,,,,,,,
,,,,,,,,
,,,,,,,,
,,,,,,,,
,,,,,,,,
,,,,,,,,
,,,,,,,,
,,,,,,,,
,,,,,,,,
,,,,,,,,
,,,,,,,,
,,,,,,,,
,,,,,,,,
,,,,,,,,
,,,,,,,,
,,,,,,,,
,,,,,,,,
,,,,,,,,
,,,,,,,,
,,,,,,,,
,,,,,,,,
,,,,,,,,
,,,,,,,,
,,,,,,,,
,,,,,,,,
,,,,,,,,
,,,,,,,,
,,,,,,,,
,,,,,,,,
,,,,,,,,
,,,,,,,,
,,,,,,,,
,,,,,,,,
,,,,,,,,
,,,,,,,,
,,,,,,,,
,,,,,,,,
,,,,,,,,
,,,,,,,,
,,,,,,,,
,,,,,,,,
,,,,,,,,
,,,,,,,,
,,,,,,,,
,,,,,,,,
,,,,,,,,
,,,,,,,,
,,,,,,,,
,,,,,,,,
,,,,,,,,
,,,,,,,,
,,,,,,,,
,,,,,,,,
,,,,,,,,
,,,,,,,,
,,,,,,,,
,,,,,,,,
,,,,,,,,
,,,,,,,,
,,,,,,,,
,,,,,,,,
,,,,,,,,
,,,,,,,,
,,,,,,,,
,,,,,,,,
,,,,,,,,
,,,,,,,,
,,,,,,,,
,,,,,,,,
,,,,,,,,
,,,,,,,,
,,,,,,,,
,,,,,,,,
,,,,,,,,
,,,,,,,,
,,,,,,,,
,,,,,,,,
,,,,,,,,
,,,,,,,,
,,,,,,,,
,,,,,,,,
,,,,,,,,
,,,,,,,,
,,,,,,,,
,,,,,,,,
,,,,,,,,
,,,,,,,,
,,,,,,,,
,,,,,,,,
,,,,,,,,
,,,,,,,,
,,,,,,,,
,,,,,,,,
,,,,,,,,
,,,,,,,,
,,,,,,,,
,,,,,,,,
,,,,,,,,
,,,,,,,,
,,,,,,,,
,,,,,,,,
,,,,,,,,
,,,,,,,,
,,,,,,,,
,,,,,,,,
,,,,,,,,
,,,,,,,,
,,,,,,,,
,,,,,,,,
,,,,,,,,
,,,,,,,,
,,,,,,,,
,,,,,,,,
,,,,,,,,
,,,,,,,,
,,,,,,,,
,,,,,,,,
,,,,,,,,
,,,,,,,,
,,,,,,,,
,,,,,,,,
,,,,,,,,
,,,,,,,,
,,,,,,,,
,,,,,,,,
,,,,,,,,
,,,,,,,,
,,,,,,,,
,,,,,,,,
,,,,,,,,
,,,,,,,,
,,,,,,,,
,,,,,,,,
,,,,,,,,
,,,,,,,,
,,,,,,,,
,,,,,,,,
,,,,,,,,
,,,,,,,,
,,,,,,,,
,,,,,,,,
,,,,,,,,
,,,,,,,,
,,,,,,,,
,,,,,,,,
,,,,,,,,
,,,,,,,,
,,,,,,,,
,,,,,,,,
,,,,,,,,
,,,,,,,,
,,,,,,,,
,,,,,,,,
,,,,,,,,
,,,,,,,,
,,,,,,,,
,,,,,,,,
,,,,,,,,
,,,,,,,,
,,,,,,,,
,,,,,,,,
,,,,,,,,
,,,,,,,,
,,,,,,,,
,,,,,,,,
,,,,,,,,
,,,,,,,,
,,,,,,,,
,,,,,,,,
,,,,,,,,
,,,,,,,,
,,,,,,,,
,,,,,,,,
,,,,,,,,
,,,,,,,,
,,,,,,,,
,,,,,,,,
,,,,,,,,
,,,,,,,,
,,,,,,,,
,,,,,,,,
,,,,,,,,
,,,,,,,,
,,,,,,,,
,,,,,,,,
,,,,,,,,
,,,,,,,,
,,,,,,,,
,,,,,,,,
,,,,,,,,
,,,,,,,,
,,,,,,,,
,,,,,,,,
,,,,,,,,
,,,,,,,,
,,,,,,,,
,,,,,,,,
,,,,,,,,
,,,,,,,,
,,,,,,,,
,,,,,,,,
,,,,,,,,
,,,,,,,,
,,,,,,,,
,,,,,,,,
,,,,,,,,
,,,,,,,,
,,,,,,,,
,,,,,,,,
,,,,,,,,
,,,,,,,,
,,,,,,,,
,,,,,,,,
,,,,,,,,
,,,,,,,,
,,,,,,,,
,,,,,,,,
,,,,,,,,
,,,,,,,,
,,,,,,,,
,,,,,,,,
,,,,,,,,
,,,,,,,,
,,,,,,,,
,,,,,,,,
,,,,,,,,
,,,,,,,,
,,,,,,,,
,,,,,,,,
,,,,,,,,
,,,,,,,,
,,,,,,,,
,,,,,,,,
,,,,,,,,
,,,,,,,,
,,,,,,,,
,,,,,,,,
,,,,,,,,
,,,,,,,,
,,,,,,,,
,,,,,,,,
,,,,,,,,
,,,,,,,,
,,,,,,,,
,,,,,,,,
,,,,,,,,
,,,,,,,,
,,,,,,,,
,,,,,,,,
,,,,,,,,
,,,,,,,,
,,,,,,,,
,,,,,,,,
,,,,,,,,
,,,,,,,,
,,,,,,,,
,,,,,,,,
,,,,,,,,
,,,,,,,,
,,,,,,,,
,,,,,,,,
,,,,,,,,
,,,,,,,,
,,,,,,,,
,,,,,,,,
,,,,,,,,
,,,,,,,,
,,,,,,,,
,,,,,,,,
,,,,,,,,
,,,,,,,,
,,,,,,,,
,,,,,,,,
,,,,,,,,
,,,,,,,,
,,,,,,,,
,,,,,,,,
,,,,,,,,
,,,,,,,,
,,,,,,,,
,,,,,,,,
,,,,,,,,
,,,,,,,,
,,,,,,,,
,,,,,,,,
,,,,,,,,
,,,,,,,,
,,,,,,,,
,,,,,,,,
,,,,,,,,
,,,,,,,,
,,,,,,,,
,,,,,,,,
,,,,,,,,
,,,,,,,,
,,,,,,,,
,,,,,,,,
,,,,,,,,
,,,,,,,,
,,,,,,,,
,,,,,,,,
,,,,,,,,
,,,,,,,,
,,,,,,,,
,,,,,,,,
,,,,,,,,
,,,,,,,,
,,,,,,,,
,,,,,,,,
,,,,,,,,
,,,,,,,,
,,,,,,,,
,,,,,,,,
,,,,,,,,
,,,,,,,,
,,,,,,,,
,,,,,,,,
,,,,,,,,
,,,,,,,,
,,,,,,,,
,,,,,,,,
,,,,,,,,
,,,,,,,,
,,,,,,,,
,,,,,,,,
,,,,,,,,
,,,,,,,,
,,,,,,,,
,,,,,,,,
,,,,,,,,
,,,,,,,,
,,,,,,,,
,,,,,,,,
,,,,,,,,
,,,,,,,,
,,,,,,,,
,,,,,,,,
,,,,,,,,
,,,,,,,,
,,,,,,,,
,,,,,,,,
,,,,,,,,
,,,,,,,,
,,,,,,,,
,,,,,,,,
,,,,,,,,
,,,,,,,,
,,,,,,,,
,,,,,,,,
,,,,,,,,
,,,,,,,,
,,,,,,,,
,,,,,,,,
,,,,,,,,
,,,,,,,,
,,,,,,,,
,,,,,,,,
,,,,,,,,
,,,,,,,,
,,,,,,,,
,,,,,,,,
,,,,,,,,
,,,,,,,,
,,,,,,,,
,,,,,,,,
,,,,,,,,
,,,,,,,,
,,,,,,,,
,,,,,,,,
,,,,,,,,
,,,,,,,,
,,,,,,,,
,,,,,,,,
,,,,,,,,
,,,,,,,,
,,,,,,,,
,,,,,,,,
,,,,,,,,
,,,,,,,,
,,,,,,,,
,,,,,,,,
,,,,,,,,
,,,,,,,,
,,,,,,,,
,,,,,,,,
,,,,,,,,
,,,,,,,,
,,,,,,,,
,,,,,,,,
,,,,,,,,
,,,,,,,,
,,,,,,,,
,,,,,,,,
,,,,,,,,
,,,,,,,,
,,,,,,,,
,,,,,,,,
,,,,,,,,
,,,,,,,,
,,,,,,,,
,,,,,,,,
,,,,,,,,
,,,,,,,,
,,,,,,,,
,,,,,,,,
,,,,,,,,
,,,,,,,,
,,,,,,,,
,,,,,,,,
,,,,,,,,
,,,,,,,,
,,,,,,,,
,,,,,,,,
,,,,,,,,
,,,,,,,,
,,,,,,,,
,,,,,,,,
,,,,,,,,
,,,,,,,,
,,,,,,,,
,,,,,,,,
,,,,,,,,
,,,,,,,,
,,,,,,,,
,,,,,,,,
,,,,,,,,
,,,,,,,,
,,,,,,,,
,,,,,,,,
,,,,,,,,
,,,,,,,,
,,,,,,,,
,,,,,,,,
,,,,,,,,
,,,,,,,,
,,,,,,,,
,,,,,,,,
,,,,,,,,
,,,,,,,,
,,,,,,,,
,,,,,,,,
,,,,,,,,
,,,,,,,,
,,,,,,,,
,,,,,,,,
,,,,,,,,
,,,,,,,,
,,,,,,,,
,,,,,,,,
,,,,,,,,
,,,,,,,,
,,,,,,,,
,,,,,,,,
,,,,,,,,
,,,,,,,,
,,,,,,,,
,,,,,,,,
,,,,,,,,
,,,,,,,,
,,,,,,,,
,,,,,,,,
,,,,,,,,
,,,,,,,,
,,,,,,,,
,,,,,,,,
,,,,,,,,
,,,,,,,,
,,,,,,,,
,,,,,,,,
,,,,,,,,
,,,,,,,,
,,,,,,,,
,,,,,,,,
,,,,,,,,
,,,,,,,,
,,,,,,,,
,,,,,,,,
,,,,,,,,
,,,,,,,,
,,,,,,,,
,,,,,,,,
,,,,,,,,
,,,,,,,,
,,,,,,,,
,,,,,,,,
,,,,,,,,
,,,,,,,,
,,,,,,,,
,,,,,,,,
,,,,,,,,
,,,,,,,,
,,,,,,,,
,,,,,,,,
,,,,,,,,
,,,,,,,,
,,,,,,,,
,,,,,,,,
,,,,,,,,
,,,,,,,,
,,,,,,,,
,,,,,,,,
,,,,,,,,
,,,,,,,,
,,,,,,,,
,,,,,,,,
,,,,,,,,
,,,,,,,,
,,,,,,,,
,,,,,,,,
,,,,,,,,
,,,,,,,,
,,,,,,,,
,,,,,,,,
,,,,,,,,
,,,,,,,,
,,,,,,,,
,,,,,,,,
,,,,,,,,
,,,,,,,,
,,,,,,,,
,,,,,,,,
,,,,,,,,
,,,,,,,,
,,,,,,,,
,,,,,,,,
,,,,,,,,
,,,,,,,,
,,,,,,,,
,,,,,,,,
,,,,,,,,
,,,,,,,,
,,,,,,,,
,,,,,,,,
,,,,,,,,
,,,,,,,,
,,,,,,,,
,,,,,,,,
,,,,,,,,
,,,,,,,,
,,,,,,,,
,,,,,,,,
,,,,,,,,
,,,,,,,,
,,,,,,,,
,,,,,,,,
,,,,,,,,
,,,,,,,,
,,,,,,,,
,,,,,,,,
,,,,,,,,
,,,,,,,,
,,,,,,,,
,,,,,,,,
,,,,,,,,
,,,,,,,,
,,,,,,,,
,,,,,,,,
,,,,,,,,
,,,,,,,,
,,,,,,,,
,,,,,,,,
,,,,,,,,
,,,,,,,,
,,,,,,,,
,,,,,,,,
,,,,,,,,
,,,,,,,,
,,,,,,,,
,,,,,,,,
,,,,,,,,
,,,,,,,,
,,,,,,,,
,,,,,,,,
,,,,,,,,
,,,,,,,,
,,,,,,,,
,,,,,,,,
,,,,,,,,
,,,,,,,,
,,,,,,,,
,,,,,,,,
,,,,,,,,
,,,,,,,,
,,,,,,,,
,,,,,,,,
,,,,,,,,
,,,,,,,,
,,,,,,,,
,,,,,,,,
,,,,,,,,
,,,,,,,,
,,,,,,,,
,,,,,,,,
,,,,,,,,
,,,,,,,,
,,,,,,,,
,,,,,,,,
,,,,,,,,
