Date,Open,High,Low,Close,Volume
18/09/2020,75,76.79,67,68.35,20620980
21/09/2020,67.11,73.98,65.11,72.96,5055201
22/09/2020,76.64,84.98,75.11,84.82,6893682
23/09/2020,88.67,88.88,79.9,81.85,4343874
24/09/2020,77.75,83.89,75.7,83.2,2487241
25/09/2020,84.79,93.36,84.2501,89.85,3681670
28/09/2020,94.46,100,94.1001,95.8,3999879
29/09/2020,98.16,102.63,93.5,94.92,2818379
30/09/2020,94.9,96.36,85.0301,87.28,3670659
01/10/2020,89.33,90.97,83.5,84.56,4530848
02/10/2020,81.55,87.619,81.55,83.53,2771333
05/10/2020,85.83,85.849,82.3,84,1260519
06/10/2020,84.61,84.76,82.71,82.79,1014436
07/10/2020,84.04,89.5,83.758,88.65,1767750
08/10/2020,91.19,93.5,88.8,91.4,1892944
09/10/2020,92.85,100.42,92.7,99.11,2587670
12/10/2020,100.13,101,89.8,90,3867995
13/10/2020,92.35,94.78,91,92.11,2000670
14/10/2020,93.52,96.1,89.2,90.02,2199777
15/10/2020,88.2,93.39,87,91.43,1365848
16/10/2020,92.19,93.6,90.878,92.56,960312
19/10/2020,94,95.4,88.21,89.3,1669136
20/10/2020,89.83,90.62,86.1,87.15,1224848
21/10/2020,87.27,91.27,87.27,91,1270210
22/10/2020,90.82,101,88.28,100.96,4738063
23/10/2020,101,103.97,93,97.28,3246221
26/10/2020,98,103.4899,91.63,99.96,2933307
27/10/2020,100,108.35,95.5,104,5984257
28/10/2020,100,102,96.2,99.76,2391453
29/10/2020,101.79,109.28,98.5,108.84,2805257
30/10/2020,105.81,107.3,92.22,94.88,5104520
02/11/2020,96.67,98.69,93.3706,94.13,2514458
03/11/2020,96,99.5,94.6,98.07,2161629
04/11/2020,101.81,106.88,100.5,106.45,2788945
05/11/2020,110,112.79,107.23,110.76,2106629
06/11/2020,110.5,119.88,108.15,119,1727745
09/11/2020,116.88,117.03,102.41,102.85,3158657
10/11/2020,106.06,106.19,98,99.66,2447126
11/11/2020,102.76,106.5,101.53,105.58,1663723
12/11/2020,105,106.532,99.505,101.74,2968206
13/11/2020,100,116.86,100,114.77,4781654
16/11/2020,109,112.5,105.37,111.51,4675012
17/11/2020,107.83,122.95,107.83,118.05,3710751
18/11/2020,119.19,119.27,113.51,115.01,1897191
19/11/2020,115.01,118.5,114,116.31,1663753
20/11/2020,117.31,124.18,116.3405,122.8,2691957
23/11/2020,123.31,129.87,122.6,129.4,2108843
24/11/2020,130.97,133.85,126,129.04,1727978
25/11/2020,130,138.9475,128,137.46,1539838
27/11/2020,143,148,141.55,147.62,1799409
30/11/2020,147,152.61,139.1301,151.98,2514023
01/12/2020,155,155.95,142.66,147.23,2411339
02/12/2020,142.1,145.4999,135.51,141.05,2141600
03/12/2020,143.2,149.95,142.61,145.67,1241298
04/12/2020,149.09,154.88,146.61,150.94,1498610
07/12/2020,151.9,158.2,150.33,155.71,1321780
08/12/2020,158,167.87,158,167.25,1738811
09/12/2020,169.8,170.55,149.1158,152,4057683
10/12/2020,151.46,161.25,150.5,158.18,1862867
11/12/2020,158,159.4716,151.62,152.5,1360432
14/12/2020,154.5,156,143.65,146.72,2383900
15/12/2020,150,150.01,142.33,144.58,1461087
16/12/2020,145.89,150.76,144.68,146.69,1516069
17/12/2020,154.16,156.99,148.55,151.27,1915900
18/12/2020,155,158.43,151,157.77,3637620
21/12/2020,158,165.7,155.1,165.37,1772316
22/12/2020,168,173.59,161.5521,172.29,2277540
23/12/2020,174.89,174.94,165.01,167.95,1323574
24/12/2020,169,173.14,163.84,164.92,746599
28/12/2020,169.36,170.02,154.58,156.44,1814771
29/12/2020,158,158.58,147.235,151.18,1990886
30/12/2020,154.08,157.55,149.3,154.82,1227562
31/12/2020,154.94,156.85,152.22,153.47,714838
04/01/2021,155,155.25,141.21,144.08,3129566
05/01/2021,142,149.23,138.3,148.72,1903760
06/01/2021,141.05,142.76,136.325,137.99,3410688
07/01/2021,138,140.97,135.2,138.57,3225253
08/01/2021,141,150.88,141,146.2,2780511
11/01/2021,143,145.7299,139,141.51,1950260
12/01/2021,143,149.4636,141.75,146.99,1440644
13/01/2021,149,156.69,148.5201,151.13,1641807
14/01/2021,152,157.13,146.2,150.41,2161505
15/01/2021,153.25,158.6,147.69,148.61,1845960
19/01/2021,150.81,151.2,143.79,144.89,1505222
20/01/2021,146.93,149.89,145.66,147.25,909145
21/01/2021,145.84,148.28,142.31,146.96,1461313
22/01/2021,145.39,156.1622,145.27,154.03,2012323
25/01/2021,158.01,167.32,150.45,151.53,3554898
26/01/2021,152.7,155.83,148.1042,149.45,1112966
27/01/2021,146.48,164.4,140.95,155.86,3613094
28/01/2021,154.57,158.55,150.2,154.18,1273312
29/01/2021,152.33,156.92,147.61,149.82,1385666
01/02/2021,153.36,158.41,149.28,152.93,1663889
02/02/2021,154.46,154.46,147.82,148,2123010
03/02/2021,149,151.01,147.01,148.33,1399455
04/02/2021,149.25,153.3298,147.5,149.81,3957300
05/02/2021,132,139.78,128.5,128.64,17012090
08/02/2021,127.65,129.25,123.7,124.89,22095690
09/02/2021,127.5,131.42,126.58,128,11939500
10/02/2021,129.82,130.04,125.5,127.65,5690364
11/02/2021,128.45,129.6,124.5,125.39,6508828
12/02/2021,125.03,126.07,122.32,126.07,4275275
16/02/2021,129,130.2,123.68,125.41,5857635
17/02/2021,124.5,124.82,118.217,121.5,6593739
18/02/2021,120,120.815,114.97,118.37,6016775
19/02/2021,118.57,121.4,118.24,121.4,4919174
22/02/2021,119.58,120,115,115.46,5201549
23/02/2021,107.3,112.87,98.03,110.61,11523930
24/02/2021,111.01,113.34,108.5,110.53,5816794
25/02/2021,109.3,110.521,102.06,104.55,6767333
26/02/2021,103.55,108,101.1,107.63,7896723
01/03/2021,110.01,111.9599,107.39,108.53,3951482
02/03/2021,110,111.5,107.62,108.1,3534374
03/03/2021,107.53,108.25,100.6499,102.8,4662997
04/03/2021,100.19,103.19,93.6,95.59,7662107
05/03/2021,96.06,97.7,86,93.82,8271083
08/03/2021,95,100.2259,92.31,92.75,5240475
09/03/2021,98.57,99.75,96.42,98.05,5728340
10/03/2021,100.2,102.44,97.6,99.89,4251263
11/03/2021,104.66,107.3414,103.5001,106.6,5078615
12/03/2021,104.15,105.89,101.57,105.7,2846781
15/03/2021,107,110.1,105.49,109.67,4033880
16/03/2021,112.88,114.14,106.67,108.89,4363675
17/03/2021,106.22,110.59,104.0655,108.98,5580097
18/03/2021,108.5,108.99,100.71,101.67,5982403
19/03/2021,101.89,102.77,99.21,100.53,6377326
22/03/2021,101.36,102.76,99.5,100.34,5359294
23/03/2021,99.8,100.85,96.75,97.19,5385074
24/03/2021,96.49,97.88,92.17,92.71,4231821
25/03/2021,90,92.06,88.2868,90.88,6043708
26/03/2021,94.07,96.442,91.01,95.53,3285664
29/03/2021,94.7,95.24,91.07,94.42,3621249
30/03/2021,92.61,97.25,90.9,96.9,2990996
31/03/2021,98.58,101.99,97.76,100.31,3168548
01/04/2021,103,103.93,99.71,101.08,4360461
05/04/2021,102.9,103.2499,99.86,100.6,2427350
06/04/2021,100.03,103.1,98.871,102.23,2589385
07/04/2021,101.49,102,97.63,97.89,2648068
08/04/2021,99.24,100.29,98.49,98.94,2151569
09/04/2021,97.86,98.1631,96.38,97.26,2036704
12/04/2021,96.6,98.189,94.26,98,2407918
13/04/2021,98.52,102.1,98.5,101.57,2919532
14/04/2021,102,103.22,99.75,101.12,2065332
15/04/2021,102,102.18,100.54,101.92,2246899
16/04/2021,101,101.58,98.643,100.74,1980364
19/04/2021,99.8,100.54,96.57,97.93,2004479
20/04/2021,97.84,99.1699,95.3,97.4,1994236
21/04/2021,96.65,101.49,94.55,101.47,2040995
22/04/2021,102,105.9,101.35,101.9,4196090
23/04/2021,102,104.0699,101.8,102.51,1459707
26/04/2021,102.56,105.49,100.52,104.62,2387736
27/04/2021,104.6,105.71,102.55,104.01,1834218
28/04/2021,103.15,105.86,102.11,105.38,1899725
29/04/2021,106.39,106.44,101.29,103.23,1746691
30/04/2021,101,104,100.54,101.58,1074926
03/05/2021,101.39,101.44,96.52,96.82,2481179
04/05/2021,95.29,95.29,92.04,94.47,2840657
05/05/2021,95.3,96.18,91.5,92,1207312
06/05/2021,90.78,91.6397,86.47,88.32,5331841
07/05/2021,89.98,93.27,88.93,89.42,3989008
10/05/2021,88,88.995,81.36,81.58,6039258
11/05/2021,77.27,85.02,76,84.54,8350917
12/05/2021,89.9,92.27,81.22,84.24,9789860
13/05/2021,84.66,87.42,78.97,80.91,5347114
14/05/2021,83.63,87.85,82.34,87.48,4213505
17/05/2021,86.25,87.46,84.45,86.57,2540229
18/05/2021,86.69,91.32,85.71,89.59,3032669
19/05/2021,86,88.59,85.01,88.36,2895343
20/05/2021,89.33,92.34,88.8,90.05,2841363
21/05/2021,91.33,94.68,90.6,93.55,4875532
24/05/2021,94.33,96.68,93.1152,96.35,3572771
25/05/2021,97.31,97.45,94.54,95.28,3630016
26/05/2021,95.88,98.5,94.8201,96.24,3731033
27/05/2021,95.83,96.7,93.67,95.8,5716088
28/05/2021,96.51,98.55,94.4,94.46,2276818
01/06/2021,95.18,95.815,92.25,93.72,3047165
02/06/2021,93.71,94.32,92.33,93.51,2982374
03/06/2021,93.29,95.08,92.2089,93.1,2458592
04/06/2021,93.65,95.43,93,95.08,2006329
07/06/2021,94.29,98.42,94.23,98.1,3696356
08/06/2021,98.25,99.79,96.1,98.05,2944322
09/06/2021,99,100,97.705,98.66,2982371
10/06/2021,99.3,100.93,97.655,100.81,2684819
11/06/2021,99.99,101.45,98.7,99.45,4134073
14/06/2021,100.3,103.7375,99.38,102.3,5617169
15/06/2021,101.75,103.24,96.81,98.09,3616529
16/06/2021,98.05,99.93,95.099,96.84,2751864
17/06/2021,96.8,104.47,96.3,103.86,5215830
18/06/2021,103.95,105.95,102.3043,105.02,5552452
21/06/2021,105.12,109.9,104.59,107.89,5574344
22/06/2021,108.01,111.85,107.4253,110.26,5096552
23/06/2021,110,113.33,109.69,112.96,3751387
24/06/2021,113.27,115.5,112.8501,113.76,4668049
25/06/2021,113.95,113.98,109.52,110.15,9565710
28/06/2021,111.99,112.8,109.9,110.49,2348451
29/06/2021,110.99,112.1078,109.11,110.85,2007520
30/06/2021,109.42,111.97,109.11,109.83,1662549
01/07/2021,110.08,111.87,105.04,105.84,2792760
02/07/2021,105.94,107.96,105.49,106.09,1215283
06/07/2021,106.29,108.45,104.11,106.65,1501997
07/07/2021,107.69,108.25,103.15,104.49,1747818
08/07/2021,100,105.25,98.9716,105.18,3073174
09/07/2021,104.97,107.25,102.82,106.53,1296376
12/07/2021,107.12,107.36,103.46,106.19,1152645
13/07/2021,103.74,106.5,103.32,103.54,1547224
14/07/2021,104.39,104.7,99.21,99.62,2892359
15/07/2021,100,101.47,96.22,96.75,4400674
16/07/2021,97.5,98.9,95.6202,96.71,1895849
19/07/2021,94.07,98.8,92.5,98.23,1934753
20/07/2021,98.46,100.65,96.15,100.16,1390847
21/07/2021,100.35,103.36,99.83,103.31,1605542
22/07/2021,104,104.86,102.1601,104.2,1754973
23/07/2021,104.5,105.89,103.03,105.5,1642143
26/07/2021,104.43,105.41,102.97,103.32,1631026
27/07/2021,103,103.47,99.3993,100.78,2487091
28/07/2021,101.49,108.82,101.02,108.75,4349984
29/07/2021,108,111.74,107.41,111.25,3819425
30/07/2021,110.06,110.7459,106.27,107.12,2119749
02/08/2021,106.74,109.19,103.785,107.63,1843845
03/08/2021,107,107.22,103.12,105.2,2222655
04/08/2021,105,109.41,104.97,109.15,2274345
05/08/2021,109,110.9999,107.25,110.26,1678015
06/08/2021,109.2,110.48,106.5,107,2536020
09/08/2021,107.76,112.3,107.5,110.25,2451512
10/08/2021,110.07,112.15,107.03,107.15,2325063
11/08/2021,111.65,121.45,111.56,121.35,11178620
12/08/2021,119.98,127.97,119.05,126.69,9206251
13/08/2021,126.35,129,123.77,128.87,6862220
16/08/2021,126.42,128.58,120.43,122.19,4023682
17/08/2021,119.14,123.56,118.5,120.78,3233250
18/08/2021,120.68,121.74,116.8,117.92,2631389
19/08/2021,115.52,119.25,114.65,116.41,2589747
20/08/2021,116.5,122.98,116.49,122.84,3791504
23/08/2021,122.84,125.75,122.36,125.29,2479521
24/08/2021,125.3,127.15,124.2424,125.11,1773178
25/08/2021,125.31,126.48,123.41,124.62,1871377
26/08/2021,124.49,126.6,118.71,120.06,2638646
27/08/2021,120.94,124.2,120.42,123.51,1425124
30/08/2021,123.01,128.24,122.82,126.34,3440335
31/08/2021,127,129,124.75,126.75,2525098
01/09/2021,125.6,128.2099,125.15,126.5,2158528
02/09/2021,126.974,134.35,126.43,133.14,6157248
03/09/2021,132.75,135.5799,132.3674,133.61,2634724
07/09/2021,133.96,136.96,132.68,136.26,3625042
08/09/2021,135.2,135.8999,131.13,133.62,2584231
09/09/2021,131.83,135.686,131.69,134.14,2115194
10/09/2021,135.3,139.22,134,135.1,3669906
13/09/2021,133.11,134.13,128.15,131.17,3074163
14/09/2021,130.89,135,130.61,131.73,2283441
15/09/2021,131.23,132.42,128.82,132.03,3564225
16/09/2021,131.78,136.5,131.78,134.44,2468680
17/09/2021,135.31,138.48,133.5926,136.69,12892770
20/09/2021,131.28,133.3,124.33,127.56,4683421
21/09/2021,127.93,132.22,127.8,131,2289840
22/09/2021,131,134.59,130.39,133.51,1994902
23/09/2021,137.92,144.59,137.5,140.94,7114478
24/09/2021,138.59,142.77,138.555,142.52,2575154
27/09/2021,141,142.2,136.31,137.83,2633519
28/09/2021,134.2,135.5,126.9,127.18,4403337
29/09/2021,129.74,130.54,125.3,125.83,2998360
30/09/2021,126,127.79,125.17,126.25,2106081
01/10/2021,125.65,127.75,123.5,126.22,1984256
04/10/2021,125.09,125.13,118.306,119.85,2490779
05/10/2021,120.81,128.18,120.1567,128.05,3541624
06/10/2021,126.61,130.78,125.52,130.38,2545376
07/10/2021,132.2,137.2,132.2,136.07,2529590
08/10/2021,137,138.49,134.43,136.22,1833643
11/10/2021,134.55,138.55,133.28,135.7,1296256
12/10/2021,135.95,139.7,135.51,139.24,1689865
13/10/2021,139.5,141.5,137.57,137.76,1787918
14/10/2021,139.57,142.19,138.64,141.35,1857373
15/10/2021,141.46,143.174,140.19,141,1954860
18/10/2021,140.5,146.89,140.0856,146,3113513
19/10/2021,146.5,149.83,145.45,147.71,2630399
20/10/2021,147.79,148.33,140.5,142.33,2217298
21/10/2021,142.08,148.82,141.97,147.1,1755150
22/10/2021,146.53,147.74,143.58,143.85,2094188
25/10/2021,145,147.82,143.05,145.99,1396932
26/10/2021,149.74,151.9867,145.17,147.62,2520539
27/10/2021,147,150.4944,142.82,144.08,1584840
28/10/2021,145.5,149.38,144.66,148.07,1254187
29/10/2021,147.95,151.99,147.9,151.31,2411616
01/11/2021,152.3,155.03,147.22,148.7,2280882
02/11/2021,149.59,149.72,143.34,143.88,2229692
03/11/2021,144,148.01,142.52,147.6,1592435
04/11/2021,150,154.3,149.19,151.66,2169995
05/11/2021,152.25,154.1399,149.87,151.96,1580532
08/11/2021,155,163.46,154.17,163.1,6026705
09/11/2021,169.48,177.4459,163.084,171.63,9669601
10/11/2021,160.1,189.15,155.1,176.45,14515760
11/11/2021,179.95,189.59,179.4,182.13,7012667
12/11/2021,183,196.83,180.2,196.65,6213053
15/11/2021,198,207,197.14,197.55,7295459
16/11/2021,187.86,198.49,187.02,196.01,8553182
17/11/2021,195.38,198.71,190.06,191.8,5393123
18/11/2021,194.73,210,192.995,201.12,8788983
19/11/2021,198.69,199.5699,188.25,189.75,6567881
22/11/2021,193.66,195.35,174.39,177.2,8370503
23/11/2021,174.39,185.2,171.52,176.07,5813984
24/11/2021,174.96,183.13,173.011,181.81,6009294
26/11/2021,180,181.12,175.21,179.89,3218172
29/11/2021,185.472,186.6,165.07,170.33,8491163
30/11/2021,169.25,174.2199,165.96,172.39,6051910
01/12/2021,173.81,176.77,151.0075,151.68,9191680
02/12/2021,153.71,158.77,147.0001,152.34,6227735
03/12/2021,152.61,154.5737,138.67,146.88,7406767
06/12/2021,142.25,148.9,136,147.57,4611678
07/12/2021,154.04,156.4,147.327,153.5,5242992
08/12/2021,153.008,157.48,146.12,153.94,4894760
09/12/2021,152.83,153,136.86,140,7244028
10/12/2021,142.01,146.69,138.26,139.47,3691212
13/12/2021,138.68,140.4,130.88,139.75,6532548
14/12/2021,139.33,142.58,135.6,140,4542062
15/12/2021,136.69,141,133.05,140.74,5035406
16/12/2021,143.6,145.8626,131.565,133.74,5255214
17/12/2021,130.21,138.71,127.21,138.41,6060566
20/12/2021,133.79,139.3,131.59,137.29,2979035
21/12/2021,139.03,146.1,137.89,145.84,3515302
22/12/2021,146.12,148.68,142.951,144.89,2329286
23/12/2021,143.79,146.98,140.3,145.57,1846600
27/12/2021,146.55,149.38,144.51,148.01,2566595
28/12/2021,148.45,150.64,141.72,143.52,2088011
29/12/2021,143.52,145.21,139.5,144.55,1635956
30/12/2021,144.74,148.79,144.56,145.92,1883134
31/12/2021,146.15,147.34,142.77,142.99,1490130
03/01/2022,143.96,144.69,135.58,138.65,2888263
04/01/2022,138.9,139,125.15,129.73,5780363
05/01/2022,128,132.68,119.71,121.01,5179893
06/01/2022,118.9,124,114.12,119.75,5346036
07/01/2022,120.11,126.39,118.3,120.38,3150563
10/01/2022,120.18,126.55,115.34,126,4735017
11/01/2022,125.5,132,123.8143,129.71,3281207
12/01/2022,133.12,136.6,127.4,129.15,3842525
13/01/2022,127.31,128.33,116.54,116.58,4969090
14/01/2022,116.28,119.9799,114.66,117.92,4719822
18/01/2022,115.45,120.4,112.05,112.64,5647687
19/01/2022,111.03,116.91,110.0287,113.07,4158924
20/01/2022,114.34,119.74,113.1152,113.56,3735143
21/01/2022,111.98,114.98,106.46,106.79,5467633
24/01/2022,100.78,111.78,96.1,110.92,7909158
25/01/2022,108.31,108.93,102.07,104.07,4738115
26/01/2022,107.31,109.62,98.2,99.5,5991474
27/01/2022,102,102.32,94.1,94.7,5504455
28/01/2022,92.99,97.22,90.11,94.92,6202221
31/01/2022,96.2,105.71,95.34,105.15,5114945
01/02/2022,107.97,108.91,101.81,107.8,4116601
02/02/2022,109.52,110.4116,99.3701,102.01,4491704
03/02/2022,96.99,98.7999,91.98,92.54,7357669
04/02/2022,101,111.02,93.886,108.66,14704610
07/02/2022,109.05,113.97,104.89,105.71,6141601
08/02/2022,104.13,108.7567,102.9,107.6,2836200
09/02/2022,109.5,115.81,109.12,115.51,4415507
10/02/2022,113.27,119.65,111.15,112.75,5087638
11/02/2022,112.8,117.72,109.02,111.35,4489184
14/02/2022,109.94,112.01,105.71,107.59,3902440
15/02/2022,110.8,114.15,109.34,113.58,3074708
16/02/2022,111.95,112,107.6,110.28,2814733
17/02/2022,109.25,110.1499,101.45,102.27,3420666
18/02/2022,103.16,105.14,98.65,99.09,3985837
22/02/2022,97.5,101.94,95.33,96.15,3336084
23/02/2022,96.52,98.9999,94.12,94.17,3577095
24/02/2022,89.79,103.56,89.27,103.18,5873801
25/02/2022,102.44,104.39,98.72,104.04,3069925
28/02/2022,105,107.62,102.46,106.45,4102017
01/03/2022,106.76,108.53,103.01,103.98,2017016
02/03/2022,104.58,105,98.11,101.37,2888528
03/03/2022,100.9,101.185,94.15,94.92,3408753
04/03/2022,97.16,97.235,88.0605,89.01,4272832
07/03/2022,89.99,92.75,81.7,81.8,4400686
08/03/2022,80.89,83.6,77.1153,81.08,5557567
09/03/2022,84.35,89.28,83.95,87.87,3666012
10/03/2022,85.76,86,81.2,83.12,3402702
11/03/2022,85.35,85.46,78.72,78.86,3207477
14/03/2022,78.33,79.2,73.12,74.35,5088894
15/03/2022,74.52,78.6899,73.668,77.28,3729032
16/03/2022,80.6,88.27,80.3201,87.73,6148159
17/03/2022,85.99,93.13,85.65,92.75,4501125
18/03/2022,92,97.857,91.85,97.15,5513193
21/03/2022,95.5,98.08,92.26,94.14,3879278
22/03/2022,94.74,99.25,92.61,97.4,3810067
23/03/2022,95.48,101.47,94.21,98.23,3224875
24/03/2022,99.93,100.98,95.34,99.77,2406667
25/03/2022,100.1,100.7268,91.68,93.98,3134254
28/03/2022,95.24,98.15,93.06,98.11,2321355
29/03/2022,100.08,104.79,99.0101,103.92,3579164
30/03/2022,102.1,105.88,100.01,101.21,2583127
31/03/2022,101.7,103.64,99.05,99.21,2177195
01/04/2022,98.63,102.07,94.24,98.92,2961857
04/04/2022,100.35,109.2138,100.18,108.64,3742154
05/04/2022,108,109.99,100.84,100.98,3583988
06/04/2022,98.54,99.25,91.8805,93.89,3560073
07/04/2022,94.73,98.59,89.73,93.86,3519799
08/04/2022,92.67,93.6199,90.11,90.69,2070330
11/04/2022,88.88,92.06,86.36,90.53,2925274
12/04/2022,92.37,96.59,89.83,90.08,2455292
13/04/2022,90,95.46,89.36,94.03,2024458
14/04/2022,94.13,94.34,88.65,89.13,2576622
18/04/2022,88.7,89.3424,85.07,87.2,2008437
19/04/2022,87.2,92.8699,86.53,91.64,2041560
20/04/2022,90.66,91.49,83.4042,83.77,3928136
21/04/2022,84.81,87.76,78.41,78.7,3573918
22/04/2022,79.03,80.624,75.3,75.7,3644775
25/04/2022,75.19,79.89,74.88,79.42,3553443
26/04/2022,78.15,79.05,73,74.26,3448772
27/04/2022,74.84,75.69,68.54,68.65,6097131
28/04/2022,70.73,71.41,65.6,69.93,6366022
29/04/2022,70.13,72.1,66.17,66.41,3956643
02/05/2022,66,69.06,64.1401,68.65,4113393
03/05/2022,68.21,70.7,66.88,67.87,2598316
04/05/2022,67.44,69.74,62.56,69.41,5641637
05/05/2022,67.52,67.52,60.46,62.02,5452009
06/05/2022,61.22,62.14,55.75,57.34,6230184
09/05/2022,56.42,57.1297,49.79,50.38,7407311
10/05/2022,51,53.65,44.55,48.13,19655970
11/05/2022,32.33,34.75,29.3,30.3,50845750
12/05/2022,30.32,37.545,29.09,35.09,28077030
13/05/2022,36.77,40.49,36.65,39.1,15784440
16/05/2022,38.61,39.9999,35.93,36.14,9918854
17/05/2022,36.63,38.62,34.94,38.37,9280760
18/05/2022,37.59,40.75,37.04,37.45,12143720
19/05/2022,37.89,42.68,37.21,41.65,11075650
20/05/2022,42.17,43.35,38.41,41.32,8303674
23/05/2022,40.43,41.89,39.4,41.03,5800687
24/05/2022,39.2,39.24,34.56,35.22,12399330
25/05/2022,35.53,37.86,34.94,37.39,6751951
26/05/2022,36.01,38.86,36.01,38.32,6650482
27/05/2022,39.01,41.68,39,41.32,6319902
31/05/2022,42,42.69,39.01,39.97,12739330
01/06/2022,40.05,41.93,37.73,38.47,5847135
02/06/2022,38.9,44.39,38.45,44.15,8540420
03/06/2022,42.72,44.1,41.46,41.76,6643396
06/06/2022,42.82,43.58,40.51,42.82,8492943
07/06/2022,41.63,44.355,41.22,44.32,4858805
08/06/2022,44.5,47.12,44.43,45.8,5486963
09/06/2022,44.99,45.17,41.26,41.3,8465720
10/06/2022,40.38,40.4,36.3,36.9,11246930
13/06/2022,34.66,35.65,33.3,34.35,8231156
14/06/2022,34.35,35.3,33.2,33.76,6423110
15/06/2022,34.47,37.25,34.05,36.17,8165352
16/06/2022,34.03,34.605,31.8,32.85,7588339
17/06/2022,32.87,36.03,32.82,35.48,8409852
21/06/2022,36.56,39.11,36.43,37.45,5901077
22/06/2022,36.72,40.24,36.36,39.17,6700388
23/06/2022,39.48,44.67,39.2,44.47,10624310
24/06/2022,44.59,47.14,44.18,46.81,13246910
27/06/2022,46.76,47.3,42.96,44.36,7783928
28/06/2022,43.8,45.29,40.285,40.66,7178019
29/06/2022,40.66,41.305,39.13,39.52,5227332
30/06/2022,38.5,38.51,36.01,36.82,9152612
01/07/2022,37.14,39.49,36.86,37.54,6230736
05/07/2022,36.79,42.36,35.74,42.33,9583798
06/07/2022,41.8,43.3,40.61,41.29,5530447
07/07/2022,41.5,44.62,40.75,44.51,6277922
08/07/2022,42.64,46.39,42.07,45.23,7229036
11/07/2022,44.46,45.08,41.13,41.34,6105066
12/07/2022,41.63,42.64,38.54,39.76,7366255
13/07/2022,34.04,34.97,32.51,32.82,53179900
14/07/2022,33.16,33.42,31.73,32.51,22091640
15/07/2022,33.1,34.15,32.07,33.71,12986550
18/07/2022,34.95,36.6,34.5,35.28,16326160
19/07/2022,36,36.15,33.63,35.65,13286990
20/07/2022,35.69,41.5,35.65,40.52,19243630
21/07/2022,39.01,41.38,39.01,40.39,9056900
22/07/2022,39.76,39.79,36,36.47,11440030
25/07/2022,36.33,36.9699,35.085,35.54,6357356
26/07/2022,34.8,34.99,33.02,33.52,9748230
27/07/2022,34.7,37.48,34.02,37.22,8581280
28/07/2022,36.39,38.39,35.25,37.57,7159816
29/07/2022,37,37.39,35.91,37.39,6248584
01/08/2022,37.08,39.32,35.86,38.94,8424452
02/08/2022,38,41.67,37.97,40.96,10321870
03/08/2022,41.65,45.37,41.59,45.06,10010490
04/08/2022,43.47,46.05,42.89,45.34,8529212
05/08/2022,43.5,50.05,43.27,48.06,14049620
08/08/2022,47.72,52.69,47.72,49.76,11163190
09/08/2022,53.2,53.27,48.887,50.35,28136190
10/08/2022,52.94,55.8,51.4,55.57,14932180
11/08/2022,55.5,58.4,52.8,54.25,10704740
12/08/2022,55.26,58.625,53.75,58.47,10225490
15/08/2022,55.55,57.03,53.43,54.3,11498590
16/08/2022,54.43,54.92,51.5,53.64,6776247
17/08/2022,52.33,53.48,51.52,52.1,6243377
18/08/2022,52.51,52.51,50.61,51.14,4087555
19/08/2022,50,50,47.02,47.67,5929983
22/08/2022,46.06,46.85,44.14,45.2,7411471
23/08/2022,45.79,47.09,44.8,44.92,4428245
24/08/2022,45.11,46.86,44.7801,45.76,3748798
25/08/2022,46.8,48.975,45.42,48.89,6899251
26/08/2022,49.25,49.87,43.6601,44.58,7567210
29/08/2022,43.95,46.45,43.655,44.43,4553958
30/08/2022,45.63,46.38,42.15,42.57,5835684
31/08/2022,43.6,44.44,42.35,42.72,4720975
01/09/2022,41.65,42,38.91,41.27,6473620
02/09/2022,41.97,42.75,40.3257,40.79,5382921
06/09/2022,40.78,40.86,37.79,38.67,6112663
07/09/2022,38.63,39.7291,37.73,39.11,7683149
08/09/2022,38.44,39.785,37.66,38.75,13908060
09/09/2022,39.7,41.43,39.58,41.3,16513320
12/09/2022,41.7,42.5288,39.94,42.31,12961850
13/09/2022,38.715,39.146,36.33,36.66,16524140
14/09/2022,36.75,37.965,35.885,37.81,8719757
15/09/2022,36.59,38.85,36.18,38.04,8341958
16/09/2022,36.84,37.75,35.44,35.54,10441140
19/09/2022,35.25,37.01,35.07,36.86,6975572
20/09/2022,36.32,36.43,35.1203,35.2,6699603
21/09/2022,35.52,36.92,34.42,34.9,7303753
22/09/2022,34.57,35.0714,33.1901,33.32,6232509
23/09/2022,32.89,33.89,32.42,33.25,6661625
26/09/2022,33,34.49,32.58,32.61,5631393
27/09/2022,33.79,34.5,32.51,32.79,5742652
28/09/2022,32.82,34.71,32.61,34.43,5225006
29/09/2022,33.4,33.615,31.41,31.77,7913062
30/09/2022,31.43,33.37,31.25,31.86,4876097
03/10/2022,32.24,34.36,31.41,33.94,7203354
04/10/2022,35.69,36.62,35.19,36.32,7002967
05/10/2022,35.2,36.075,34.25,35.81,5955456
06/10/2022,36,37.08,34.54,35.85,5029627
07/10/2022,34.94,34.945,32.58,32.77,6339764
10/10/2022,32.61,33.3,31.22,31.63,6266022
11/10/2022,31.55,32.23,29.93,31.11,8282647
12/10/2022,31.25,31.46,29.9,30.77,6441877
13/10/2022,29.26,31.24,28.3378,30.53,9308672
14/10/2022,31.2,31.69,28.915,28.98,6696631
17/10/2022,30.53,31.8001,30.37,30.88,8696803
18/10/2022,32.25,32.86,30.6144,31.37,6057582
19/10/2022,30.57,31.4783,29.2401,29.48,6700441
20/10/2022,29.36,31.5699,29.27,30.51,6059172
21/10/2022,29.65,29.68,27.6025,29.14,12215850
24/10/2022,28.81,28.8899,26.92,28.63,7265956
25/10/2022,29.5,29.9199,28.81,29.67,16790970
26/10/2022,28.7,31.1765,28.2,28.48,12350460
27/10/2022,28.98,29.45,27.64,27.88,8781271
28/10/2022,28.72,29.25,27.33,29.23,7759612
31/10/2022,28.79,29.61,28.55,29.5,6392887
01/11/2022,30.93,31.46,28.87,28.93,6278565
02/11/2022,28.85,29.18,26.59,26.59,9634295
03/11/2022,26.52,27.73,26.2238,26.31,8433227
04/11/2022,27.06,27.25,25.03,25.26,19375350
07/11/2022,25.76,25.76,24.0577,24.78,9121180
08/11/2022,24.44,24.92,23.06,23.76,13498140
09/11/2022,23.19,23.29,21.22,21.5,19318090
10/11/2022,24.5,28.47,24.5,27.82,28405770
11/11/2022,27.14,32.81,26.98,32.52,29212880
14/11/2022,32.24,33.72,31.63,32.69,19150040
15/11/2022,34.73,36.8,34.4,36.04,23569270
16/11/2022,34.89,35.8,32.82,33.28,21010510
17/11/2022,31.65,34.8381,31.51,33.8,17962560
18/11/2022,34.5,34.81,33.23,34.68,14910550
21/11/2022,33.295,33.98,31.82,32.09,16356450
22/11/2022,31.67,33.47,31.44,33.35,12088540
23/11/2022,33.65,36.45,33.52,36.17,16886070
25/11/2022,35.34,36.37,35.17,35.69,6195224
28/11/2022,34.43,36.342,34.1013,35.51,14145070
29/11/2022,35.97,38.06,35.5801,36.02,18916270
30/11/2022,36.05,39.53,36,39.51,19864000
01/12/2022,38.9,40.93,38.6551,40.64,14132520
02/12/2022,39.47,42.24,38.94,40.94,13561390
05/12/2022,40.84,42.19,38,38.08,11922340
06/12/2022,38.08,38.1,33.65,34.32,17017680
07/12/2022,34.02,35.2199,32.8,33.77,11068420
08/12/2022,33.77,36.02,32.87,35.32,12030030
09/12/2022,35.26,35.83,33.775,33.93,8699035
12/12/2022,33.75,34.39,33.2706,33.78,8231615
13/12/2022,37.92,38.2,32.82,33.63,14874970
14/12/2022,33.5,34.37,32.16,32.53,13721750
15/12/2022,31.31,31.83,29.18,29.49,12475610
16/12/2022,29.21,29.5,28.45,28.99,11837650
19/12/2022,28.87,29.16,27.44,27.92,9774834
20/12/2022,27.53,28.48,27.3,27.73,10721550
21/12/2022,27.85,28.98,27.29,28.65,8462075
22/12/2022,28,28.2794,26.02,27.41,10156550
23/12/2022,27.23,27.745,26.53,27.63,6692780
27/12/2022,27.29,27.55,26.23,26.47,7332574
28/12/2022,26.34,26.8,25.83,26.52,6569203
29/12/2022,26.94,28.575,26.23,28.48,6900463
30/12/2022,27.81,28.67,27.6,28.59,5396561
03/01/2023,29.7,30,26.5,26.92,8864553
04/01/2023,27.73,29,27.11,28.33,8643886
05/01/2023,27.73,27.765,25.985,26.08,9451918
06/01/2023,25.94,27.425,24.69,27.25,10588390
09/01/2023,27.99,30.33,27.81,29.23,12416370
10/01/2023,28.96,31.17,28.88,31.14,8656591
11/01/2023,32,32.89,31.2501,32.56,7829615
12/01/2023,31.81,31.87,29.48,31.36,11977990
13/01/2023,30.375,32.45,30.33,31.57,7315968
17/01/2023,32.11,32.42,30.77,32.38,8723125
18/01/2023,33.2,33.95,30.3,30.68,12801140
19/01/2023,29.87,30.3,28.515,28.9,9967977
20/01/2023,29.15,31.68,29.0214,31.31,9192606
23/01/2023,31.59,35.395,31.17,35.14,15081440
24/01/2023,34.42,35.7,34.03,34.96,8713315
25/01/2023,33.43,34.935,31.67,34.73,11880440
26/01/2023,35.8,36.7434,32.5555,34.17,13969110
27/01/2023,34.15,36.985,33.56,36.29,14375820
30/01/2023,35.49,35.89,33.38,33.43,9654234
31/01/2023,33.57,35.92,33.44,35.52,10444140
01/02/2023,34.98,36.89,34.08,36.54,13639380
02/02/2023,39.78,41.8284,39.02,40.38,20368340
03/02/2023,37.19,40.32,36.8,37.4,13830330
06/02/2023,36.73,38.43,36.41,36.93,10650750
07/02/2023,36.73,37.325,34.82,36.72,12637830
08/02/2023,36.93,39.78,36.24,36.33,13450770
09/02/2023,39.11,42.18,39.1,39.95,22929670
10/02/2023,38.84,39.24,35.41,35.73,13570780
13/02/2023,36.06,38.122,34.6701,37.46,10174430
14/02/2023,36.6,39.92,35.7,39.72,11713320
15/02/2023,40.61,42.99,39.65,42.67,15199480
16/02/2023,40.78,42.45,40.35,40.72,9669814
17/02/2023,40.5,40.5276,38.81,39.67,7730362
21/02/2023,38.94,39.48,35.96,36.48,11029130
22/02/2023,36.68,38.03,36.45,37.85,12819790
23/02/2023,34.99,35.27,30.75,31.83,31527690
24/02/2023,31.02,31.05,29.01,29.61,18599540
27/02/2023,29.94,30.6,29.11,29.64,11180910
28/02/2023,29.69,31.13,29.33,30.44,9396051
01/03/2023,30.9,30.9,29.63,29.71,8012913
02/03/2023,28.89,29.86,28.72,29.42,8512194
03/03/2023,29.46,31.36,29.45,30.87,10217330
06/03/2023,30.91,31.5292,30.15,30.25,8109588
07/03/2023,29.99,30.45,29.06,29.33,8712297
08/03/2023,29.31,29.87,28.8,29.49,6824290
09/03/2023,29.2,30.07,27.75,27.88,8019368
10/03/2023,27.69,28.14,26.362,27.26,11501300
13/03/2023,27.26,28.72,25.859,27.86,10554660
14/03/2023,28.68,29.08,27.23,27.45,9712496
15/03/2023,27.09,28.485,26.79,28.35,9541410
16/03/2023,28.63,29.405,27.97,28.74,7923809
17/03/2023,29.73,29.73,27.9781,28.32,9488782
20/03/2023,28.15,28.63,27.58,28.24,7046591
21/03/2023,28.83,30.22,28.79,29.8,8809396
22/03/2023,29.94,30.195,28.28,28.36,8183186
23/03/2023,28.93,30.905,28.82,29.17,10271810
24/03/2023,29.22,29.8165,28.54,28.72,7466114
27/03/2023,29,29.14,27.57,28.07,7317169
28/03/2023,27.83,28.16,27.36,27.74,6032991
29/03/2023,28.27,29.33,27.855,29.23,5509825
30/03/2023,29.75,29.97,28.9401,29.34,5729178
31/03/2023,29.69,32.54,29.23,32.44,14228860
03/04/2023,32.1,32.57,31.552,32.17,7496110
04/04/2023,32.61,32.9,31.68,32.42,6550063
05/04/2023,32,32.02,29.34,30.43,9821947
06/04/2023,30.11,31.43,29.78,31.13,6079367
10/04/2023,30.4,30.83,29.915,30.67,6564363
11/04/2023,30.75,31.2099,30.36,30.8,5628879
12/04/2023,31.75,31.7677,28.89,28.91,8224225
13/04/2023,29.14,30.1905,29.12,29.47,6169585
14/04/2023,29.4,30.07,28.84,29.44,5845520
17/04/2023,29.23,30.04,28.88,29.99,5015659
18/04/2023,30.56,30.58,29.2312,29.41,4825984
19/04/2023,28.93,29.72,28.8387,29.52,4021344
20/04/2023,28.94,29.46,28.62,28.67,4165571
21/04/2023,28.66,28.865,28.25,28.65,3392616
24/04/2023,28.57,28.8,27.75,28.34,3669917
25/04/2023,28.03,28.03,26.98,26.98,5195717
26/04/2023,27.28,27.38,26.16,26.26,6278547
27/04/2023,26.84,27.32,26.5,27.17,5772098
28/04/2023,26.98,27.4371,26.3,26.97,4859412
01/05/2023,26.84,27.12,26.5,26.8,4154543
02/05/2023,26.5,26.7,25.19,25.31,6748447
03/05/2023,25.43,25.99,24.685,24.99,6798165
04/05/2023,24.88,25.42,24.66,24.82,4267013
05/05/2023,25.22,26.63,25.15,26.46,5635527
08/05/2023,26.9,28.65,26.78,28.35,7621966
09/05/2023,27.92,28.521,27.7,28.28,5617052
10/05/2023,28.99,29.085,28.21,28.74,13394530
11/05/2023,30.27,32.78,30,32.46,26315300
12/05/2023,32.34,32.34,29.2101,29.65,14242110
15/05/2023,29.33,30.17,29.08,30,7159409
16/05/2023,29.62,29.62,27.5736,28.15,8980161
17/05/2023,28.29,30.135,28.27,30.08,8746365
18/05/2023,30.08,30.44,29.7,30.25,7530971
19/05/2023,29.95,30.045,28.865,29.1,5704418
22/05/2023,29.32,30.35,29.12,30.16,7030491
23/05/2023,29.59,29.76,28.0601,28.31,8529294
24/05/2023,27.81,28.4199,27.6561,28.34,5546312
25/05/2023,28.86,28.86,26.665,27.07,8212365
26/05/2023,27.07,28.385,26.99,27.65,8287397
30/05/2023,28.26,29.49,27.96,28.72,8645315
31/05/2023,28.44,29.825,28.26,29.72,9232437
01/06/2023,29.21,30.28,29.01,30.12,6337594
02/06/2023,30.82,31.56,29.9801,31,11253520
05/06/2023,31.11,39.45,30.94,36.32,49792220
06/06/2023,37.57,37.68,34.52,35.84,43561840
07/06/2023,36.99,38.205,34.66,34.72,23929450
08/06/2023,34.79,36.29,34.36,36.28,13937000
09/06/2023,37.35,38.105,35.82,36.3,17561290
12/06/2023,36.27,37.4,35.56,35.99,14032850
13/06/2023,36.66,39.36,36.49,38.58,28133410
14/06/2023,38.76,42.345,38.25,41.04,36951070
15/06/2023,40.675,42.13,40.3202,41.67,18364180
16/06/2023,42.62,45.07,41.89,42.56,32851830
20/06/2023,42,43.79,39.35,40.01,23543700
21/06/2023,39.88,40.3,37.53,38.36,17480880
22/06/2023,37.64,38.6999,37.45,37.85,11382650
23/06/2023,37.01,37.7815,36.4483,37.47,12682400
26/06/2023,37.13,37.725,36.2,36.73,9555426
27/06/2023,38.99,42.6,38.8,42.38,33732710
28/06/2023,42.7,44.48,41.89,44.12,22007280
29/06/2023,44.55,44.55,42.86,43.68,13520370
30/06/2023,44.78,45.08,43.26,43.42,11397070
03/07/2023,43.5,44.22,43.13,43.46,6843407
05/07/2023,43.3,43.93,41.44,41.58,11541420
06/07/2023,40.5,40.79,39.665,40.55,10521210
07/07/2023,40.68,41.42,40.35,40.46,9015028
10/07/2023,40,40.2,38.64,39.96,10984810
11/07/2023,40.39,44.04,40.2,43.82,17000430
12/07/2023,44.7,44.78,42.3,43.69,13924700
13/07/2023,44.4,47.86,44.25,46.84,18990790
14/07/2023,47.11,48.0999,44.025,44.34,16451970
17/07/2023,44.86,46.495,43.74,46.08,10218340
18/07/2023,45.87,47.68,44.96,47.13,11677050
19/07/2023,48.23,50.08,47.2,48.5,15129850
20/07/2023,47.04,47.6,44.175,44.44,12804800
21/07/2023,45.265,45.8,44.38,44.49,10087510
24/07/2023,44.96,45.16,42.87,43.55,10448060
25/07/2023,44.03,44.74,43.1,43.2,7209572
26/07/2023,42.95,44.0799,42.42,43.33,7340531
27/07/2023,45.33,47.16,42.72,43.21,16370560
28/07/2023,44.32,45.575,43.9,45.39,9074621
31/07/2023,46.48,47.15,45,45.84,8712236
01/08/2023,45.23,45.725,44.2,45.3,7850393
02/08/2023,43.65,44.03,41.08,41.45,18842260
03/08/2023,42.62,42.95,40.255,41.12,15400840
04/08/2023,41.715,42.08,39.9,40.17,10471810
07/08/2023,40.02,40.25,38.79,39.95,9012683
08/08/2023,38.71,39.01,37.62,38.89,11083370
09/08/2023,38.53,38.72,37.26,37.56,9586815
10/08/2023,37.81,38.525,36.71,37.09,7749879
11/08/2023,36.38,37,36.01,36.63,7656937
14/08/2023,35.88,36.56,35.22,36.54,7269862
15/08/2023,36.2,36.32,35.06,35.32,7983670
16/08/2023,34.905,35.6101,34.64,34.7,7585517
17/08/2023,34.8,34.84,33.62,33.84,8545313
18/08/2023,32.96,34.71,32.9,34.41,10389360
21/08/2023,34.53,34.9,33.98,34.51,7240398
22/08/2023,35,35.09,33.67,34.05,7882038
23/08/2023,34.11,34.99,33.97,34.63,5442301
24/08/2023,35.15,35.24,33.495,33.85,8139023
25/08/2023,33.9,34.88,33.86,34.72,5681656
28/08/2023,35.45,35.6282,34.105,34.69,6723661
29/08/2023,34.68,37.1,34.59,36.97,9483430
30/08/2023,36.92,37.945,36.46,37.47,7375053
31/08/2023,37.17,37.6,36.62,37.07,5881927
01/09/2023,37.5,38.15,37.025,37.09,5552305
05/09/2023,36.74,38.795,36.44,38.58,9170201
06/09/2023,38.4,40.05,38.29,39.29,10384570
07/09/2023,37.95,38.13,36.8,38.01,8776907
08/09/2023,38.3,39.04,37.41,37.68,6200592
11/09/2023,38.25,38.69,37.5,38.02,5922575
12/09/2023,37.44,39.745,37.39,38.97,13426710
13/09/2023,38.18,38.72,35.83,36.82,18526870
14/09/2023,35.515,37.47,35.26,35.71,14786460
15/09/2023,36.3,37.24,35.32,36.32,19331060
18/09/2023,35.06,35.3,32.455,33.45,31956810
19/09/2023,33.37,34.48,33.12,33.96,11216400
20/09/2023,33.95,34.2773,33.24,33.32,7451801
21/09/2023,32.33,32.6883,31.59,31.73,12338160
22/09/2023,32.02,32.62,31.56,31.61,10205090
25/09/2023,31.17,31.64,30.81,31.36,7907917
26/09/2023,30.93,31.5,30.33,30.45,9143702
27/09/2023,30.9,31,30.26,30.56,7386020
28/09/2023,30.23,31.1,29.91,30.71,8284620
29/09/2023,31.19,31.89,31.19,31.39,8208234
02/10/2023,31.5,31.53,30.41,30.54,7453172
03/10/2023,30.03,30.26,29.095,29.32,8491422
04/10/2023,29.63,29.66,28.7731,29.44,7753663
05/10/2023,29.27,29.37,28.43,28.74,8116409
06/10/2023,28.36,30.3712,28.22,30.15,9564101
09/10/2023,29.2,29.795,28.95,29.7,7368826
10/10/2023,31.04,31.66,29.73,30.02,22716610
11/10/2023,30.09,31.02,29.75,30.27,11416730
12/10/2023,30.24,30.419,28.9,29.05,10376960
13/10/2023,28.75,29,27.97,28.03,8612195
16/10/2023,28,28.5485,27.07,28.38,13171040
17/10/2023,27.99,29.34,27.94,28.97,9133515
18/10/2023,28.8,28.935,27.38,27.5,10241700
19/10/2023,27.86,28.1,27.33,27.49,8675641
20/10/2023,27.3,27.6715,26.915,27.17,7307439
23/10/2023,26,26.8971,25.61,26.36,10460300
24/10/2023,26.76,27.8,26.75,27.45,7998150
25/10/2023,26.99,27.2,25.67,25.69,8226372
26/10/2023,25.62,26.085,25.2789,25.9,9604618
27/10/2023,26.34,26.45,25.49,25.54,6117273
30/10/2023,25.86,25.89,24.7,25.08,7694311
31/10/2023,25.24,25.67,24.8399,25.37,4720303
01/11/2023,25.29,25.45,24.33,25.08,6840529
02/11/2023,26.23,26.94,26.02,26.05,9559289
03/11/2023,26.58,28.1397,26.58,27.64,11546260
06/11/2023,28.37,28.49,25.555,25.81,13082990
07/11/2023,26.07,27.38,25.95,26.8,10855010
08/11/2023,26.99,27.53,25.935,26.06,13380000
09/11/2023,27,27.18,25.17,25.24,25064370
10/11/2023,22.4,27.15,22.2,27.01,51851960
13/11/2023,26.42,28.48,26.39,28.16,25685620
14/11/2023,29.3,29.4899,27.98,29.18,18765880
15/11/2023,29.3,30.38,28.91,30.19,14296710
16/11/2023,29.86,30.15,28.63,28.9,10741590
17/11/2023,29.02,29.42,28.45,29.2,7581760
20/11/2023,29.32,30.13,28.97,29.44,7796714
21/11/2023,29.05,29.32,28.11,28.42,8286402
22/11/2023,28.88,28.99,27.94,28.59,7568219
24/11/2023,28.5,29.13,28.48,28.85,3657537
27/11/2023,28.6,29.43,27.755,28.13,14663590
28/11/2023,28.01,29.42,27.87,29.37,7626817
29/11/2023,30.25,31.64,29.91,30.36,17647570
30/11/2023,30.68,30.77,29.32,29.51,9310305
01/12/2023,29.35,32.7,29.255,32.52,17963340
04/12/2023,32,33.02,31.85,32.63,11660210
05/12/2023,32.27,32.63,30.815,31.26,11022180
06/12/2023,31.93,32.585,31.455,31.5,9701654
07/12/2023,31.45,32.04,31.15,31.9,7449955
08/12/2023,31.73,33.7291,31.6106,32.7,13413570
11/12/2023,32.23,32.68,31.6,32.4,6592947
12/12/2023,32.48,33.37,31.99,33.19,9444360
13/12/2023,33.35,35.5,33.19,35.39,15412590
14/12/2023,36.4,38.38,36.36,38.28,21308080
15/12/2023,38.53,39.6499,37.97,39.36,18593610
18/12/2023,38.82,39.7899,38.49,39.31,11054870
19/12/2023,39.83,41.37,39.6,40.94,13722140
20/12/2023,40.82,41.385,38.61,38.67,11997850
21/12/2023,39.5,40.064,38.541,39.71,10245050
22/12/2023,38.5,39.58,37.43,39.21,11590740
26/12/2023,39.99,42.44,39.83,42.14,13273860
27/12/2023,42.65,43.54,41.465,42.73,11965740
28/12/2023,42.3,42.795,41.675,42.68,6871611
29/12/2023,42.34,42.56,40.08,40.89,10966220
02/01/2024,39.98,40.67,38.28,38.79,12599890
03/01/2024,37.88,38.21,36.77,36.93,12665290
04/01/2024,36.865,37.68,36.25,37.05,9227006
05/01/2024,36.46,38.36,36.17,37.78,11228790
08/01/2024,37.51,39.292,37.13,38.98,12057140
09/01/2024,38.59,38.67,35.53,35.87,30384620
10/01/2024,36.08,38.8499,35.5001,37.13,23615410
11/01/2024,36.64,37.04,34.64,34.82,18972930
12/01/2024,34.48,35.5621,34.24,34.59,12920170
16/01/2024,33.79,34.3399,32.92,34.1,9985734
17/01/2024,33.13,33.35,32.21,32.98,11219560
18/01/2024,34.96,35.26,32.43,32.87,13400460
19/01/2024,33.14,33.3666,32.235,33.14,9835125
22/01/2024,34,35.5,33.68,34.22,10832600
23/01/2024,34.74,34.935,33.725,34.28,7477601
24/01/2024,34.95,35.148,33.02,33.03,8865343
25/01/2024,33.23,33.7299,32.71,32.88,7959925
26/01/2024,32.93,33.93,32.88,33.11,7738920
29/01/2024,33.07,34.7,32.8,34.6,7746617
30/01/2024,34.19,34.36,33.45,33.51,7438923
31/01/2024,33.04,34.1532,32.33,32.4,7454337
01/02/2024,32.51,32.81,31.4026,31.97,9303970
02/02/2024,31.48,32.9,30.92,32.84,7875464
05/02/2024,33.19,33.4299,31.23,31.46,9822726
06/02/2024,31.77,32.26,31.35,32.05,7069870
07/02/2024,32.32,32.88,31.68,32.52,5387347
08/02/2024,32.5,33.61,32.11,33.41,7402662
09/02/2024,33.86,34.4,33.48,33.82,7295790
12/02/2024,33.45,35.5599,33.34,34.1,15770120
13/02/2024,32.27,33.42,31.7,33.11,13439120
14/02/2024,33.63,35.2,33.57,34.91,8762087
15/02/2024,35.07,35.56,34.33,35.02,7256132
16/02/2024,34.3,34.9099,33.75,33.9,7772990
20/02/2024,33.27,33.27,31.63,32.02,8717884
21/02/2024,31.2,31.37,30.58,30.83,7504072
22/02/2024,31.54,31.83,30.85,31.02,8615118
23/02/2024,31.01,31.56,30.58,31.26,7642371
26/02/2024,31.57,33.43,31.2,33.04,27652490
27/02/2024,29.01,31.6799,27.73,31.02,46815870
28/02/2024,30.26,30.5,29.06,29.29,16454930
29/02/2024,29.41,29.99,28.89,29.32,11452250
01/03/2024,29.39,29.425,28.31,28.91,10525430
04/03/2024,28.51,28.67,26.87,27.01,14865190
05/03/2024,26.55,27,26.01,26.89,12571290
06/03/2024,27.3,27.34,26.29,27.06,10057950
07/03/2024,27.15,27.59,26.65,27.34,6515552
08/03/2024,27.63,28.12,26.985,27.06,7737403
11/03/2024,27.01,27.54,26.8,27.1,6792612
12/03/2024,27.02,27.07,25.58,25.98,16860720
13/03/2024,25.83,26.85,25.69,26.18,12049980
14/03/2024,25.98,26.09,25.385,26,9077437
15/03/2024,25.81,26.2,25.64,26.09,8946492
18/03/2024,26.07,26.3199,25.5,26.07,6650483
19/03/2024,25.8,26.06,25.13,26,6095404
20/03/2024,25.98,27.255,25.62,27.15,8877928
21/03/2024,27.61,28.475,27.48,27.57,9451013
22/03/2024,27.29,27.4353,26.95,26.99,5597343
25/03/2024,26.94,27.45,26.8709,27.2,4597779
26/03/2024,27.63,27.75,26.55,26.7,7642596
27/03/2024,27.05,27.215,25.12,26.99,11107580
28/03/2024,27.15,27.85,26.68,26.7,5777501
01/04/2024,26.7,26.9284,25.84,26.61,6277341
02/04/2024,25.9,26.27,25.49,26.25,7419778
03/04/2024,25.99,26.14,25.5601,25.76,5646737
04/04/2024,25.99,26.365,25.28,25.32,6205754
05/04/2024,25.12,25.6,24.89,25.36,5461686
08/04/2024,25.6,26.35,25.55,26.21,5341528
09/04/2024,26.56,27.13,26.33,27.08,5229663
10/04/2024,26.32,26.575,25.7301,25.92,6222581
11/04/2024,26.18,26.55,25.8,26.05,4366490
12/04/2024,25.84,25.85,25.2,25.31,7620735
15/04/2024,25.27,25.4,24.14,24.43,7311142
16/04/2024,24.09,24.205,23.47,23.94,6504893
17/04/2024,24.02,24.27,23.7,23.72,4150793
18/04/2024,23.59,23.93,23.33,23.43,4577974
19/04/2024,23.1,23.7,22.75,22.89,5779997
22/04/2024,22.98,23.1,22.3931,22.89,6220048
23/04/2024,22.91,23.6309,22.62,23.1,7039154
24/04/2024,23.36,23.69,23.0101,23.57,5558516
25/04/2024,22.8,23.37,22.66,23.32,5414689
26/04/2024,23.62,24.405,23.21,24.13,6675707
29/04/2024,24.42,25.06,24.37,24.99,6247931
30/04/2024,24.66,24.825,24.22,24.27,5481146
01/05/2024,24.18,25.32,24.02,24.55,5049492
02/05/2024,24.69,24.86,23.89,24.16,8487858
03/05/2024,24.89,25.115,24.395,24.74,5753162
06/05/2024,25.04,25.53,25,25.49,4918172
07/05/2024,25.39,25.59,25.2,25.32,4013786
08/05/2024,24.8,24.8,23.95,24.1,7643762
09/05/2024,23.75,24.52,23.58,24.16,16469950
10/05/2024,24,24.44,21.64,21.69,26497430
13/05/2024,21.89,23.075,21.6048,22.69,12250000
14/05/2024,23.07,24.15,23,23.03,10960220
15/05/2024,23.3,23.4,21.88,22.38,12469270
16/05/2024,22.47,22.53,22.04,22.09,8320936
17/05/2024,22.16,22.16,21.555,21.67,9350099
20/05/2024,21.7,21.7536,21.22,21.27,7439525
21/05/2024,21.13,21.13,20.505,20.56,9084038
22/05/2024,20.5,20.92,20.32,20.45,8191685
23/05/2024,20.36,20.37,19.465,19.6,11848990
24/05/2024,19.55,19.66,19.31,19.4,7451429
28/05/2024,19.39,19.58,18.91,19.08,13734550
29/05/2024,18.79,18.925,18.33,18.75,14711330
30/05/2024,18.69,18.69,18.13,18.22,11896090
31/05/2024,18.19,18.62,18.03,18.27,11822480
03/06/2024,18.49,18.53,17.84,18.03,8527113
04/06/2024,17.9,18.21,17.85,17.95,6237834
05/06/2024,18,18,17.56,17.63,8868514
06/06/2024,17.55,18.125,17.325,18.03,9422244
07/06/2024,17.76,17.82,17.19,17.27,9142809
10/06/2024,17.23,18,17.2,17.97,9728149
11/06/2024,17.86,17.91,17.3125,17.57,7330656
12/06/2024,18.07,18.56,17.82,17.91,8852803
13/06/2024,17.91,17.93,16.71,16.78,10573850
14/06/2024,16.75,16.75,16.165,16.4,9782611
17/06/2024,16.34,16.545,15.97,16.46,6343354
18/06/2024,16.32,16.58,16.05,16.08,5790334
20/06/2024,15.95,15.99,15.38,15.53,9030329
21/06/2024,15.41,16.045,15.23,15.97,8930177
24/06/2024,15.939,16.855,15.8,16.7,11408410
25/06/2024,16.7,16.7,15.9,16.02,8940438
26/06/2024,15.9,16.69,15.85,16.46,5490778
27/06/2024,16.41,16.765,16.24,16.54,5931193
28/06/2024,16.6,16.66,16.07,16.26,9040985
01/07/2024,16.27,16.35,15.755,15.81,5884618
02/07/2024,15.86,16.14,15.71,16.01,5116215
03/07/2024,16.08,16.1,15.72,15.73,3792007
05/07/2024,15.73,15.94,15.51,15.71,4405982
08/07/2024,15.8,16.5298,15.53,16.15,8722576
09/07/2024,16.04,16.19,15.155,15.52,9844547
10/07/2024,15.6,15.62,15.17,15.38,7037952
11/07/2024,15.81,17.1,15.73,16.52,18465430
12/07/2024,16.9,17.35,16.81,17.11,12134380
15/07/2024,17.37,17.52,16.56,16.93,8460556
16/07/2024,17,17.82,16.99,17.65,11652310
17/07/2024,17.39,18.33,17.39,18.09,13622900
18/07/2024,17.99,18.365,16.31,16.37,17032890
19/07/2024,16.18,16.42,15.87,16.21,8332439
22/07/2024,16.37,16.54,15.97,16.47,6176523
23/07/2024,16.36,17.105,16.36,16.92,6249174
24/07/2024,16.74,17.18,15.58,15.6,8909483
25/07/2024,15.5,16.69,15.4095,16.18,8194111
26/07/2024,16.51,16.78,16.24,16.61,7310530
29/07/2024,16.73,16.9263,16.305,16.35,4986965
30/07/2024,16.29,16.54,15.88,16.17,5927166
31/07/2024,16.31,17.07,16.14,16.36,8844521
01/08/2024,16.2,16.22,15.15,15.35,10200360
02/08/2024,14.76,15.38,14.48,15.32,12817100
05/08/2024,13.96,14.885,13.91,14.48,12415210
06/08/2024,14.7,14.71,14.1,14.25,8327786
07/08/2024,14.25,14.85,13.895,13.93,11881820
08/08/2024,14.03,14.565,13.94,14.36,18302590
09/08/2024,14.8,16.485,14.68,15.54,35526560
12/08/2024,15.58,15.66,14.89,15.21,16479230
13/08/2024,15.45,16.63,15.21,16.25,13342230
14/08/2024,16.16,16.34,15.62,15.82,9639657
15/08/2024,16.11,16.43,15.93,16.32,8027966
16/08/2024,16.15,16.54,16.12,16.51,6101928
19/08/2024,16.67,16.79,16.38,16.72,8027959
20/08/2024,16.68,17.3498,16.66,17.02,7778515
21/08/2024,17.12,17.37,16.86,17.3,6810917
22/08/2024,17.34,17.56,16.81,16.87,7615184
23/08/2024,17.06,17.93,16.97,17.88,9185363
26/08/2024,18,18.06,17.33,17.72,7119931
27/08/2024,17.56,17.65,17.0701,17.26,4364220
28/08/2024,17.18,17.18,16.135,16.46,7657070
29/08/2024,16.7,17.315,16.57,16.67,6552883
30/08/2024,16.85,16.99,15.99,16.37,21249390
03/09/2024,17.86,18.17,16.62,16.7,22534190
04/09/2024,16.51,16.845,15.8,15.94,12058830
05/09/2024,15.89,17.11,15.81,17.09,13528060
06/09/2024,17.46,17.59,15.685,15.86,14249140
09/09/2024,16.12,17.3,16.12,17.17,13968870
10/09/2024,17.31,17.54,16.48,16.75,14942160
11/09/2024,16.71,17.27,16.23,17.22,11962460
12/09/2024,17.23,19.545,16.72,18.91,34076030
13/09/2024,19.59,20.7099,19.39,19.91,26617950
16/09/2024,19.85,21.07,19.23,20.3,22514080
17/09/2024,20.48,20.76,20.0223,20.63,12709120
18/09/2024,20.58,21,19.9107,20.22,13302740
19/09/2024,21.1,21.17,20.13,20.29,13781600
20/09/2024,20.11,21.18,19.82,20.81,19519350
23/09/2024,21.03,21.66,20.36,21.37,17478190
24/09/2024,21.67,23.33,21.2,23.19,29472450
25/09/2024,22.88,23.15,21.12,21.89,28236010
26/09/2024,22.59,22.88,21.94,22.34,14815060
27/09/2024,22.58,23.295,22.27,22.59,11482430
30/09/2024,22.29,23.4,22.1,22.62,13079810
01/10/2024,22.65,22.79,21.2029,21.59,11255760
02/10/2024,21.38,21.94,20.84,21.04,12474440
03/10/2024,20.8,21.2481,20.01,20.69,12402190
04/10/2024,21.13,22.0999,20.86,21.84,11545100
07/10/2024,21.65,21.92,20.785,21.2,9072919
08/10/2024,20.96,21.62,20.88,21.19,5673471
09/10/2024,21.07,21.89,21.07,21.09,6439450
10/10/2024,20.83,21.28,20.57,20.88,6187107
11/10/2024,20.82,22.2,20.56,21.62,8506009
14/10/2024,21.45,21.94,21.23,21.91,7985180
15/10/2024,21.99,22.85,21.67,21.95,10767200
16/10/2024,22.24,22.49,21.6101,21.79,6821584
17/10/2024,21.67,21.79,20.82,21.27,7053490
18/10/2024,21.5,22.14,21.3,22.11,7030137
21/10/2024,21.83,22.53,21.5,21.87,6273235
22/10/2024,21.61,21.78,21.1,21.21,6697572
23/10/2024,21.1,21.27,20.14,20.25,7046875
24/10/2024,20.6,20.97,20.34,20.41,7172989
25/10/2024,20.5,20.54,19.455,19.72,14852630
28/10/2024,20.01,20.6,19.84,20.52,7855049
29/10/2024,20.09,20.85,19.96,20.73,7604418
30/10/2024,20.59,21.32,20.44,20.7,5057458
31/10/2024,20.63,20.9,20.06,20.08,4407305
01/11/2024,20.18,21.155,20,20.83,7419613
04/11/2024,20.54,20.75,19.88,20.31,4862842
05/11/2024,20.5,21.67,20.435,21.62,6824117
06/11/2024,22.04,22.5,21.49,21.67,10584460
07/11/2024,22.49,22.695,21.76,22.21,16528700
08/11/2024,22.29,23.09,20.1,20.5,24571430
11/11/2024,20.5,20.51,19.72,20.2,16543970
12/11/2024,19.98,20.23,19.21,19.22,10158520
13/11/2024,19.01,19.78,18.85,19.13,10664520
14/11/2024,19.24,19.43,18.8,18.84,7284863
15/11/2024,18.5,18.65,17.29,17.34,17410000
18/11/2024,17.32,18.01,17.31,17.99,10161030
19/11/2024,17.57,19.82,17.57,19.8,15289110
20/11/2024,19.96,22.5474,19.93,21.63,24993810
21/11/2024,21.71,22.8,21.58,22.46,15567430
22/11/2024,22.42,24.0275,22.04,23.53,17355530
25/11/2024,24.56,24.85,23.67,24.02,17090250
26/11/2024,23.31,23.77,22.79,23.36,10878660
27/11/2024,23.75,23.89,22.93,23.47,6186273
29/11/2024,23.51,24.8,23.51,24.11,7475559
02/12/2024,23.79,24.49,23.31,24.25,10053180
03/12/2024,23.77,24.65,23.73,24.45,7103091
04/12/2024,24.76,27.24,24.76,26.34,17759940
05/12/2024,26.415,28.505,25.94,27.63,26740160
06/12/2024,28.02,28.67,26.92,27.72,16229830
09/12/2024,27.97,28.365,27.065,27.38,14278200
10/12/2024,27.04,27.84,26.0637,26.4,11002150
11/12/2024,26.7,27.42,26.07,26.55,8187297
12/12/2024,26.11,26.845,25.5,26.12,6591508
13/12/2024,26,26.22,24.26,24.44,11376720
16/12/2024,24.45,25.65,24.26,25.16,10141240
17/12/2024,24.79,24.95,23.89,24.66,8064762
18/12/2024,24.67,24.88,22.16,22.34,9026156
19/12/2024,22.5,23.24,21.855,22.26,8688817
20/12/2024,21.83,23.11,21.69,22.51,12687980
23/12/2024,22.42,22.5,21.91,22.36,5809205
24/12/2024,22.25,23.0306,21.985,22.8,3786430
26/12/2024,22.69,24.3854,22.5901,24.17,9793930
27/12/2024,24.05,24.3716,22.7,22.84,7470972
30/12/2024,22.56,22.88,21.57,22.51,6670311
31/12/2024,22.73,22.94,22.25,22.47,7438443
02/01/2025,25.18,26.08,23.36,24.51,33318820
03/01/2025,24.45,24.9993,23.42,24.09,14011630
06/01/2025,24.55,25.8,24.535,24.94,10047610
07/01/2025,25.08,25.2,22.96,23.08,8764972
08/01/2025,22.57,23.54,22.16,22.95,8487331
10/01/2025,22.31,22.3376,20.89,20.9,9209145
13/01/2025,20.61,21.87,20.424,21.7,10615790
14/01/2025,21.89,22.55,21.84,21.96,7355228
15/01/2025,22.82,23.54,21.88,22.04,9447072
16/01/2025,21.91,22.14,21.38,21.75,6204896
17/01/2025,22.36,22.64,21.53,21.77,7608899
21/01/2025,21.87,22.7,21.34,22.18,7046446
22/01/2025,22.68,23.18,22.34,23.06,6946350
23/01/2025,23.1,23.795,22.8001,23.13,7628435
24/01/2025,23.22,23.58,22.24,22.32,9530500
27/01/2025,21.65,22.3,21.26,21.75,5505925
28/01/2025,22.07,23.49,21.58,23.25,9242685
29/01/2025,23.12,23.23,22.5001,22.94,4578267
30/01/2025,23.02,23.2304,22.47,23.01,4609692
31/01/2025,23.47,23.78,21.9613,22.2,7883726
03/02/2025,21.055,21.88,20.78,21.39,6001662
04/02/2025,21.78,22.07,21.37,21.47,4197290
05/02/2025,21.36,21.5397,20.93,21.11,5867278
06/02/2025,20.98,21.8,20.9101,21.19,7979079
07/02/2025,21.2,21.7411,20.95,21.04,5717244
10/02/2025,21.34,21.75,20.26,20.4,9635297
11/02/2025,20.01,20.165,19.44,19.5,10622910
12/02/2025,19.22,19.53,19.0598,19.44,7401298
13/02/2025,20.63,21.11,19.942,20.74,14695390
14/02/2025,21.15,21.58,20.96,21.51,9453987
18/02/2025,21.7,22.05,21.24,21.82,11232170
19/02/2025,21.63,22.19,21,21.47,14323120
20/02/2025,24.68,28.01,24.49,28,64160010
21/02/2025,29.33,30.88,27.82,28.34,39844480
24/02/2025,27,28.1,26.32,27.28,28932460
25/02/2025,26.95,27.12,24.21,25.65,28402690
26/02/2025,25.99,27.63,25.95,26.51,14550790
27/02/2025,26.455,26.73,25.1,26.17,16923040
28/02/2025,25.5,26.57,25.091,25.64,13747420
03/03/2025,25.39,25.49,23.53,23.7,12122310
04/03/2025,23.26,25.345,22.66,24.72,14972640
05/03/2025,24.52,25.52,24.26,25.4,8323048
06/03/2025,24.76,25.13,22.88,23.16,9726762
07/03/2025,23,24.4096,22.33,24.19,13832400
10/03/2025,22.76,23,20.762,21.51,16327320
11/03/2025,22.03,22.09,20.785,20.97,14283050
12/03/2025,21.65,22.27,21.32,21.51,10816740
13/03/2025,21.04,21.59,20.01,20.48,8419804
14/03/2025,20.97,21.33,20.695,20.77,7249748
17/03/2025,20.7,21.92,20.61,21.46,6564583
18/03/2025,21.165,21.35,20.76,21.15,6850826
19/03/2025,21.27,21.94,21.1111,21.56,5738029
20/03/2025,21.19,21.78,20.908,21.03,4711419
21/03/2025,20.59,21.59,20.57,21.55,7853278
24/03/2025,22.21,22.88,22.21,22.73,6905711
25/03/2025,22.82,23.66,22.76,22.89,6404137
26/03/2025,22.51,22.6959,21.7,22.07,6444804
27/03/2025,21.79,22,21.12,21.58,7282005
28/03/2025,21.33,21.7,20.105,20.54,11066390
31/03/2025,19.82,19.85,18.89,19.59,9132518
01/04/2025,19.8,20.42,19.365,20.19,6629647
02/04/2025,19.73,21.155,19.7,20.91,6540097
03/04/2025,19.26,19.48,17.72,18.19,12661170
04/04/2025,17.3,17.62,16.115,16.92,13056520
07/04/2025,16,18.27,15.33,17.25,18499990
08/04/2025,18.12,18.29,16.38,16.75,12877870
09/04/2025,16.77,20.3667,16.685,19.99,13040810
10/04/2025,19.09,19.27,17.97,19.08,9186808
11/04/2025,18.9,19.26,18.26,19.23,5940805
14/04/2025,19.72,19.92,18.12,18.16,9912301
15/04/2025,18.17,18.8699,18.17,18.82,6044571
16/04/2025,18.43,19.105,18.3,18.89,6031888
17/04/2025,19.26,19.285,18.85,19.23,4584188
21/04/2025,18.8,19.6768,18.78,19.25,6134646
22/04/2025,19.64,20.5,19.64,20.17,7381196
23/04/2025,21.09,22.0812,20.795,20.95,7996589
24/04/2025,21.15,22.37,21.02,22.31,8313410
25/04/2025,22.25,22.695,21.96,22.45,6382566
28/04/2025,22.48,22.69,21.75,22.12,5187098
